D,NN_E_s0.05,Num_E_s0.05,NN_E_s0.10,Num_E_s0.10,NN_E_s0.15,Num_E_s0.15,NN_E_s0.20,Num_E_s0.20,NN_E_s0.25,Num_E_s0.25
2.00000000e-02,3.58621216e+01,3.45050169e+01,4.52663765e+01,4.49376869e+01,5.04569893e+01,5.06188799e+01,5.40068893e+01,5.47620854e+01,5.66890755e+01,5.74723361e+01
4.00000000e-02,3.04116631e+01,2.82832905e+01,3.83618317e+01,3.66610331e+01,4.27371674e+01,4.11736598e+01,4.57236328e+01,4.44431360e+01,4.79763527e+01,4.65721792e+01
6.00000000e-02,2.64997978e+01,2.48612163e+01,3.34457664e+01,3.21169307e+01,3.72583427e+01,3.59939539e+01,3.98555412e+01,3.87893547e+01,4.18118515e+01,4.06035915e+01
8.00000000e-02,2.36572552e+01,2.24887968e+01,2.98724213e+01,2.89720546e+01,3.32742691e+01,3.24131093e+01,3.55870819e+01,3.48840949e+01,3.73267479e+01,3.64832644e+01
1.00000000e-01,2.14897308e+01,2.06760345e+01,2.71420765e+01,2.65730796e+01,3.02269402e+01,2.96844733e+01,3.23200607e+01,3.19107096e+01,3.38921700e+01,3.33478891e+01
1.20000000e-01,1.97683372e+01,1.92129321e+01,2.49686260e+01,2.46400136e+01,2.77985878e+01,2.74880593e+01,2.97151985e+01,2.95192182e+01,3.11525459e+01,3.08274899e+01
1.40000000e-01,1.83569927e+01,1.79894919e+01,2.31831703e+01,2.30261981e+01,2.58020802e+01,2.56562620e+01,2.75723820e+01,2.75263068e+01,2.88982010e+01,2.87282815e+01
1.60000000e-01,1.71706715e+01,1.69407166e+01,2.16800900e+01,2.16449742e+01,2.41202393e+01,2.40900472e+01,2.57667713e+01,2.58236611e+01,2.69981651e+01,2.69357637e+01
1.80000000e-01,1.61538372e+01,1.60249418e+01,2.03902035e+01,2.04407941e+01,2.26762924e+01,2.27259359e+01,2.42162476e+01,2.43418556e+01,2.53664341e+01,2.53765473e+01
2.00000000e-01,1.52684088e+01,1.52138368e+01,1.92659817e+01,1.93758878e+01,2.14175587e+01,2.15207667e+01,2.28643665e+01,2.30336866e+01,2.39437065e+01,2.40007349e+01
2.20000000e-01,1.44873686e+01,1.44872524e+01,1.82738152e+01,1.84233943e+01,2.03065052e+01,2.04438456e+01,2.16711292e+01,2.18655868e+01,2.26878738e+01,2.27728443e+01
2.40000000e-01,1.37911301e+01,1.38303425e+01,1.73889389e+01,1.75635232e+01,1.93155251e+01,1.94725590e+01,2.06068211e+01,2.08128268e+01,2.15678024e+01,2.16667365e+01
2.60000000e-01,1.31647472e+01,1.32318508e+01,1.65927830e+01,1.67812703e+01,1.84239273e+01,1.85897635e+01,1.96492958e+01,1.98566601e+01,2.05601807e+01,2.06625969e+01
2.80000000e-01,1.25970154e+01,1.26830383e+01,1.58710098e+01,1.60649881e+01,1.76156616e+01,1.77821515e+01,1.87813072e+01,1.89825355e+01,1.96468658e+01,1.97450463e+01
3.00000000e-01,1.20789852e+01,1.21769844e+01,1.52123442e+01,1.54054530e+01,1.68780880e+01,1.70391860e+01,1.79893990e+01,1.81789323e+01,1.88136368e+01,1.89019085e+01
3.20000000e-01,1.16034966e+01,1.17081143e+01,1.46078463e+01,1.47952366e+01,1.62012634e+01,1.63523811e+01,1.72627506e+01,1.74365727e+01,1.80491581e+01,1.81233789e+01
3.40000000e-01,1.11648989e+01,1.12718716e+01,1.40502119e+01,1.42282674e+01,1.55769863e+01,1.57148020e+01,1.65925293e+01,1.67478757e+01,1.73441448e+01,1.74014462e+01
3.60000000e-01,1.07585230e+01,1.08644840e+01,1.35334740e+01,1.36995200e+01,1.49985676e+01,1.51207090e+01,1.59716778e+01,1.61065672e+01,1.66910877e+01,1.67294809e+01
3.80000000e-01,1.03803749e+01,1.04827933e+01,1.30527525e+01,1.32047874e+01,1.44604664e+01,1.45652978e+01,1.53940983e+01,1.55073963e+01,1.60836487e+01,1.61019349e+01
4.00000000e-01,1.00272627e+01,1.01241288e+01,1.26038036e+01,1.27405127e+01,1.39579859e+01,1.40445072e+01,1.48548918e+01,1.49459246e+01,1.55165453e+01,1.55141189e+01
4.20000000e-01,9.69643021e+00,9.78621202e+00,1.21831646e+01,1.23036618e+01,1.34872446e+01,1.35548732e+01,1.43497276e+01,1.44183669e+01,1.49853907e+01,1.49620344e+01
4.40000000e-01,9.38552761e+00,9.46708342e+00,1.17877989e+01,1.18916259e+01,1.30448380e+01,1.30934179e+01,1.38750582e+01,1.39214695e+01,1.44863119e+01,1.44422443e+01
4.60000000e-01,9.09248066e+00,9.16504553e+00,1.14151936e+01,1.15021455e+01,1.26279335e+01,1.26575624e+01,1.34277525e+01,1.34524153e+01,1.40160522e+01,1.39517734e+01
4.80000000e-01,8.81564331e+00,8.87861828e+00,1.10631161e+01,1.11332509e+01,1.22340097e+01,1.22450591e+01,1.30051947e+01,1.30087492e+01,1.35718231e+01,1.34880289e+01
5.00000000e-01,8.55344391e+00,8.60650337e+00,1.07296343e+01,1.07832149e+01,1.18609276e+01,1.18539373e+01,1.26050310e+01,1.25883190e+01,1.31512375e+01,1.30487381e+01
5.20000000e-01,8.30455208e+00,8.34755572e+00,1.04130688e+01,1.04505143e+01,1.15068092e+01,1.14824597e+01,1.22252274e+01,1.21892277e+01,1.27520275e+01,1.26318980e+01
5.40000000e-01,8.06785393e+00,8.10076031e+00,1.01119375e+01,1.01337993e+01,1.11699791e+01,1.11290868e+01,1.18640213e+01,1.18097947e+01,1.23724670e+01,1.22357346e+01
5.60000000e-01,7.84231329e+00,7.86521318e+00,9.82497501e+00,9.83186830e+00,1.08490114e+01,1.07924484e+01,1.15198431e+01,1.14485245e+01,1.20108156e+01,1.18586692e+01
5.80000000e-01,7.62700415e+00,7.64010587e+00,9.55099106e+00,9.54364679e+00,1.05426197e+01,1.04713199e+01,1.11913462e+01,1.11040803e+01,1.16656713e+01,1.14992910e+01
6.00000000e-01,7.42113686e+00,7.42471239e+00,9.28899670e+00,9.26817028e+00,1.02496691e+01,1.01646018e+01,1.08772936e+01,1.07752628e+01,1.13357515e+01,1.11563344e+01
6.20000000e-01,7.22399569e+00,7.21837844e+00,9.03809643e+00,9.00456975e+00,9.96910763e+00,9.87130406e+00,1.05765667e+01,1.04609919e+01,1.10198689e+01,1.08286599e+01
6.40000000e-01,7.03494453e+00,7.02051226e+00,8.79743958e+00,8.75205957e+00,9.70006466e+00,9.59053176e+00,1.02882204e+01,1.01602916e+01,1.07170458e+01,1.05152377e+01
6.60000000e-01,6.85340929e+00,6.83057692e+00,8.56633282e+00,8.50992713e+00,9.44173622e+00,9.32147337e+00,1.00113869e+01,9.87227693e+00,1.04263363e+01,1.02151346e+01
6.80000000e-01,6.67886400e+00,6.64808376e+00,8.34409904e+00,8.27752416e+00,9.19333649e+00,9.06339086e+00,9.74526787e+00,9.59614348e+00,1.01469421e+01,9.92750213e+00
7.00000000e-01,6.51084423e+00,6.47258684e+00,8.13015747e+00,8.05425926e+00,8.95427704e+00,8.81561107e+00,9.48919106e+00,9.33115756e+00,9.87808037e+00,9.65156672e+00
7.20000000e-01,6.34893417e+00,6.30367801e+00,7.92399120e+00,7.83959141e+00,8.72391701e+00,8.57751847e+00,9.24247265e+00,9.07664849e+00,9.61915112e+00,9.38662135e+00
7.40000000e-01,6.19274473e+00,6.14098289e+00,7.72512674e+00,7.63302453e+00,8.50175667e+00,8.34854875e+00,9.00457382e+00,8.83200157e+00,9.36948776e+00,9.13201809e+00
7.60000000e-01,6.04194117e+00,5.98415715e+00,7.53310537e+00,7.43410260e+00,8.28728104e+00,8.12818336e+00,8.77494907e+00,8.59665208e+00,9.12859821e+00,8.88716185e+00
7.80000000e-01,5.89619303e+00,5.83288345e+00,7.34751129e+00,7.24240552e+00,8.08005810e+00,7.91594476e+00,8.55315018e+00,8.37008010e+00,8.89590836e+00,8.65150481e+00
8.00000000e-01,5.75523186e+00,5.68686870e+00,7.16803360e+00,7.05754544e+00,7.87969637e+00,7.71139221e+00,8.33871460e+00,8.15180592e+00,8.67101002e+00,8.42454163e+00
8.20000000e-01,5.61876392e+00,5.54584162e+00,6.99430895e+00,6.87916361e+00,7.68579769e+00,7.51411817e+00,8.13130188e+00,7.94138608e+00,8.45347023e+00,8.20580525e+00
8.40000000e-01,5.48657465e+00,5.40955068e+00,6.82603264e+00,6.70692752e+00,7.49804640e+00,7.32374503e+00,7.93046999e+00,7.73840980e+00,8.24294090e+00,7.99486312e+00
8.60000000e-01,5.35843563e+00,5.27776221e+00,6.66294384e+00,6.54052843e+00,7.31613350e+00,7.13992234e+00,7.73594522e+00,7.54249597e+00,8.03905678e+00,7.79131398e+00
8.80000000e-01,5.23413563e+00,5.15025877e+00,6.50478983e+00,6.37967922e+00,7.13974810e+00,6.96232425e+00,7.54739046e+00,7.35329033e+00,7.84145355e+00,7.59478496e+00
9.00000000e-01,5.11350584e+00,5.02683766e+00,6.35131025e+00,6.22411237e+00,6.96867132e+00,6.79064732e+00,7.36455107e+00,7.17046306e+00,7.64988518e+00,7.40492898e+00
9.20000000e-01,4.99635744e+00,4.90730968e+00,6.20232487e+00,6.07357830e+00,6.80264759e+00,6.62460852e+00,7.18715620e+00,6.99370667e+00,7.46406412e+00,7.22142248e+00
9.40000000e-01,4.88252592e+00,4.79149790e+00,6.05759382e+00,5.92784376e+00,6.64143085e+00,6.46394348e+00,7.01494598e+00,6.82273397e+00,7.28375196e+00,7.04396338e+00
9.60000000e-01,4.77187395e+00,4.67923667e+00,5.91696215e+00,5.78669050e+00,6.48482943e+00,6.30840490e+00,6.84771919e+00,6.65727642e+00,7.10868216e+00,6.87226927e+00
9.80000000e-01,4.66426849e+00,4.57037066e+00,5.78024101e+00,5.64991399e+00,6.33264589e+00,6.15776113e+00,6.68526506e+00,6.49708258e+00,6.93864107e+00,6.70607573e+00
1.00000000e+00,4.55958748e+00,4.46475406e+00,5.64729166e+00,5.51732233e+00,6.18469667e+00,6.01179489e+00,6.52739668e+00,6.34191666e+00,6.77346134e+00,6.54513491e+00
1.02000000e+00,4.45769167e+00,4.36224978e+00,5.51793528e+00,5.38873523e+00,6.04083252e+00,5.87030217e+00,6.37392187e+00,6.19155732e+00,6.61290216e+00,6.38921417e+00
1.04000000e+00,4.35847998e+00,4.26272880e+00,5.39205885e+00,5.26398311e+00,5.90088511e+00,5.73309111e+00,6.22467995e+00,6.04579651e+00,6.45681286e+00,6.23809490e+00
1.06000000e+00,4.26185465e+00,4.16606955e+00,5.26949549e+00,5.14290627e+00,5.76470518e+00,5.59998115e+00,6.07950211e+00,5.90443848e+00,6.30504370e+00,6.09157145e+00
1.08000000e+00,4.16770458e+00,4.07215734e+00,5.15016794e+00,5.02535417e+00,5.63217068e+00,5.47080212e+00,5.93824863e+00,5.76729879e+00,6.15739822e+00,5.94945012e+00
1.10000000e+00,4.07595634e+00,3.98088387e+00,5.03394079e+00,4.91118474e+00,5.50311565e+00,5.34539349e+00,5.80078030e+00,5.63420354e+00,6.01375580e+00,5.81154828e+00
1.12000000e+00,3.98651886e+00,3.89214675e+00,4.92070007e+00,4.80026374e+00,5.37747145e+00,5.22360370e+00,5.66697502e+00,5.50498856e+00,5.87398815e+00,5.67769358e+00
1.14000000e+00,3.89931250e+00,3.80584909e+00,4.81036472e+00,4.69246426e+00,5.25508451e+00,5.10528945e+00,5.53669596e+00,5.37949872e+00,5.73791122e+00,5.54772320e+00
1.16000000e+00,3.81426144e+00,3.72189914e+00,4.70280838e+00,4.58766615e+00,5.13586044e+00,4.99031519e+00,5.40982819e+00,5.25758730e+00,5.60546923e+00,5.42148318e+00
1.18000000e+00,3.73128915e+00,3.64020988e+00,4.59797001e+00,4.48575559e+00,5.01969528e+00,4.87855253e+00,5.28625393e+00,5.13911538e+00,5.47649574e+00,5.29882779e+00
1.20000000e+00,3.65033221e+00,3.56069876e+00,4.49574995e+00,4.38662464e+00,4.90649652e+00,4.76987978e+00,5.16589880e+00,5.02395137e+00,5.35090065e+00,5.17961898e+00
1.22000000e+00,3.57133746e+00,3.48328736e+00,4.39607573e+00,4.29017085e+00,4.79616880e+00,4.66418152e+00,5.04862070e+00,4.91197045e+00,5.22856236e+00,5.06372587e+00
1.24000000e+00,3.49423480e+00,3.40790115e+00,4.29885387e+00,4.19629693e+00,4.68860769e+00,4.56134814e+00,4.93434620e+00,4.80305415e+00,5.10940599e+00,4.95102428e+00
1.26000000e+00,3.41896009e+00,3.33446922e+00,4.20402336e+00,4.10491038e+00,4.58375883e+00,4.46127550e+00,4.82298088e+00,4.69708997e+00,4.99331331e+00,4.84139625e+00
1.28000000e+00,3.34547567e+00,3.26292408e+00,4.11151838e+00,4.01592319e+00,4.48153019e+00,4.36386456e+00,4.71444511e+00,4.59397092e+00,4.88020229e+00,4.73472971e+00
1.30000000e+00,3.27372313e+00,3.19320139e+00,4.02127361e+00,3.92925157e+00,4.38184166e+00,4.26902109e+00,4.60864496e+00,4.49359526e+00,4.76997709e+00,4.63091804e+00
1.32000000e+00,3.20364380e+00,3.12523985e+00,3.93319488e+00,3.84481571e+00,4.28462744e+00,4.17665534e+00,4.50551510e+00,4.39586612e+00,4.66254950e+00,4.52985978e+00
1.34000000e+00,3.13520002e+00,3.05898093e+00,3.84724951e+00,3.76253949e+00,4.18979883e+00,4.08668176e+00,4.40495396e+00,4.30069119e+00,4.55784416e+00,4.43145828e+00
1.36000000e+00,3.06834650e+00,2.99436876e+00,3.76337171e+00,3.68235030e+00,4.09731340e+00,3.99901879e+00,4.30691385e+00,4.20798251e+00,4.45578957e+00,4.33562143e+00
1.38000000e+00,3.00304341e+00,2.93134996e+00,3.68151259e+00,3.60417880e+00,4.00708723e+00,3.91358860e+00,4.21130705e+00,4.11765615e+00,4.35629606e+00,4.24226138e+00
1.40000000e+00,2.93924260e+00,2.86987350e+00,3.60159922e+00,3.52795877e+00,3.91907716e+00,3.83031684e+00,4.11808729e+00,4.02963198e+00,4.25930500e+00,4.15129430e+00
1.42000000e+00,2.87690592e+00,2.80989055e+00,3.52359462e+00,3.45362688e+00,3.83319616e+00,3.74913249e+00,4.02715588e+00,3.94383348e+00,4.16473722e+00,4.06264012e+00
1.44000000e+00,2.81599259e+00,2.75135437e+00,3.44744873e+00,3.38112258e+00,3.74941659e+00,3.66996766e+00,3.93847799e+00,3.86018751e+00,4.07252693e+00,3.97622234e+00
1.46000000e+00,2.75647044e+00,2.69422020e+00,3.37310004e+00,3.31038790e+00,3.66766071e+00,3.59275739e+00,3.85196900e+00,3.77862414e+00,3.98261905e+00,3.89196782e+00
1.48000000e+00,2.69830513e+00,2.63844514e+00,3.30050993e+00,3.24136734e+00,3.58788419e+00,3.51743949e+00,3.76760721e+00,3.69907643e+00,3.89493823e+00,3.80980660e+00
1.50000000e+00,2.64146256e+00,2.58398803e+00,3.22963214e+00,3.17400771e+00,3.51002979e+00,3.44395442e+00,3.68528843e+00,3.62148032e+00,3.80943108e+00,3.72967169e+00
1.52000000e+00,2.58589840e+00,2.53080942e+00,3.16042948e+00,3.10825803e+00,3.43405318e+00,3.37224512e+00,3.60498428e+00,3.54577442e+00,3.72601676e+00,3.65149896e+00
1.54000000e+00,2.53159356e+00,2.47887141e+00,3.09283996e+00,3.04406938e+00,3.35988927e+00,3.30225688e+00,3.52664614e+00,3.47189992e+00,3.64468122e+00,3.57522695e+00
1.56000000e+00,2.47851419e+00,2.42813760e+00,3.02684712e+00,2.98139484e+00,3.28751945e+00,3.23393722e+00,3.45020890e+00,3.39980041e+00,3.56533694e+00,3.50079675e+00
1.58000000e+00,2.42662573e+00,2.37857303e+00,2.96238756e+00,2.92018933e+00,3.21686721e+00,3.16723578e+00,3.37562060e+00,3.32942177e+00,3.48793793e+00,3.42815183e+00
1.60000000e+00,2.37590766e+00,2.33014407e+00,2.89944243e+00,2.86040957e+00,3.14791083e+00,3.10210421e+00,3.30284476e+00,3.26071206e+00,3.41243267e+00,3.35723797e+00
1.62000000e+00,2.32632613e+00,2.28281839e+00,2.83796000e+00,2.80201395e+00,3.08058548e+00,3.03849603e+00,3.23182201e+00,3.19362140e+00,3.33876419e+00,3.28800310e+00
1.64000000e+00,2.27784991e+00,2.23656486e+00,2.77791142e+00,2.74496246e+00,3.01486683e+00,2.97636662e+00,3.16251898e+00,3.12810186e+00,3.26689196e+00,3.22039720e+00
1.66000000e+00,2.23046136e+00,2.19135354e+00,2.71925282e+00,2.68921662e+00,2.95071483e+00,2.91567303e+00,3.09487605e+00,3.06410738e+00,3.19676971e+00,3.15437221e+00
1.68000000e+00,2.18412066e+00,2.14715555e+00,2.66195774e+00,2.63473938e+00,2.88806820e+00,2.85637397e+00,3.02886033e+00,3.00159367e+00,3.12833881e+00,3.08988192e+00
1.70000000e+00,2.13882184e+00,2.10394309e+00,2.60598612e+00,2.58149509e+00,2.82690978e+00,2.79842970e+00,2.96442556e+00,2.94051810e+00,3.06156683e+00,3.02688188e+00
1.72000000e+00,2.09452724e+00,2.06168936e+00,2.55131221e+00,2.52944940e+00,2.76719379e+00,2.74180195e+00,2.90152407e+00,2.88083966e+00,2.99641371e+00,2.96532934e+00
1.74000000e+00,2.05121589e+00,2.02036851e+00,2.49790049e+00,2.47856920e+00,2.70888066e+00,2.68645387e+00,2.84012699e+00,2.82251886e+00,2.93281484e+00,2.90518311e+00
1.76000000e+00,2.00887156e+00,1.97995560e+00,2.44571710e+00,2.42882260e+00,2.65193319e+00,2.63234995e+00,2.78019094e+00,2.76551766e+00,2.87075257e+00,2.84640356e+00
1.78000000e+00,1.96745467e+00,1.94042656e+00,2.39473462e+00,2.38017881e+00,2.59632254e+00,2.57945597e+00,2.72167611e+00,2.70979940e+00,2.81016636e+00,2.78895248e+00
1.80000000e+00,1.92696095e+00,1.90175814e+00,2.34491944e+00,2.33260815e+00,2.54201889e+00,2.52773890e+00,2.66454840e+00,2.65532874e+00,2.75103498e+00,2.73279307e+00
1.82000000e+00,1.88735878e+00,1.86392790e+00,2.29624510e+00,2.28608198e+00,2.48897839e+00,2.47716691e+00,2.60876799e+00,2.60207162e+00,2.69330978e+00,2.67788983e+00
1.84000000e+00,1.84863234e+00,1.82691415e+00,2.24868345e+00,2.24057263e+00,2.43717146e+00,2.42770927e+00,2.55429769e+00,2.54999516e+00,2.63695121e+00,2.62420853e+00
1.86000000e+00,1.81075907e+00,1.79069592e+00,2.20220947e+00,2.19605338e+00,2.38657427e+00,2.37933632e+00,2.50111055e+00,2.49906763e+00,2.58193564e+00,2.57171614e+00
1.88000000e+00,1.77371764e+00,1.75525295e+00,2.15679336e+00,2.15249842e+00,2.33714509e+00,2.33201941e+00,2.44917488e+00,2.44925841e+00,2.52821469e+00,2.52038078e+00
1.90000000e+00,1.73749077e+00,1.72056562e+00,2.11240864e+00,2.10988281e+00,2.28886294e+00,2.28573086e+00,2.39845204e+00,2.40053791e+00,2.47576094e+00,2.47017166e+00
1.92000000e+00,1.70206046e+00,1.68661496e+00,2.06903195e+00,2.06818244e+00,2.24168873e+00,2.24044393e+00,2.34890819e+00,2.35287757e+00,2.42453957e+00,2.42105906e+00
1.94000000e+00,1.66740382e+00,1.65338261e+00,2.02664018e+00,2.02737396e+00,2.19560790e+00,2.19613277e+00,2.30051494e+00,2.30624978e+00,2.37451339e+00,2.37301425e+00
1.96000000e+00,1.63350987e+00,1.62085079e+00,1.98520303e+00,1.98743483e+00,2.15057778e+00,2.15277237e+00,2.25324416e+00,2.26062783e+00,2.32566214e+00,2.32600947e+00
1.98000000e+00,1.60035515e+00,1.58900229e+00,1.94469583e+00,1.94834320e+00,2.10658073e+00,2.11033856e+00,2.20706773e+00,2.21598591e+00,2.27794647e+00,2.28001788e+00
2.00000000e+00,1.56792128e+00,1.55782041e+00,1.90510559e+00,1.91007793e+00,2.06359005e+00,2.06880793e+00,2.16196084e+00,2.17229907e+00,2.23133945e+00,2.23501351e+00
2.02000000e+00,1.53619719e+00,1.52728901e+00,1.86640728e+00,1.87261856e+00,2.02157712e+00,2.02815784e+00,2.11788344e+00,2.12954313e+00,2.18580794e+00,2.19097126e+00
2.04000000e+00,1.50516009e+00,1.49739239e+00,1.82857442e+00,1.83594526e+00,1.98052406e+00,1.98836636e+00,2.07482386e+00,2.08769471e+00,2.14132643e+00,2.14786683e+00
2.06000000e+00,1.47479928e+00,1.46811538e+00,1.79158211e+00,1.80003881e+00,1.94039154e+00,1.94941225e+00,2.03274012e+00,2.04673117e+00,2.09786749e+00,2.10567668e+00
2.08000000e+00,1.44509625e+00,1.43944323e+00,1.75541472e+00,1.76488061e+00,1.90117311e+00,1.91127493e+00,1.99162138e+00,2.00663060e+00,2.05540371e+00,2.06437805e+00
2.10000000e+00,1.41603708e+00,1.41136164e+00,1.72005451e+00,1.73045259e+00,1.86283207e+00,1.87393448e+00,1.95143688e+00,1.96737173e+00,2.01391363e+00,2.02394887e+00
2.12000000e+00,1.38760471e+00,1.38385674e+00,1.68547344e+00,1.69673726e+00,1.82536066e+00,1.83737156e+00,1.91215742e+00,1.92893401e+00,1.97336257e+00,1.98436777e+00
2.14000000e+00,1.35978854e+00,1.35691506e+00,1.65166807e+00,1.66371764e+00,1.78872049e+00,1.80156745e+00,1.87376535e+00,1.89129746e+00,1.93373275e+00,1.94561403e+00
2.16000000e+00,1.33256912e+00,1.33052352e+00,1.61859667e+00,1.63137727e+00,1.75290024e+00,1.76650397e+00,1.83623624e+00,1.85444276e+00,1.89499962e+00,1.90766759e+00
2.18000000e+00,1.30593693e+00,1.30466942e+00,1.58625877e+00,1.59970015e+00,1.71787822e+00,1.73216349e+00,1.79954982e+00,1.81835114e+00,1.85714030e+00,1.87050896e+00
2.20000000e+00,1.27987278e+00,1.27934042e+00,1.55462861e+00,1.56867076e+00,1.68363321e+00,1.69852891e+00,1.76368058e+00,1.78300442e+00,1.82012570e+00,1.83411928e+00
2.22000000e+00,1.25436985e+00,1.25452453e+00,1.52369308e+00,1.53827406e+00,1.65014517e+00,1.66558364e+00,1.72860694e+00,1.74838493e+00,1.78394222e+00,1.79848022e+00
2.24000000e+00,1.22940946e+00,1.23021010e+00,1.49342906e+00,1.50849539e+00,1.61739421e+00,1.63331155e+00,1.69431531e+00,1.71447554e+00,1.74855793e+00,1.76357402e+00
2.26000000e+00,1.20498395e+00,1.20638581e+00,1.46382439e+00,1.47932055e+00,1.58535862e+00,1.60169701e+00,1.66077769e+00,1.68125962e+00,1.71396399e+00,1.72938342e+00
2.28000000e+00,1.18107808e+00,1.18304063e+00,1.43486643e+00,1.45073573e+00,1.55403233e+00,1.57072480e+00,1.62797844e+00,1.64872102e+00,1.68013430e+00,1.69589169e+00
2.30000000e+00,1.15768003e+00,1.16016385e+00,1.40653300e+00,1.42272750e+00,1.52338731e+00,1.54038017e+00,1.59590173e+00,1.61684405e+00,1.64704716e+00,1.66308254e+00
2.32000000e+00,1.13477814e+00,1.13774506e+00,1.37880754e+00,1.39528282e+00,1.49340403e+00,1.51064878e+00,1.56452489e+00,1.58561348e+00,1.61468410e+00,1.63094021e+00
2.34000000e+00,1.11236167e+00,1.11577411e+00,1.35168266e+00,1.36838900e+00,1.46407521e+00,1.48151666e+00,1.53383231e+00,1.55501451e+00,1.58303154e+00,1.59944933e+00
2.36000000e+00,1.09041882e+00,1.09424114e+00,1.32513881e+00,1.34203370e+00,1.43537796e+00,1.45297027e+00,1.50380182e+00,1.52503273e+00,1.55206776e+00,1.56859500e+00
2.38000000e+00,1.06893849e+00,1.07313654e+00,1.29916084e+00,1.31620492e+00,1.40730083e+00,1.42499643e+00,1.47442520e+00,1.49565416e+00,1.52176976e+00,1.53836273e+00
2.40000000e+00,1.04790831e+00,1.05245096e+00,1.27373362e+00,1.29089099e+00,1.37982333e+00,1.39758232e+00,1.44567788e+00,1.46686521e+00,1.49213219e+00,1.50873843e+00
2.42000000e+00,1.02731991e+00,1.03217529e+00,1.24884987e+00,1.26608054e+00,1.35293376e+00,1.37071547e+00,1.41754663e+00,1.43865265e+00,1.46312773e+00,1.47970841e+00
2.44000000e+00,1.00716388e+00,1.01230066e+00,1.22449684e+00,1.24176252e+00,1.32661581e+00,1.34438373e+00,1.39001584e+00,1.41100361e+00,1.43474567e+00,1.45125934e+00
2.46000000e+00,9.87427056e-01,9.92818434e-01,1.20065129e+00,1.21792615e+00,1.30085921e+00,1.31857532e+00,1.36307502e+00,1.38390557e+00,1.40697014e+00,1.42337826e+00
2.48000000e+00,9.68103886e-01,9.73720191e-01,1.17731464e+00,1.19456095e+00,1.27564430e+00,1.29327873e+00,1.33670378e+00,1.35734636e+00,1.37978280e+00,1.39605257e+00
2.50000000e+00,9.49182451e-01,9.54997727e-01,1.15446126e+00,1.17165672e+00,1.25096166e+00,1.26848277e+00,1.31088853e+00,1.33131412e+00,1.35317385e+00,1.36926999e+00
2.52000000e+00,9.30651128e-01,9.36643043e-01,1.13209069e+00,1.14920350e+00,1.22679675e+00,1.24417655e+00,1.28561711e+00,1.30579731e+00,1.32712388e+00,1.34301859e+00
2.54000000e+00,9.12505329e-01,9.18648344e-01,1.11018407e+00,1.12719161e+00,1.20314002e+00,1.22034946e+00,1.26087499e+00,1.28078469e+00,1.30161822e+00,1.31728674e+00
2.56000000e+00,8.94733965e-01,9.01006028e-01,1.08873248e+00,1.10561161e+00,1.17997336e+00,1.19699116e+00,1.23664999e+00,1.25626532e+00,1.27664781e+00,1.29206312e+00
2.58000000e+00,8.77329051e-01,8.83708681e-01,1.06772947e+00,1.08445430e+00,1.15729046e+00,1.17409158e+00,1.21292973e+00,1.23222855e+00,1.25219750e+00,1.26733670e+00
2.60000000e+00,8.60280335e-01,8.66749074e-01,1.04715431e+00,1.06371070e+00,1.13507307e+00,1.15164092e+00,1.18970013e+00,1.20866398e+00,1.22825539e+00,1.24309675e+00
2.62000000e+00,8.43583286e-01,8.50120152e-01,1.02700758e+00,1.04337207e+00,1.11331999e+00,1.12962960e+00,1.16695213e+00,1.18556150e+00,1.20480692e+00,1.21933280e+00
2.64000000e+00,8.27228606e-01,8.33815034e-01,1.00727022e+00,1.02342989e+00,1.09201086e+00,1.10804830e+00,1.14466977e+00,1.16291126e+00,1.18184221e+00,1.19603466e+00
2.66000000e+00,8.11205387e-01,8.17827002e-01,9.87939477e-01,1.00387583e+00,1.07113767e+00,1.08688795e+00,1.12284398e+00,1.14070364e+00,1.15934980e+00,1.17319241e+00
2.68000000e+00,7.95510709e-01,8.02149503e-01,9.69002604e-01,9.84701795e-01,1.05069196e+00,1.06613967e+00,1.10146630e+00,1.11892927e+00,1.13731277e+00,1.15079634e+00
2.70000000e+00,7.80134141e-01,7.86776138e-01,9.50451434e-01,9.65899861e-01,1.03065944e+00,1.04579482e+00,1.08052111e+00,1.09757901e+00,1.11572635e+00,1.12883703e+00
2.72000000e+00,7.65068948e-01,7.71700660e-01,9.32274103e-01,9.47462308e-01,1.01103723e+00,1.02584497e+00,1.06000280e+00,1.07664396e+00,1.09457815e+00,1.10730526e+00
2.74000000e+00,7.50307620e-01,7.56916971e-01,9.14465666e-01,9.29381603e-01,9.91805911e-01,1.00628190e+00,1.03989601e+00,1.05611543e+00,1.07385719e+00,1.08619207e+00
2.76000000e+00,7.35845864e-01,7.42419114e-01,8.97014856e-01,9.11650391e-01,9.72967505e-01,9.87097588e-01,1.02019894e+00,1.03598495e+00,1.05355370e+00,1.06548869e+00
2.78000000e+00,7.21675932e-01,7.28201272e-01,8.79916430e-01,8.94261493e-01,9.54505384e-01,9.68284194e-01,1.00089347e+00,1.01624423e+00,1.03365576e+00,1.04518659e+00
2.80000000e+00,7.07788825e-01,7.14257762e-01,8.63161147e-01,8.77207900e-01,9.36413705e-01,9.49834078e-01,9.81973588e-01,9.96885223e-01,1.01415336e+00,1.02527743e+00
2.82000000e+00,6.94179773e-01,7.00583032e-01,8.46738636e-01,8.60482768e-01,9.18679595e-01,9.31739780e-01,9.63431001e-01,9.77900038e-01,9.95042980e-01,1.00575307e+00
2.84000000e+00,6.80844367e-01,6.87171658e-01,8.30643415e-01,8.44079413e-01,9.01300430e-01,9.13994016e-01,9.45255995e-01,9.59280992e-01,9.76311386e-01,9.86605588e-01
2.86000000e+00,6.67773843e-01,6.74018340e-01,8.14866722e-01,8.27991308e-01,8.84265304e-01,8.96589674e-01,9.27442491e-01,9.41020581e-01,9.57950473e-01,9.67827229e-01
2.88000000e+00,6.54964924e-01,6.61117896e-01,7.99405992e-01,8.12212076e-01,8.67564440e-01,8.79519807e-01,9.09979343e-01,9.23111477e-01,9.39947844e-01,9.49410432e-01
2.90000000e+00,6.42410398e-01,6.48465263e-01,7.84247339e-01,7.96735488e-01,8.51195455e-01,8.62777633e-01,8.92859638e-01,9.05546525e-01,9.22301769e-01,9.31347812e-01
2.92000000e+00,6.30103409e-01,6.36055491e-01,7.69387841e-01,7.81555456e-01,8.35148096e-01,8.46356525e-01,8.76076579e-01,8.88318737e-01,9.04999912e-01,9.13632159e-01
2.94000000e+00,6.18040264e-01,6.23883741e-01,7.54821002e-01,7.66666031e-01,8.19414198e-01,8.30250008e-01,8.59620929e-01,8.71421287e-01,8.88037682e-01,8.96256429e-01
2.96000000e+00,6.06215358e-01,6.11945279e-01,7.40539372e-01,7.52061400e-01,8.03986132e-01,8.14451758e-01,8.43485534e-01,8.54847508e-01,8.71404231e-01,8.79213745e-01
2.98000000e+00,5.94623327e-01,6.00235480e-01,7.26536453e-01,7.37735881e-01,7.88858294e-01,7.98955592e-01,8.27664018e-01,8.38590884e-01,8.55093300e-01,8.62497385e-01
3.00000000e+00,5.83261490e-01,5.88749816e-01,7.12805569e-01,7.23683918e-01,7.74025619e-01,7.83755471e-01,8.12148631e-01,8.22645050e-01,8.39098632e-01,8.46100783e-01
3.02000000e+00,5.72119713e-01,5.77483861e-01,6.99342668e-01,7.09900080e-01,7.59478748e-01,7.68845489e-01,7.96931803e-01,8.07003784e-01,8.23409498e-01,8.30017525e-01
3.04000000e+00,5.61198473e-01,5.66433285e-01,6.86141133e-01,6.96379056e-01,7.45214522e-01,7.54219874e-01,7.82010019e-01,7.91661007e-01,8.08024108e-01,8.14241340e-01
3.06000000e+00,5.50489843e-01,5.55593852e-01,6.73195183e-01,6.83115654e-01,7.31223643e-01,7.39872983e-01,7.67374158e-01,7.76610774e-01,7.92933524e-01,7.98766100e-01
3.08000000e+00,5.39989769e-01,5.44961417e-01,6.60497546e-01,6.70104793e-01,7.17501760e-01,7.25799297e-01,7.53017068e-01,7.61847275e-01,7.78131902e-01,7.83585814e-01
3.10000000e+00,5.29694319e-01,5.34531924e-01,6.48045719e-01,6.57341507e-01,7.04043329e-01,7.11993421e-01,7.38934815e-01,7.47364829e-01,7.63612628e-01,7.68694626e-01
3.12000000e+00,5.19599378e-01,5.24301405e-01,6.35831773e-01,6.44820935e-01,6.90841198e-01,6.98450078e-01,7.25123286e-01,7.33157881e-01,7.49368846e-01,7.54086811e-01
3.14000000e+00,5.09699643e-01,5.14265974e-01,6.23853683e-01,6.32538322e-01,6.77891433e-01,6.85164105e-01,7.11573005e-01,7.19220998e-01,7.35394061e-01,7.39756769e-01
3.16000000e+00,4.99993682e-01,5.04421830e-01,6.12104714e-01,6.20489018e-01,6.65189922e-01,6.72130454e-01,6.98278129e-01,7.05548866e-01,7.21685171e-01,7.25699024e-01
3.18000000e+00,4.90473896e-01,4.94765251e-01,6.00580215e-01,6.08668469e-01,6.52727723e-01,6.59344185e-01,6.85238183e-01,6.92136288e-01,7.08236516e-01,7.11908222e-01
3.20000000e+00,4.81138438e-01,4.85292594e-01,5.89273930e-01,5.97072221e-01,6.40500963e-01,6.46800464e-01,6.72440767e-01,6.78978181e-01,6.95038080e-01,6.98379122e-01
3.22000000e+00,4.71981913e-01,4.76000293e-01,5.78183293e-01,5.85695916e-01,6.28507257e-01,6.34494564e-01,6.59886241e-01,6.66069569e-01,6.82089865e-01,6.85106602e-01
3.24000000e+00,4.63002771e-01,4.66884854e-01,5.67303538e-01,5.74535284e-01,6.16738379e-01,6.22421855e-01,6.47568941e-01,6.53405585e-01,6.69384301e-01,6.72085647e-01
3.26000000e+00,4.54196900e-01,4.57942858e-01,5.56629956e-01,5.63586150e-01,6.05191886e-01,6.10577809e-01,6.35480940e-01,6.40981467e-01,6.56914949e-01,6.59311351e-01
3.28000000e+00,4.45559442e-01,4.49170956e-01,5.46159089e-01,5.52844423e-01,5.93862772e-01,5.98957993e-01,6.23620987e-01,6.28792553e-01,6.44679129e-01,6.46778914e-01
3.30000000e+00,4.37087744e-01,4.40565869e-01,5.35885096e-01,5.42306101e-01,5.82745433e-01,5.87558066e-01,6.11981273e-01,6.16834283e-01,6.32671952e-01,6.34483638e-01
3.32000000e+00,4.28777665e-01,4.32124385e-01,5.25805175e-01,5.31967262e-01,5.71837962e-01,5.76373782e-01,6.00558579e-01,6.05102189e-01,6.20889366e-01,6.22420925e-01
3.34000000e+00,4.20627505e-01,4.23843356e-01,5.15914857e-01,5.21824069e-01,5.61133504e-01,5.65400980e-01,5.89350224e-01,5.93591902e-01,6.09324813e-01,6.10586273e-01
3.36000000e+00,4.12632376e-01,4.15719701e-01,5.06212354e-01,5.11872761e-01,5.50628781e-01,5.54635589e-01,5.78349948e-01,5.82299142e-01,5.97974539e-01,5.98975277e-01
3.38000000e+00,4.04789180e-01,4.07750401e-01,4.96689469e-01,5.02109658e-01,5.40319741e-01,5.44073620e-01,5.67553878e-01,5.71219720e-01,5.86834133e-01,5.87583624e-01
3.40000000e+00,3.97096425e-01,3.99932498e-01,4.87347394e-01,4.92531153e-01,5.30204594e-01,5.33711170e-01,5.56958258e-01,5.60349532e-01,5.75900137e-01,5.76407089e-01
3.42000000e+00,3.89550060e-01,3.92263093e-01,4.78178680e-01,4.83133714e-01,5.20276427e-01,5.23544413e-01,5.46557009e-01,5.49684561e-01,5.65169692e-01,5.65441539e-01
3.44000000e+00,3.82146925e-01,3.84739348e-01,4.69182163e-01,4.73913881e-01,5.10531127e-01,5.13569603e-01,5.36350369e-01,5.39220873e-01,5.54634690e-01,5.54682923e-01
3.46000000e+00,3.74884516e-01,3.77358479e-01,4.60353225e-01,4.64868264e-01,5.00968814e-01,5.03783072e-01,5.26333332e-01,5.28954614e-01,5.44295311e-01,5.44127276e-01
3.48000000e+00,3.67760450e-01,3.70117760e-01,4.51689631e-01,4.55993542e-01,4.91583377e-01,4.94181225e-01,5.16497910e-01,5.18882012e-01,5.34145117e-01,5.33770713e-01
3.50000000e+00,3.60770345e-01,3.63014519e-01,4.43187386e-01,4.47286460e-01,4.82371181e-01,4.84760541e-01,5.06845355e-01,5.08999367e-01,5.24181068e-01,5.23609431e-01
3.52000000e+00,3.53913695e-01,3.56046136e-01,4.34844434e-01,4.38743832e-01,4.73329335e-01,4.75517570e-01,4.97371405e-01,4.99303059e-01,5.14400005e-01,5.13639702e-01
3.54000000e+00,3.47186387e-01,3.49210045e-01,4.26656693e-01,4.30362531e-01,4.64454770e-01,4.66448933e-01,4.88070130e-01,4.89789540e-01,5.04798830e-01,5.03857877e-01
3.56000000e+00,3.40586632e-01,3.42503731e-01,4.18620348e-01,4.22139496e-01,4.55743998e-01,4.57551318e-01,4.78939950e-01,4.80455332e-01,4.95373905e-01,4.94260377e-01
3.58000000e+00,3.34110796e-01,3.35924726e-01,4.10733074e-01,4.14071726e-01,4.47193503e-01,4.48821479e-01,4.69978601e-01,4.71297031e-01,4.86120999e-01,4.84843699e-01
3.60000000e+00,3.27757716e-01,3.29470614e-01,4.02993292e-01,4.06156280e-01,4.38800991e-01,4.40256235e-01,4.61180776e-01,4.62311297e-01,4.77036625e-01,4.75604410e-01
3.62000000e+00,3.21525037e-01,3.23139024e-01,3.95396829e-01,3.98390274e-01,4.30563033e-01,4.31852469e-01,4.52543646e-01,4.53494861e-01,4.68119144e-01,4.66539145e-01
3.64000000e+00,3.15409243e-01,3.16927633e-01,3.87940139e-01,3.90770884e-01,4.22477037e-01,4.23607128e-01,4.44064587e-01,4.44844516e-01,4.59363312e-01,4.57644607e-01
3.66000000e+00,3.09409916e-01,3.10834163e-01,3.80623370e-01,3.83295338e-01,4.14539397e-01,4.15517215e-01,4.35742319e-01,4.36357122e-01,4.50768828e-01,4.48917564e-01
3.68000000e+00,3.03521991e-01,3.04856381e-01,3.73441875e-01,3.75960922e-01,4.06746835e-01,4.07579795e-01,4.27571476e-01,4.28029598e-01,4.42330867e-01,4.40354849e-01
3.70000000e+00,2.97746062e-01,2.98992097e-01,3.66392314e-01,3.68764972e-01,3.99098486e-01,3.99791993e-01,4.19549882e-01,4.19858926e-01,4.34045941e-01,4.31953359e-01
3.72000000e+00,2.92078972e-01,2.93239163e-01,3.59474272e-01,3.61704878e-01,3.91591012e-01,3.92150985e-01,4.11675751e-01,4.11842148e-01,4.25911903e-01,4.23710051e-01
3.74000000e+00,2.86517650e-01,2.87595475e-01,3.52683961e-01,3.54778082e-01,3.84220034e-01,3.84654008e-01,4.03944045e-01,4.03976363e-01,4.17925358e-01,4.15621942e-01
3.76000000e+00,2.81061679e-01,2.82058967e-01,3.46019238e-01,3.47982073e-01,3.76985192e-01,3.77298350e-01,3.96355391e-01,3.96258728e-01,4.10084903e-01,4.07686109e-01
3.78000000e+00,2.75707930e-01,2.76627615e-01,3.39477122e-01,3.41314391e-01,3.69882613e-01,3.70081352e-01,3.88903677e-01,3.88686454e-01,4.02388215e-01,3.99899684e-01
3.80000000e+00,2.70455271e-01,2.71299433e-01,3.33057225e-01,3.34772622e-01,3.62911373e-01,3.63000408e-01,3.81588221e-01,3.81256809e-01,3.94831359e-01,3.92259858e-01
3.82000000e+00,2.65300900e-01,2.66072473e-01,3.26754749e-01,3.28354401e-01,3.56067449e-01,3.56052961e-01,3.74407381e-01,3.73967112e-01,3.87411326e-01,3.84763875e-01
3.84000000e+00,2.60243446e-01,2.60944826e-01,3.20569128e-01,3.22057406e-01,3.49347979e-01,3.49236505e-01,3.67357045e-01,3.66814736e-01,3.80126774e-01,3.77409034e-01
3.86000000e+00,2.55280823e-01,2.55914617e-01,3.14497679e-01,3.15879361e-01,3.42753768e-01,3.42548583e-01,3.60435218e-01,3.59797103e-01,3.72972876e-01,3.70192685e-01
3.88000000e+00,2.50412256e-01,2.50980011e-01,3.08539301e-01,3.09818035e-01,3.36278617e-01,3.35986783e-01,3.53639901e-01,3.52911686e-01,3.65950882e-01,3.63112230e-01
3.90000000e+00,2.45634526e-01,2.46139204e-01,3.02690089e-01,3.03871238e-01,3.29923451e-01,3.29548741e-01,3.46968770e-01,3.46156007e-01,3.59057218e-01,3.56165121e-01
3.92000000e+00,2.40946710e-01,2.41390428e-01,2.96949357e-01,2.98036821e-01,3.23684186e-01,3.23232138e-01,3.40418965e-01,3.39527635e-01,3.52287799e-01,3.49348861e-01
3.94000000e+00,2.36346409e-01,2.36731950e-01,2.91314214e-01,2.92312680e-01,3.17560107e-01,3.17034700e-01,3.33989710e-01,3.33024186e-01,3.45641673e-01,3.42660998e-01
3.96000000e+00,2.31833413e-01,2.32162068e-01,2.85783589e-01,2.86696746e-01,3.11547726e-01,3.10954197e-01,3.27676088e-01,3.26643321e-01,3.39116633e-01,3.36099130e-01
3.98000000e+00,2.27404237e-01,2.27679115e-01,2.80355394e-01,2.81186994e-01,3.05645794e-01,3.04988439e-01,3.21479499e-01,3.20382749e-01,3.32710534e-01,3.29660899e-01
4.00000000e+00,2.23058894e-01,2.23281452e-01,2.75027186e-01,2.75781435e-01,2.99851716e-01,2.99135280e-01,3.15394759e-01,3.14240218e-01,3.26420993e-01,3.23343993e-01
4.02000000e+00,2.18794569e-01,2.18967473e-01,2.69797325e-01,2.70478118e-01,2.94164211e-01,2.93392615e-01,3.09422135e-01,3.08213522e-01,3.20245743e-01,3.17146145e-01
4.04000000e+00,2.14610830e-01,2.14735604e-01,2.64664322e-01,2.65275129e-01,2.88581967e-01,2.87758378e-01,3.03558826e-01,3.02300497e-01,3.14183414e-01,3.11065129e-01
4.06000000e+00,2.10505113e-01,2.10584299e-01,2.59626269e-01,2.60170592e-01,2.83100665e-01,2.82230541e-01,2.97802150e-01,2.96499018e-01,3.08231473e-01,3.05098763e-01
4.08000000e+00,2.06477553e-01,2.06512041e-01,2.54681796e-01,2.55162663e-01,2.77721077e-01,2.76807118e-01,2.92150229e-01,2.90807003e-01,3.02388042e-01,2.99244906e-01
4.10000000e+00,2.02524513e-01,2.02517343e-01,2.49828547e-01,2.50249535e-01,2.72440284e-01,2.71486158e-01,2.86602736e-01,2.85222407e-01,2.96650946e-01,2.93501458e-01
4.12000000e+00,1.98646456e-01,1.98598744e-01,2.45065182e-01,2.45429436e-01,2.67256528e-01,2.66265746e-01,2.81156600e-01,2.79743225e-01,2.91018695e-01,2.87866358e-01
4.14000000e+00,1.94840655e-01,1.94754813e-01,2.40390301e-01,2.40700626e-01,2.62167871e-01,2.61144005e-01,2.75810361e-01,2.74367491e-01,2.85489351e-01,2.82337585e-01
4.16000000e+00,1.91107303e-01,1.90984144e-01,2.35801250e-01,2.36061397e-01,2.57173330e-01,2.56119093e-01,2.70561874e-01,2.69093274e-01,2.80060798e-01,2.76913155e-01
4.18000000e+00,1.87443450e-01,1.87285358e-01,2.31298238e-01,2.31510074e-01,2.52270371e-01,2.51189202e-01,2.65408933e-01,2.63918679e-01,2.74731815e-01,2.71591122e-01
4.20000000e+00,1.83848351e-01,1.83657104e-01,2.26878017e-01,2.27045013e-01,2.47457951e-01,2.46352557e-01,2.60351628e-01,2.58841849e-01,2.69499779e-01,2.66369577e-01
4.22000000e+00,1.80321828e-01,1.80098052e-01,2.22540155e-01,2.22664602e-01,2.42734015e-01,2.41607420e-01,2.55385786e-01,2.53860959e-01,2.64364183e-01,2.61246645e-01
4.24000000e+00,1.76860586e-01,1.76606901e-01,2.18282655e-01,2.18367258e-01,2.38097563e-01,2.36952081e-01,2.50512302e-01,2.48974222e-01,2.59322643e-01,2.56220490e-01
4.26000000e+00,1.73464820e-01,1.73182372e-01,2.14104161e-01,2.14151428e-01,2.33546183e-01,2.32384865e-01,2.45728657e-01,2.44179880e-01,2.54372716e-01,2.51289306e-01
4.28000000e+00,1.70133561e-01,1.69823211e-01,2.10003123e-01,2.10015587e-01,2.29079112e-01,2.27904127e-01,2.41031945e-01,2.39476212e-01,2.49514192e-01,2.46451323e-01
4.30000000e+00,1.66864306e-01,1.66528189e-01,2.05978975e-01,2.05958241e-01,2.24694893e-01,2.23508253e-01,2.36423030e-01,2.34861526e-01,2.44744733e-01,2.41704805e-01
4.32000000e+00,1.63656965e-01,1.63296096e-01,2.02029675e-01,2.01977920e-01,2.20391273e-01,2.19195659e-01,2.31897309e-01,2.30334163e-01,2.40063041e-01,2.37048046e-01
4.34000000e+00,1.60509795e-01,1.60125748e-01,1.98153347e-01,1.98073185e-01,2.16167375e-01,2.14964791e-01,2.27456078e-01,2.25892495e-01,2.35467270e-01,2.32479374e-01
4.36000000e+00,1.57422304e-01,1.57015982e-01,1.94349438e-01,1.94242622e-01,2.12021559e-01,2.10814124e-01,2.23096490e-01,2.21534924e-01,2.30955958e-01,2.27997147e-01
4.38000000e+00,1.54392898e-01,1.53965657e-01,1.90616488e-01,1.90484844e-01,2.07952753e-01,2.06742160e-01,2.18817323e-01,2.17259882e-01,2.26527840e-01,2.23599754e-01
4.40000000e+00,1.51420817e-01,1.50973653e-01,1.86952382e-01,1.86798489e-01,2.03959063e-01,2.02747430e-01,2.14617208e-01,2.13065829e-01,2.22181439e-01,2.19285614e-01
4.42000000e+00,1.48504317e-01,1.48038871e-01,1.83357447e-01,1.83182221e-01,2.00039923e-01,1.98828493e-01,2.10494742e-01,2.08951257e-01,2.17914864e-01,2.15053174e-01
4.44000000e+00,1.45643443e-01,1.45160233e-01,1.79829493e-01,1.79634729e-01,1.96192965e-01,1.94983933e-01,2.06448838e-01,2.04914681e-01,2.13727295e-01,2.10900913e-01
4.46000000e+00,1.42836452e-01,1.42336680e-01,1.76367372e-01,1.76154725e-01,1.92418054e-01,1.91212361e-01,2.02477679e-01,2.00954647e-01,2.09616527e-01,2.06827334e-01
4.48000000e+00,1.40082508e-01,1.39567174e-01,1.72969937e-01,1.72740945e-01,1.88713267e-01,1.87512414e-01,1.98579982e-01,1.97069728e-01,2.05583066e-01,2.02830972e-01
4.50000000e+00,1.37380406e-01,1.36850696e-01,1.69635683e-01,1.69392151e-01,1.85077116e-01,1.83882753e-01,1.94754869e-01,1.93258521e-01,2.01623037e-01,1.98910387e-01
4.52000000e+00,1.34729430e-01,1.34186245e-01,1.66364878e-01,1.66107126e-01,1.81509227e-01,1.80322067e-01,1.91000476e-01,1.89519651e-01,1.97736859e-01,1.95064164e-01
4.54000000e+00,1.32128999e-01,1.31572840e-01,1.63154423e-01,1.62884674e-01,1.78007498e-01,1.76829066e-01,1.87316149e-01,1.85851769e-01,1.93922713e-01,1.91290918e-01
4.56000000e+00,1.29577562e-01,1.29009518e-01,1.60004213e-01,1.59723625e-01,1.74570993e-01,1.73402485e-01,1.83700383e-01,1.82253548e-01,1.90179765e-01,1.87589286e-01
4.58000000e+00,1.27074331e-01,1.26495333e-01,1.56913579e-01,1.56622826e-01,1.71198860e-01,1.70041082e-01,1.80151761e-01,1.78723689e-01,1.86505511e-01,1.83957934e-01
4.60000000e+00,1.24618515e-01,1.24029358e-01,1.53881058e-01,1.53581150e-01,1.67889729e-01,1.66743638e-01,1.76669076e-01,1.75260914e-01,1.82900295e-01,1.80395548e-01
4.62000000e+00,1.22209832e-01,1.21610681e-01,1.50904998e-01,1.50597487e-01,1.64642423e-01,1.63508958e-01,1.73252106e-01,1.71863971e-01,1.79362029e-01,1.76900842e-01
4.64000000e+00,1.19845830e-01,1.19238411e-01,1.47984654e-01,1.47670750e-01,1.61455631e-01,1.60335868e-01,1.69898376e-01,1.68531630e-01,1.75889641e-01,1.73472552e-01
4.66000000e+00,1.17527179e-01,1.16911669e-01,1.45119399e-01,1.44799872e-01,1.58328831e-01,1.57223214e-01,1.66607156e-01,1.65262683e-01,1.72482267e-01,1.70109438e-01
4.68000000e+00,1.15252577e-01,1.14629595e-01,1.42308623e-01,1.41983803e-01,1.55260608e-01,1.54169865e-01,1.63377777e-01,1.62055946e-01,1.69138104e-01,1.66810282e-01
4.70000000e+00,1.13021091e-01,1.12391345e-01,1.39550745e-01,1.39221516e-01,1.52250201e-01,1.51174712e-01,1.60209164e-01,1.58910255e-01,1.65856630e-01,1.63573890e-01
4.72000000e+00,1.10832192e-01,1.10196090e-01,1.36844471e-01,1.36512000e-01,1.49296090e-01,1.48236664e-01,1.57099590e-01,1.55824469e-01,1.62636653e-01,1.60399088e-01
4.74000000e+00,1.08684830e-01,1.08043017e-01,1.34189293e-01,1.33854266e-01,1.46397442e-01,1.45354653e-01,1.54047936e-01,1.52797466e-01,1.59477159e-01,1.57284726e-01
4.76000000e+00,1.06578015e-01,1.05931327e-01,1.31584480e-01,1.31247339e-01,1.43553749e-01,1.42527626e-01,1.51054144e-01,1.49828148e-01,1.56376585e-01,1.54229673e-01
4.78000000e+00,1.04511537e-01,1.03860237e-01,1.29028484e-01,1.28690266e-01,1.40763581e-01,1.39754555e-01,1.48116529e-01,1.46915434e-01,1.53334647e-01,1.51232819e-01
4.80000000e+00,1.02484420e-01,1.01828979e-01,1.26521409e-01,1.26182109e-01,1.38025522e-01,1.37034427e-01,1.45234227e-01,1.44058264e-01,1.50349632e-01,1.48293077e-01
4.82000000e+00,1.00495748e-01,9.98367968e-02,1.24061346e-01,1.23721949e-01,1.35339484e-01,1.34366250e-01,1.42406315e-01,1.41255599e-01,1.47420764e-01,1.45409376e-01
4.84000000e+00,9.85450447e-02,9.78829514e-02,1.21647939e-01,1.21308882e-01,1.32704258e-01,1.31749048e-01,1.39631718e-01,1.38506416e-01,1.44546717e-01,1.42580668e-01
4.86000000e+00,9.66316760e-02,9.59667157e-02,1.19280301e-01,1.18942023e-01,1.30118653e-01,1.29181865e-01,1.36909202e-01,1.35809714e-01,1.41727209e-01,1.39805923e-01
4.88000000e+00,9.47545171e-02,9.40873768e-02,1.16957784e-01,1.16620502e-01,1.27581969e-01,1.26663762e-01,1.34238183e-01,1.33164509e-01,1.38960972e-01,1.37084131e-01
4.90000000e+00,9.29131508e-02,9.22442348e-02,1.14679240e-01,1.14343466e-01,1.25093430e-01,1.24193817e-01,1.31617829e-01,1.30569834e-01,1.36247009e-01,1.34414298e-01
4.92000000e+00,9.11070183e-02,9.04366029e-02,1.12443693e-01,1.12110075e-01,1.22651830e-01,1.21771126e-01,1.29046902e-01,1.28024742e-01,1.33583963e-01,1.31795450e-01
4.94000000e+00,8.93354714e-02,8.86638073e-02,1.10251009e-01,1.09919509e-01,1.20256685e-01,1.19394799e-01,1.26524761e-01,1.25528302e-01,1.30971685e-01,1.29226632e-01
4.96000000e+00,8.75977501e-02,8.69251864e-02,1.08099900e-01,1.07770959e-01,1.17907308e-01,1.17063965e-01,1.24050520e-01,1.23079601e-01,1.28408909e-01,1.26706905e-01
4.98000000e+00,8.58930796e-02,8.52200913e-02,1.05989724e-01,1.05663633e-01,1.15602210e-01,1.14777769e-01,1.21623084e-01,1.20677742e-01,1.25894487e-01,1.24235348e-01
5.00000000e+00,8.42210278e-02,8.35478850e-02,1.03919774e-01,1.03596754e-01,1.13341324e-01,1.12535371e-01,1.19241990e-01,1.18321845e-01,1.23427846e-01,1.21811056e-01
5.02000000e+00,8.25811625e-02,8.19079424e-02,1.01889372e-01,1.01569559e-01,1.11122869e-01,1.10335946e-01,1.16905823e-01,1.16011046e-01,1.21008337e-01,1.19433141e-01
5.04000000e+00,8.09724629e-02,8.02996501e-02,9.98976901e-02,9.95812982e-02,1.08947068e-01,1.08178685e-01,1.14614233e-01,1.13744497e-01,1.18634507e-01,1.17100733e-01
5.06000000e+00,7.93946534e-02,7.87224061e-02,9.79439765e-02,9.76312363e-02,1.06812730e-01,1.06062794e-01,1.12366661e-01,1.11521366e-01,1.16306007e-01,1.14812976e-01
5.08000000e+00,7.78470337e-02,7.71756198e-02,9.60275531e-02,9.57186517e-02,1.04719050e-01,1.03987493e-01,1.10161662e-01,1.09340836e-01,1.14021957e-01,1.12569031e-01
5.10000000e+00,7.63290077e-02,7.56587113e-02,9.41478238e-02,9.38428361e-02,1.02665380e-01,1.01952017e-01,1.07998706e-01,1.07202104e-01,1.11781277e-01,1.10368072e-01
5.12000000e+00,7.48401359e-02,7.41711119e-02,9.23040211e-02,9.20030942e-02,1.00650698e-01,9.99556150e-02,1.05877176e-01,1.05104384e-01,1.09583691e-01,1.08209293e-01
5.14000000e+00,7.33798742e-02,7.27122633e-02,9.04954597e-02,9.01987438e-02,9.86751392e-02,9.79975492e-02,1.03796043e-01,1.03046903e-01,1.07428186e-01,1.06091897e-01
5.16000000e+00,7.19474927e-02,7.12816177e-02,8.87215734e-02,8.84291151e-02,9.67369378e-02,9.60770964e-02,1.01754859e-01,1.01028902e-01,1.05313465e-01,1.04015107e-01
5.18000000e+00,7.05427751e-02,6.98786376e-02,8.69816989e-02,8.66935508e-02,9.48358700e-02,9.41935462e-02,9.97528732e-02,9.90496367e-02,1.03239700e-01,1.01978157e-01
5.20000000e+00,6.91647977e-02,6.85027954e-02,8.52752626e-02,8.49914059e-02,9.29715410e-02,9.23462016e-02,9.77891013e-02,9.71083771e-02,1.01205453e-01,9.99802962e-02
5.22000000e+00,6.78133219e-02,6.71535734e-02,8.36014301e-02,8.33220471e-02,9.11428183e-02,9.05343783e-02,9.58630592e-02,9.52044055e-02,9.92101431e-02,9.80207874e-02
5.24000000e+00,6.64878041e-02,6.58304638e-02,8.19597468e-02,8.16848531e-02,8.93491209e-02,8.87574047e-02,9.39739794e-02,9.33370180e-02,9.72531736e-02,9.60989072e-02
5.26000000e+00,6.51878417e-02,6.45329682e-02,8.03497881e-02,8.00792139e-02,8.75900239e-02,8.70146217e-02,9.21213627e-02,9.15055237e-02,9.53339562e-02,9.42139455e-02
5.28000000e+00,6.39129132e-02,6.32605973e-02,7.87706599e-02,7.85045311e-02,8.58646557e-02,8.53053822e-02,9.03041586e-02,8.97092444e-02,9.34514478e-02,9.23652053e-02
5.30000000e+00,6.26622736e-02,6.20128713e-02,7.72219002e-02,7.69602171e-02,8.41726363e-02,8.36290513e-02,8.85219425e-02,8.79475143e-02,9.16054621e-02,9.05520026e-02
5.32000000e+00,6.14357330e-02,6.07893193e-02,7.57029355e-02,7.54456955e-02,8.25131610e-02,8.19850059e-02,8.67741629e-02,8.62196801e-02,8.97949412e-02,8.87736658e-02
5.34000000e+00,6.02329746e-02,5.95894790e-02,7.42132664e-02,7.39604004e-02,8.08854699e-02,8.03726341e-02,8.50599632e-02,8.45251006e-02,8.80192816e-02,8.70295357e-02
5.36000000e+00,5.90532124e-02,5.84128972e-02,7.27523491e-02,7.25037766e-02,7.92892948e-02,7.87913356e-02,8.33789632e-02,8.28631463e-02,8.62778649e-02,8.53189656e-02
5.38000000e+00,5.78962490e-02,5.72591288e-02,7.13194534e-02,7.10752791e-02,7.77238309e-02,7.72405214e-02,8.17301497e-02,8.12331995e-02,8.45699906e-02,8.36413205e-02
5.40000000e+00,5.67614436e-02,5.61277372e-02,6.99142069e-02,6.96743729e-02,7.61886016e-02,7.57196129e-02,8.01134482e-02,7.96346539e-02,8.28952193e-02,8.19959771e-02
5.42000000e+00,5.56484908e-02,5.50182942e-02,6.85361996e-02,6.83005334e-02,7.46831670e-02,7.42280428e-02,7.85278603e-02,7.80669143e-02,8.12528431e-02,8.03823238e-02
5.44000000e+00,5.45570925e-02,5.39303793e-02,6.71847612e-02,6.69532454e-02,7.32067674e-02,7.27652540e-02,7.69730359e-02,7.65293967e-02,7.96422586e-02,7.87997603e-02
5.46000000e+00,5.34867123e-02,5.28635802e-02,6.58595487e-02,6.56320033e-02,7.17588812e-02,7.13306999e-02,7.54482672e-02,7.50215280e-02,7.80628845e-02,7.72476974e-02
5.48000000e+00,5.24368063e-02,5.18174922e-02,6.45597130e-02,6.43363111e-02,7.03390911e-02,6.99238438e-02,7.39528909e-02,7.35427454e-02,7.65140727e-02,7.57255567e-02
5.50000000e+00,5.14072329e-02,5.07917181e-02,6.32850975e-02,6.30656820e-02,6.89468309e-02,6.85441594e-02,7.24867955e-02,7.20924969e-02,7.49951750e-02,7.42327707e-02
5.52000000e+00,5.03974818e-02,4.97858685e-02,6.20353296e-02,6.18196382e-02,6.75813481e-02,6.71911298e-02,7.10488930e-02,7.06702404e-02,7.35059604e-02,7.27687823e-02
5.54000000e+00,4.94072661e-02,4.87995611e-02,6.08094558e-02,6.05977109e-02,6.62423968e-02,6.58642479e-02,6.96390122e-02,6.92754443e-02,7.20456392e-02,7.13330449e-02
5.56000000e+00,4.84360419e-02,4.78324209e-02,5.96073791e-02,5.93994401e-02,6.49295822e-02,6.45630160e-02,6.82564527e-02,6.79075865e-02,7.06135705e-02,6.99250218e-02
5.58000000e+00,4.74835858e-02,4.68840798e-02,5.84285781e-02,5.82243742e-02,6.36420250e-02,6.32869458e-02,6.69006631e-02,6.65661548e-02,6.92095160e-02,6.85441864e-02
5.60000000e+00,4.65494767e-02,4.59541768e-02,5.72726987e-02,5.70720702e-02,6.23794273e-02,6.20355579e-02,6.55713230e-02,6.52506464e-02,6.78326264e-02,6.71900220e-02
5.62000000e+00,4.56333384e-02,4.50423577e-02,5.61391041e-02,5.59420934e-02,6.11415096e-02,6.08083819e-02,6.42677695e-02,6.39605680e-02,6.64825588e-02,6.58620213e-02
5.64000000e+00,4.47350480e-02,4.41482750e-02,5.50275929e-02,5.48340171e-02,5.99275827e-02,5.96049562e-02,6.29896522e-02,6.26954354e-02,6.51587099e-02,6.45596866e-02
5.66000000e+00,4.38539535e-02,4.32715877e-02,5.39375134e-02,5.37474228e-02,5.87372296e-02,5.84248278e-02,6.17363565e-02,6.14547735e-02,6.38608038e-02,6.32825293e-02
5.68000000e+00,4.29899395e-02,4.24119612e-02,5.28686941e-02,5.26818995e-02,5.75699396e-02,5.72675522e-02,6.05073757e-02,6.02381159e-02,6.25880733e-02,6.20300701e-02
5.70000000e+00,4.21424843e-02,4.15690673e-02,5.18206432e-02,5.16370443e-02,5.64255975e-02,5.61326932e-02,5.93024045e-02,5.90450049e-02,6.13401756e-02,6.08018384e-02
5.72000000e+00,4.13116142e-02,4.07425841e-02,5.07927090e-02,5.06124616e-02,5.53033799e-02,5.50198227e-02,5.81209175e-02,5.78749916e-02,6.01166524e-02,5.95973726e-02
5.74000000e+00,4.04965617e-02,3.99321955e-02,4.97848578e-02,4.96077633e-02,5.42028695e-02,5.39285205e-02,5.69626614e-02,5.67276353e-02,5.89169972e-02,5.84162195e-02
5.76000000e+00,3.96972410e-02,3.91375916e-02,4.87965643e-02,4.86225684e-02,5.31238802e-02,5.28583746e-02,5.58266826e-02,5.56025034e-02,5.77408634e-02,5.72579344e-02
5.78000000e+00,3.89134288e-02,3.83584684e-02,4.78275903e-02,4.76565035e-02,5.20658642e-02,5.18089803e-02,5.47130741e-02,5.44991716e-02,5.65874912e-02,5.61220811e-02
5.80000000e+00,3.81447040e-02,3.75945276e-02,4.68772016e-02,4.67092017e-02,5.10286614e-02,5.07799408e-02,5.36211319e-02,5.34172235e-02,5.54567613e-02,5.50082313e-02
5.82000000e+00,3.73908207e-02,3.68454765e-02,4.59455177e-02,4.57803034e-02,5.00115119e-02,4.97708666e-02,5.25504276e-02,5.23562503e-02,5.43481484e-02,5.39159648e-02
5.84000000e+00,3.66514996e-02,3.61110279e-02,4.50317785e-02,4.48694554e-02,4.90141846e-02,4.87813755e-02,5.15006408e-02,5.13158511e-02,5.32612391e-02,5.28448693e-02
5.86000000e+00,3.59263793e-02,3.53909002e-02,4.41358797e-02,4.39763115e-02,4.80362736e-02,4.78110925e-02,5.04714958e-02,5.02956324e-02,5.21955155e-02,5.17945401e-02
5.88000000e+00,3.52153704e-02,3.46848170e-02,4.32572328e-02,4.31005318e-02,4.70774062e-02,4.68596495e-02,4.94622402e-02,4.92952080e-02,5.11506535e-02,5.07645802e-02
5.90000000e+00,3.45180146e-02,3.39925074e-02,4.23957743e-02,4.22417828e-02,4.61374000e-02,4.59266857e-02,4.84727509e-02,4.83141990e-02,5.01262769e-02,4.97545999e-02
5.92000000e+00,3.38341780e-02,3.33137053e-02,4.15511057e-02,4.13997374e-02,4.52155136e-02,4.50118465e-02,4.75027449e-02,4.73522336e-02,4.91219163e-02,4.87642169e-02
5.94000000e+00,3.31634954e-02,3.26481499e-02,4.07227352e-02,4.05740745e-02,4.43117581e-02,4.41147845e-02,4.65516858e-02,4.64089470e-02,4.81371991e-02,4.77930561e-02
5.96000000e+00,3.25056911e-02,3.19955852e-02,3.99106033e-02,3.97644793e-02,4.34255637e-02,4.32351585e-02,4.56190966e-02,4.54839813e-02,4.71717604e-02,4.68407493e-02
5.98000000e+00,3.18605900e-02,3.13557603e-02,3.91140953e-02,3.89706428e-02,4.25566547e-02,4.23726339e-02,4.47048210e-02,4.45769852e-02,4.62252758e-02,4.59069353e-02
6.00000000e+00,3.12279984e-02,3.07284287e-02,3.83331962e-02,3.81922616e-02,4.17046733e-02,4.15268822e-02,4.38084006e-02,4.36876141e-02,4.52972651e-02,4.49912596e-02
6.02000000e+00,3.06075271e-02,3.01133490e-02,3.75674367e-02,3.74290386e-02,4.08694111e-02,4.06975814e-02,4.29294705e-02,4.28155298e-02,4.43874449e-02,4.40933745e-02
6.04000000e+00,2.99991202e-02,2.95102842e-02,3.68166193e-02,3.66806817e-02,4.00504582e-02,3.98844152e-02,4.20677252e-02,4.19604005e-02,4.34955359e-02,4.32129388e-02
6.06000000e+00,2.94024404e-02,2.89190016e-02,3.60802971e-02,3.59469047e-02,3.92473750e-02,3.90870736e-02,4.12229449e-02,4.11219006e-02,4.26209718e-02,4.23496176e-02
6.08000000e+00,2.88171340e-02,2.83392735e-02,3.53583843e-02,3.52274267e-02,3.84599566e-02,3.83052522e-02,4.03946005e-02,4.02997107e-02,4.17636074e-02,4.15030824e-02
6.10000000e+00,2.82432064e-02,2.77708759e-02,3.46505232e-02,3.45219722e-02,3.76880281e-02,3.75386524e-02,3.95823978e-02,3.94935175e-02,4.09229770e-02,4.06730108e-02
6.12000000e+00,2.76803225e-02,2.72135895e-02,3.39562930e-02,3.38302708e-02,3.69310640e-02,3.67869814e-02,3.87862548e-02,3.87030134e-02,4.00988832e-02,3.98590865e-02
6.14000000e+00,2.71283276e-02,2.66671991e-02,3.32756601e-02,3.31520573e-02,3.61888818e-02,3.60499518e-02,3.80055755e-02,3.79278966e-02,3.92909124e-02,3.90609994e-02
6.16000000e+00,2.65869033e-02,2.61314935e-02,3.26082669e-02,3.24870714e-02,3.54612097e-02,3.53272815e-02,3.72402035e-02,3.71678714e-02,3.84987518e-02,3.82784448e-02
6.18000000e+00,2.60559767e-02,2.56062656e-02,3.19537669e-02,3.18350579e-02,3.47477049e-02,3.46186941e-02,3.64896767e-02,3.64226471e-02,3.77222076e-02,3.75111241e-02
6.20000000e+00,2.55351979e-02,2.50913123e-02,3.13120820e-02,3.11957664e-02,3.40481997e-02,3.39239180e-02,3.57539915e-02,3.56919388e-02,3.69607806e-02,3.67587442e-02
6.22000000e+00,2.50245072e-02,2.45864343e-02,3.06827892e-02,3.05689513e-02,3.33623216e-02,3.32426870e-02,3.50326598e-02,3.49754671e-02,3.62142660e-02,3.60210175e-02
6.24000000e+00,2.45235935e-02,2.40914362e-02,3.00657395e-02,2.99543714e-02,3.26897465e-02,3.25747400e-02,3.43254171e-02,3.42729577e-02,3.54824960e-02,3.52976620e-02
6.26000000e+00,2.40323618e-02,2.36061262e-02,2.94606611e-02,2.93517904e-02,3.20303477e-02,3.19198206e-02,3.36319543e-02,3.35841415e-02,3.47649306e-02,3.45884008e-02
6.28000000e+00,2.35505924e-02,2.31303163e-02,2.88673509e-02,2.87609764e-02,3.13837714e-02,3.12776775e-02,3.29521224e-02,3.29087545e-02,3.40614431e-02,3.38929624e-02
6.30000000e+00,2.30780635e-02,2.26638221e-02,2.82855295e-02,2.81817018e-02,3.07498071e-02,3.06480640e-02,3.22855711e-02,3.22465378e-02,3.33717614e-02,3.32110804e-02
6.32000000e+00,2.26146374e-02,2.22064627e-02,2.77150776e-02,2.76137435e-02,3.01282741e-02,3.00307382e-02,3.16320583e-02,3.15972373e-02,3.26955579e-02,3.25424935e-02
6.34000000e+00,2.21601538e-02,2.17580606e-02,2.71557029e-02,2.70568824e-02,2.95187905e-02,2.94254628e-02,3.09913065e-02,3.09606037e-02,3.20326388e-02,3.18869452e-02
6.36000000e+00,2.17144005e-02,2.13184418e-02,2.66070832e-02,2.65109039e-02,2.89212372e-02,2.88320048e-02,3.03630587e-02,3.03363925e-02,3.13827060e-02,3.12441839e-02
6.38000000e+00,2.12771725e-02,2.08874355e-02,2.60692239e-02,2.59755973e-02,2.83352751e-02,2.82501359e-02,2.97470763e-02,2.97243638e-02,3.07454653e-02,3.06139629e-02
6.40000000e+00,2.08483879e-02,2.04648744e-02,2.55417489e-02,2.54507558e-02,2.77607813e-02,2.76796321e-02,2.91431714e-02,2.91242824e-02,3.01206969e-02,2.99960402e-02
6.42000000e+00,2.04278324e-02,2.00505943e-02,2.50245202e-02,2.49361769e-02,2.71974690e-02,2.71202733e-02,2.85510086e-02,2.85359173e-02,2.95082089e-02,2.93901781e-02
6.44000000e+00,2.00153794e-02,1.96444340e-02,2.45173313e-02,2.44316615e-02,2.66451258e-02,2.65718442e-02,2.79705022e-02,2.79590421e-02,2.89076027e-02,2.87961436e-02
6.46000000e+00,1.96108744e-02,1.92462357e-02,2.40199547e-02,2.39370148e-02,2.61035413e-02,2.60341330e-02,2.74012797e-02,2.73934347e-02,2.83188503e-02,2.82137083e-02
6.48000000e+00,1.92140751e-02,1.88558444e-02,2.35322546e-02,2.34520453e-02,2.55725086e-02,2.55069324e-02,2.68431734e-02,2.68388770e-02,2.77415272e-02,2.76426479e-02
6.50000000e+00,1.88249107e-02,1.84731080e-02,2.30539665e-02,2.29765653e-02,2.50518378e-02,2.49900388e-02,2.62959469e-02,2.62951553e-02,2.71755587e-02,2.70827424e-02
6.52000000e+00,1.84431989e-02,1.80978777e-02,2.25849804e-02,2.25103908e-02,2.45412756e-02,2.44832526e-02,2.57593784e-02,2.57620600e-02,2.66206469e-02,2.65337761e-02
6.54000000e+00,1.80688985e-02,1.77300073e-02,2.21250951e-02,2.20533413e-02,2.40406822e-02,2.39863778e-02,2.52334028e-02,2.52393852e-02,2.60765534e-02,2.59955372e-02
6.56000000e+00,1.77017301e-02,1.73693533e-02,2.16741394e-02,2.16052395e-02,2.35498175e-02,2.34992225e-02,2.47176178e-02,2.47269291e-02,2.55431384e-02,2.54678182e-02
6.58000000e+00,1.73416175e-02,1.70157752e-02,2.12318562e-02,2.11659119e-02,2.30684690e-02,2.30215981e-02,2.42118631e-02,2.42244939e-02,2.50201169e-02,2.49504154e-02
6.60000000e+00,1.69884022e-02,1.66691352e-02,2.07982156e-02,2.07351879e-02,2.25965381e-02,2.25533198e-02,2.37159897e-02,2.37318853e-02,2.45073251e-02,2.44431289e-02
6.62000000e+00,1.66419987e-02,1.63292979e-02,2.03729253e-02,2.03129005e-02,2.21337955e-02,2.20942063e-02,2.32298318e-02,2.32489129e-02,2.40045823e-02,2.39457628e-02
6.64000000e+00,1.63022168e-02,1.59961308e-02,1.99559256e-02,1.98988857e-02,2.16800217e-02,2.16440797e-02,2.27531735e-02,2.27753899e-02,2.35116109e-02,2.34581249e-02
6.66000000e+00,1.59689542e-02,1.56695038e-02,1.95469595e-02,1.94929827e-02,2.12351102e-02,2.12027658e-02,2.22857390e-02,2.23111330e-02,2.30283421e-02,2.29800265e-02
6.68000000e+00,1.56421084e-02,1.53492894e-02,1.91458929e-02,1.90950339e-02,2.07987931e-02,2.07700932e-02,2.18274817e-02,2.18559623e-02,2.25544702e-02,2.25112827e-02
6.70000000e+00,1.53215136e-02,1.50353624e-02,1.87526736e-02,1.87048846e-02,2.03710012e-02,2.03458943e-02,2.13781036e-02,2.14097017e-02,2.20898539e-02,2.20517121e-02
6.72000000e+00,1.50070973e-02,1.47276002e-02,1.83670036e-02,1.83223831e-02,1.99515354e-02,1.99300043e-02,2.09375098e-02,2.09721782e-02,2.16343254e-02,2.16011367e-02
6.74000000e+00,1.46987103e-02,1.44258825e-02,1.79888438e-02,1.79473805e-02,1.95402633e-02,1.95222619e-02,2.05055401e-02,2.05432221e-02,2.11876761e-02,2.11593818e-02
6.76000000e+00,1.43962083e-02,1.41300912e-02,1.76179670e-02,1.75797309e-02,1.91369131e-02,1.91225088e-02,2.00819243e-02,2.01226670e-02,2.07497422e-02,2.07262764e-02
6.78000000e+00,1.40995495e-02,1.38401108e-02,1.72542930e-02,1.72192913e-02,1.87414363e-02,1.87305895e-02,1.96666289e-02,1.97103498e-02,2.03204118e-02,2.03016523e-02
6.80000000e+00,1.38085699e-02,1.35558276e-02,1.68976653e-02,1.68659212e-02,1.83536317e-02,1.83463517e-02,1.92593802e-02,1.93061103e-02,1.98994204e-02,1.98853450e-02
6.82000000e+00,1.35231614e-02,1.32771304e-02,1.65479276e-02,1.65194830e-02,1.79733951e-02,1.79696461e-02,1.88600719e-02,1.89097916e-02,1.94866173e-02,1.94771928e-02
6.84000000e+00,1.32432366e-02,1.30039101e-02,1.62049904e-02,1.61798416e-02,1.76005457e-02,1.76003260e-02,1.84686091e-02,1.85212397e-02,1.90819260e-02,1.90770372e-02
6.86000000e+00,1.29687162e-02,1.27360597e-02,1.58686675e-02,1.58468646e-02,1.72349364e-02,1.72382478e-02,1.80847589e-02,1.81403035e-02,1.86851304e-02,1.86847229e-02
6.88000000e+00,1.26994373e-02,1.24734743e-02,1.55388787e-02,1.55204222e-02,1.68764666e-02,1.68832705e-02,1.77083481e-02,1.77668348e-02,1.82960592e-02,1.83000973e-02
6.90000000e+00,1.24353413e-02,1.22160508e-02,1.52155003e-02,1.52003869e-02,1.65249743e-02,1.65352558e-02,1.73393022e-02,1.74006885e-02,1.79145858e-02,1.79230108e-02
6.92000000e+00,1.21763414e-02,1.19636885e-02,1.48983570e-02,1.48866338e-02,1.61802508e-02,1.61940681e-02,1.69774443e-02,1.70417220e-02,1.75406151e-02,1.75533170e-02
6.94000000e+00,1.19222719e-02,1.17162882e-02,1.45873716e-02,1.45790405e-02,1.58423092e-02,1.58595745e-02,1.66226309e-02,1.66897955e-02,1.71738770e-02,1.71908718e-02
6.96000000e+00,1.16731068e-02,1.14737531e-02,1.42823998e-02,1.42774867e-02,1.55109018e-02,1.55316445e-02,1.62747540e-02,1.63447720e-02,1.68143325e-02,1.68355342e-02
6.98000000e+00,1.14287743e-02,1.12359879e-02,1.39833568e-02,1.39818547e-02,1.51859652e-02,1.52101501e-02,1.59336999e-02,1.60065169e-02,1.64618287e-02,1.64871659e-02
7.00000000e+00,1.11891013e-02,1.10028992e-02,1.36901122e-02,1.36920289e-02,1.48673439e-02,1.48949660e-02,1.55992424e-02,1.56748986e-02,1.61161795e-02,1.61456311e-02
7.02000000e+00,1.09540531e-02,1.07743957e-02,1.34025440e-02,1.34078959e-02,1.45549374e-02,1.45859692e-02,1.52713321e-02,1.53497876e-02,1.57773122e-02,1.58107967e-02
7.04000000e+00,1.07235331e-02,1.05503875e-02,1.31205916e-02,1.31293447e-02,1.42486189e-02,1.42830388e-02,1.49498582e-02,1.50310571e-02,1.54450992e-02,1.54825323e-02
7.06000000e+00,1.04974639e-02,1.03307866e-02,1.28440987e-02,1.28562662e-02,1.39482683e-02,1.39860567e-02,1.46346288e-02,1.47185827e-02,1.51193757e-02,1.51607097e-02
7.08000000e+00,1.02757588e-02,1.01155068e-02,1.25729833e-02,1.25885535e-02,1.36537738e-02,1.36949067e-02,1.43255545e-02,1.44122425e-02,1.47999935e-02,1.48452034e-02
7.10000000e+00,1.00583099e-02,9.90446339e-03,1.23071317e-02,1.23261018e-02,1.33650312e-02,1.34094751e-02,1.40225384e-02,1.41119169e-02,1.44868875e-02,1.45358903e-02
7.12000000e+00,9.84507706e-03,9.69757348e-03,1.20464424e-02,1.20688084e-02,1.30819147e-02,1.31296502e-02,1.37254475e-02,1.38174884e-02,1.41798984e-02,1.42326496e-02
7.14000000e+00,9.63597279e-03,9.49475568e-03,1.17908269e-02,1.18165725e-02,1.28043443e-02,1.28553226e-02,1.34341707e-02,1.35288421e-02,1.38789313e-02,1.39353629e-02
7.16000000e+00,9.43090580e-03,9.29593021e-03,1.15402266e-02,1.15692951e-02,1.25321615e-02,1.25863848e-02,1.31486012e-02,1.32458651e-02,1.35838725e-02,1.36439140e-02
7.18000000e+00,9.22981277e-03,9.10101885e-03,1.12944888e-02,1.13268793e-02,1.22653311e-02,1.23227318e-02,1.28686326e-02,1.29684467e-02,1.32945934e-02,1.33581890e-02
7.20000000e+00,9.03260987e-03,8.90994488e-03,1.10535352e-02,1.10892302e-02,1.20037301e-02,1.20642601e-02,1.25941522e-02,1.26964785e-02,1.30110076e-02,1.30780762e-02
7.22000000e+00,8.83923285e-03,8.72263310e-03,1.08173061e-02,1.08562544e-02,1.17472550e-02,1.18108686e-02,1.23250326e-02,1.24298539e-02,1.27329929e-02,1.28034661e-02
7.24000000e+00,8.64961650e-03,8.53900975e-03,1.05856759e-02,1.06278605e-02,1.14957932e-02,1.15624580e-02,1.20612076e-02,1.21684686e-02,1.24604553e-02,1.25342511e-02
7.26000000e+00,8.46369192e-03,8.35900251e-03,1.03585850e-02,1.04039590e-02,1.12492749e-02,1.13189310e-02,1.18025830e-02,1.19122203e-02,1.21932616e-02,1.22703260e-02
7.28000000e+00,8.28136969e-03,8.18254047e-03,1.01359412e-02,1.01844618e-02,1.10075977e-02,1.10801920e-02,1.15490556e-02,1.16610086e-02,1.19313430e-02,1.20115874e-02
7.30000000e+00,8.10261816e-03,8.00955411e-03,9.91765689e-03,9.96928292e-03,1.07706441e-02,1.08461474e-02,1.13005163e-02,1.14147350e-02,1.16745718e-02,1.17579339e-02
7.32000000e+00,7.92734511e-03,7.83997525e-03,9.70367063e-03,9.75833767e-03,1.05383899e-02,1.06167055e-02,1.10568618e-02,1.11733031e-02,1.14229005e-02,1.15092663e-02
7.34000000e+00,7.75549188e-03,7.67373704e-03,9.49386694e-03,9.55154321e-03,1.03107011e-02,1.03917761e-02,1.08180288e-02,1.09366182e-02,1.11761764e-02,1.12654870e-02
7.36000000e+00,7.58700725e-03,7.51077393e-03,9.28820111e-03,9.34881827e-03,1.00874929e-02,1.01712711e-02,1.05838990e-02,1.07045874e-02,1.09343380e-02,1.10265006e-02
7.38000000e+00,7.42180366e-03,7.35102166e-03,9.08660516e-03,9.15008315e-03,9.86871310e-03,9.95510374e-03,1.03544230e-02,1.04771197e-02,1.06972940e-02,1.07922132e-02
7.40000000e+00,7.25988578e-03,7.19441720e-03,8.88896454e-03,8.95525969e-03,9.65423137e-03,9.74318923e-03,1.01294816e-02,1.02541258e-02,1.04649337e-02,1.05625330e-02
7.42000000e+00,7.10111065e-03,7.04089878e-03,8.69524106e-03,8.76427126e-03,9.44401976e-03,9.53544430e-03,9.90901049e-03,1.00355183e-02,1.02372104e-02,1.03373699e-02
7.44000000e+00,6.94548059e-03,6.89040581e-03,8.50533415e-03,8.57704272e-03,9.23796184e-03,9.33178732e-03,9.69289616e-03,9.82121127e-03,1.00140087e-02,1.01166356e-02
7.46000000e+00,6.79291505e-03,6.74287888e-03,8.31919443e-03,8.39350039e-03,9.03603062e-03,9.13213822e-03,9.48112272e-03,9.61112056e-03,9.79523454e-03,9.90024324e-03
7.48000000e+00,6.64337352e-03,6.59825975e-03,8.13676044e-03,8.21357200e-03,8.83809105e-03,8.93641852e-03,9.27352160e-03,9.40516362e-03,9.58084688e-03,9.68810800e-03
7.50000000e+00,6.49678055e-03,6.45649133e-03,7.95795023e-03,8.03718673e-03,8.64408351e-03,8.74455125e-03,9.07008629e-03,9.20325953e-03,9.37072281e-03,9.48014652e-03
7.52000000e+00,6.35311939e-03,6.31751760e-03,7.78269814e-03,7.86427509e-03,8.45397916e-03,8.55646093e-03,8.87072738e-03,9.00532891e-03,9.16483905e-03,9.27627707e-03
7.54000000e+00,6.21228246e-03,6.18128369e-03,7.61095807e-03,7.69476898e-03,8.26765876e-03,8.37207354e-03,8.67534615e-03,8.81129394e-03,8.96305311e-03,9.07641955e-03
7.56000000e+00,6.07427210e-03,6.04773575e-03,7.44262757e-03,7.52860160e-03,8.08507018e-03,8.19131653e-03,8.48389510e-03,8.62107832e-03,8.76532402e-03,8.88049539e-03
7.58000000e+00,5.93901146e-03,5.91682101e-03,7.27768010e-03,7.36570747e-03,7.90614821e-03,8.01411873e-03,8.29628576e-03,8.43460720e-03,8.57155584e-03,8.68842753e-03
7.60000000e+00,5.80644887e-03,5.78848774e-03,7.11604580e-03,7.20602237e-03,7.73083558e-03,7.84041036e-03,8.11244920e-03,8.25180722e-03,8.38171691e-03,8.50014043e-03
7.62000000e+00,5.67656150e-03,5.66268518e-03,6.95766229e-03,7.04948334e-03,7.55905733e-03,7.67012301e-03,7.93233234e-03,8.07260643e-03,8.19572248e-03,8.31556001e-03
7.64000000e+00,5.54927485e-03,5.53936361e-03,6.80248346e-03,6.89602863e-03,7.39073241e-03,7.50318959e-03,7.75586162e-03,7.89693427e-03,8.01346917e-03,8.13461365e-03
7.66000000e+00,5.42455306e-03,5.41847424e-03,6.65042270e-03,6.74559772e-03,7.22583896e-03,7.33954433e-03,7.58295693e-03,7.72472157e-03,7.83492811e-03,7.95723010e-03
7.68000000e+00,5.30235376e-03,5.29996927e-03,6.50144788e-03,6.59813126e-03,7.06428522e-03,7.17912271e-03,7.41357310e-03,7.55590050e-03,7.66001223e-03,7.78333953e-03
7.70000000e+00,5.18262060e-03,5.18380180e-03,6.35550776e-03,6.45357104e-03,6.90599298e-03,7.02186151e-03,7.24762119e-03,7.39040454e-03,7.48864654e-03,7.61287345e-03
7.72000000e+00,5.06532751e-03,5.06992588e-03,6.21253485e-03,6.31186001e-03,6.75094919e-03,6.86769870e-03,7.08507188e-03,7.22816848e-03,7.32079381e-03,7.44576472e-03
7.74000000e+00,4.95042512e-03,4.95829643e-03,6.07247697e-03,6.17294221e-03,6.59907749e-03,6.71657348e-03,6.92583947e-03,7.06912837e-03,7.15636835e-03,7.28194748e-03
7.76000000e+00,4.83785383e-03,4.84886927e-03,5.93527453e-03,6.03676279e-03,6.45031501e-03,6.56842623e-03,6.76988158e-03,6.91322151e-03,6.99532684e-03,7.12135719e-03
7.78000000e+00,4.72760433e-03,4.74160109e-03,5.80090890e-03,5.90326797e-03,6.30459283e-03,6.42319850e-03,6.61712699e-03,6.76038641e-03,6.83758920e-03,6.96393054e-03
7.80000000e+00,4.61961329e-03,4.63644939e-03,5.66928461e-03,5.77240500e-03,6.16187882e-03,6.28083297e-03,6.46753469e-03,6.61056280e-03,6.68312795e-03,6.80960544e-03
7.82000000e+00,4.51384438e-03,4.53337256e-03,5.54039050e-03,5.64412217e-03,6.02213293e-03,6.14127344e-03,6.32101065e-03,6.46369157e-03,6.53183134e-03,6.65832105e-03
7.84000000e+00,4.41026501e-03,4.43232975e-03,5.41415997e-03,5.51836880e-03,5.88525413e-03,6.00446481e-03,6.17754413e-03,6.31971475e-03,6.38368959e-03,6.51001768e-03
7.86000000e+00,4.30882443e-03,4.33328095e-03,5.29055204e-03,5.39509518e-03,5.75122470e-03,5.87035305e-03,6.03704061e-03,6.17857553e-03,6.23863982e-03,6.36463682e-03
7.88000000e+00,4.20949841e-03,4.23618690e-03,5.16950432e-03,5.27425255e-03,5.61999111e-03,5.73888519e-03,5.89947635e-03,6.04021819e-03,6.09658984e-03,6.22212111e-03
7.90000000e+00,4.11223853e-03,4.14100914e-03,5.05098654e-03,5.15579316e-03,5.49151143e-03,5.61000928e-03,5.76478336e-03,5.90458810e-03,5.95752988e-03,6.08241428e-03
7.92000000e+00,4.01701638e-03,4.04770994e-03,4.93494747e-03,5.03967013e-03,5.36570046e-03,5.48367441e-03,5.63292298e-03,5.77163169e-03,5.82136679e-03,5.94546117e-03
7.94000000e+00,3.92378867e-03,3.95625232e-03,4.82134428e-03,4.92583755e-03,5.24254143e-03,5.35983064e-03,5.50382212e-03,5.64129644e-03,5.68807917e-03,5.81120772e-03
7.96000000e+00,3.83252511e-03,3.86660002e-03,4.71014064e-03,4.81425037e-03,5.12197241e-03,5.23842902e-03,5.37744677e-03,5.51353087e-03,5.55760553e-03,5.67960089e-03
7.98000000e+00,3.74318985e-03,3.77871750e-03,4.60127648e-03,4.70486443e-03,5.00395661e-03,5.11942154e-03,5.25374245e-03,5.38828447e-03,5.42988675e-03,5.55058869e-03
8.00000000e+00,3.65574146e-03,3.69256991e-03,4.49472433e-03,4.59763645e-03,4.88844560e-03,5.00276116e-03,5.13266167e-03,5.26550776e-03,5.30486461e-03,5.42412015e-03
8.02000000e+00,3.57015198e-03,3.60812309e-03,4.39042831e-03,4.49252398e-03,4.77538025e-03,4.88840171e-03,5.01415553e-03,5.14515219e-03,5.18251909e-03,5.30014529e-03
8.04000000e+00,3.48639535e-03,3.52534352e-03,4.28835209e-03,4.38948540e-03,4.66472981e-03,4.77629797e-03,4.89817560e-03,5.02717017e-03,5.06277056e-03,5.17861510e-03
8.06000000e+00,3.40442522e-03,3.44419838e-03,4.18846868e-03,4.28847992e-03,4.55644960e-03,4.66640559e-03,4.78467764e-03,4.91151505e-03,4.94559761e-03,5.05948154e-03
8.08000000e+00,3.32421088e-03,3.36465547e-03,4.09071939e-03,4.18946753e-03,4.45047999e-03,4.55868106e-03,4.67360858e-03,4.79814108e-03,4.83093131e-03,4.94269750e-03
8.10000000e+00,3.24571342e-03,3.28668323e-03,3.99507210e-03,4.09240902e-03,4.34679165e-03,4.45308177e-03,4.56492696e-03,4.68700342e-03,4.71873069e-03,4.82821679e-03
8.12000000e+00,3.16892448e-03,3.21025070e-03,3.90149211e-03,3.99726593e-03,4.24534082e-03,4.34956589e-03,4.45859786e-03,4.57805808e-03,4.60895104e-03,4.71599413e-03
8.14000000e+00,3.09378980e-03,3.13532756e-03,3.80992214e-03,3.90400056e-03,4.14608838e-03,4.24809246e-03,4.35456727e-03,4.47126196e-03,4.50154906e-03,4.60598512e-03
8.16000000e+00,3.02029541e-03,3.06188406e-03,3.72035033e-03,3.81257597e-03,4.04897658e-03,4.14862128e-03,4.25278256e-03,4.36657277e-03,4.39646607e-03,4.49814623e-03
8.18000000e+00,2.94839661e-03,2.98989105e-03,3.63272219e-03,3.72295590e-03,3.95399192e-03,4.05111296e-03,4.15322743e-03,4.26394908e-03,4.29367600e-03,4.39243477e-03
8.20000000e+00,2.87806941e-03,2.91931993e-03,3.54700023e-03,3.63510484e-03,3.86106642e-03,3.95552887e-03,4.05582273e-03,4.16335026e-03,4.19312483e-03,4.28880891e-03
8.22000000e+00,2.80928425e-03,2.85014268e-03,3.46314907e-03,3.54898795e-03,3.77016352e-03,3.86183115e-03,3.96055914e-03,4.06473646e-03,4.09476506e-03,4.18722762e-03
8.24000000e+00,2.74200202e-03,2.78233184e-03,3.38113843e-03,3.46457110e-03,3.68125970e-03,3.76998267e-03,3.86737403e-03,3.96806863e-03,3.99856362e-03,4.08765068e-03
8.26000000e+00,2.67620618e-03,2.71586045e-03,3.30092828e-03,3.38182080e-03,3.59430164e-03,3.67994703e-03,3.77623015e-03,3.87330848e-03,3.90446582e-03,3.99003864e-03
8.28000000e+00,2.61185691e-03,2.65070213e-03,3.22247646e-03,3.30070422e-03,3.50925373e-03,3.59168854e-03,3.68709350e-03,3.78041845e-03,3.81244277e-03,3.89435284e-03
8.30000000e+00,2.54893606e-03,2.58683097e-03,3.14575713e-03,3.22118921e-03,3.42607452e-03,3.50517221e-03,3.59990518e-03,3.68936175e-03,3.72243393e-03,3.80055539e-03
8.32000000e+00,2.48740497e-03,2.52422161e-03,3.07072117e-03,3.14324420e-03,3.34473141e-03,3.42036375e-03,3.51464795e-03,3.60010228e-03,3.63441114e-03,3.70860911e-03
8.34000000e+00,2.42724014e-03,2.46284916e-03,2.99734878e-03,3.06683827e-03,3.26517643e-03,3.33722952e-03,3.43127060e-03,3.51260467e-03,3.54832644e-03,3.61847757e-03
8.36000000e+00,2.36841664e-03,2.40268923e-03,2.92559853e-03,2.99194110e-03,3.18739028e-03,3.25573655e-03,3.34972376e-03,3.42683422e-03,3.46414000e-03,3.53012504e-03
8.38000000e+00,2.31089396e-03,2.34371792e-03,2.85543245e-03,2.91852297e-03,3.11131170e-03,3.17585252e-03,3.26998462e-03,3.34275694e-03,3.38180782e-03,3.44351650e-03
8.40000000e+00,2.25465558e-03,2.28591177e-03,2.78682564e-03,2.84655472e-03,3.03691206e-03,3.09754574e-03,3.19199730e-03,3.26033947e-03,3.30129662e-03,3.35861761e-03
8.42000000e+00,2.19967053e-03,2.22924781e-03,2.71972967e-03,2.77600780e-03,2.96416064e-03,3.02078514e-03,3.11573618e-03,3.17954914e-03,3.22255329e-03,3.27539472e-03
8.44000000e+00,2.14590854e-03,2.17370351e-03,2.65411660e-03,2.70685419e-03,2.89302017e-03,2.94554026e-03,3.04115657e-03,3.10035389e-03,3.14555317e-03,3.19381481e-03
8.46000000e+00,2.09334516e-03,2.11925678e-03,2.58995756e-03,2.63906643e-03,2.82343896e-03,2.87178125e-03,2.96821888e-03,3.02272231e-03,3.07024363e-03,3.11384553e-03
8.48000000e+00,2.04194989e-03,2.06588598e-03,2.52721086e-03,2.57261759e-03,2.75539071e-03,2.79947881e-03,2.89687747e-03,2.94662360e-03,2.99658836e-03,3.03545517e-03
8.50000000e+00,1.99169922e-03,2.01356987e-03,2.46584811e-03,2.50748130e-03,2.68883095e-03,2.72860426e-03,2.82710185e-03,2.87202756e-03,2.92454148e-03,2.95861260e-03
8.52000000e+00,1.94256171e-03,1.96228764e-03,2.40583415e-03,2.44363167e-03,2.62373290e-03,2.65912946e-03,2.75885104e-03,2.79890458e-03,2.85406574e-03,2.88328736e-03
8.54000000e+00,1.89451012e-03,1.91201891e-03,2.34712637e-03,2.38104334e-03,2.56004976e-03,2.59102682e-03,2.69209105e-03,2.72722564e-03,2.78512784e-03,2.80944954e-03
8.56000000e+00,1.84752198e-03,1.86274367e-03,2.28970498e-03,2.31969144e-03,2.49775476e-03,2.52426929e-03,2.62677111e-03,2.65696229e-03,2.71767494e-03,2.73706984e-03
8.58000000e+00,1.80156692e-03,1.81444232e-03,2.23352853e-03,2.25955159e-03,2.43680179e-03,2.45883036e-03,2.56286119e-03,2.58808663e-03,2.65167886e-03,2.66611953e-03
8.60000000e+00,1.75661745e-03,1.76709563e-03,2.17856304e-03,2.20059990e-03,2.37715896e-03,2.39468405e-03,2.50031915e-03,2.52057131e-03,2.58709281e-03,2.59657044e-03
8.62000000e+00,1.71264773e-03,1.72068477e-03,2.12477986e-03,2.14281292e-03,2.31879274e-03,2.33180487e-03,2.43911054e-03,2.45438952e-03,2.52387649e-03,2.52839496e-03
8.64000000e+00,1.66963437e-03,1.67519127e-03,2.07213592e-03,2.08616770e-03,2.26165773e-03,2.27016783e-03,2.37918901e-03,2.38951498e-03,2.46199453e-03,2.46156602e-03
8.66000000e+00,1.62754289e-03,1.63059703e-03,2.02060747e-03,2.03064172e-03,2.20572134e-03,2.20974846e-03,2.32051616e-03,2.32592191e-03,2.40139640e-03,2.39605708e-03
8.68000000e+00,1.58634759e-03,1.58688428e-03,1.97015819e-03,1.97621289e-03,2.15094374e-03,2.15052273e-03,2.26306380e-03,2.26358506e-03,2.34205299e-03,2.33184211e-03
8.70000000e+00,1.54602691e-03,1.54403565e-03,1.92075071e-03,1.92285958e-03,2.09729350e-03,2.09246711e-03,2.20678281e-03,2.20247966e-03,2.28391890e-03,2.26889561e-03
8.72000000e+00,1.50655233e-03,1.50203405e-03,1.87235430e-03,1.87056058e-03,2.04473082e-03,2.03555853e-03,2.15163734e-03,2.14258142e-03,2.22694990e-03,2.20719258e-03
8.74000000e+00,1.46789011e-03,1.46086278e-03,1.82493206e-03,1.81929507e-03,1.99322100e-03,1.97977436e-03,2.09758850e-03,2.08386655e-03,2.17111292e-03,2.14670849e-03
8.76000000e+00,1.43002102e-03,1.42050545e-03,1.77845499e-03,1.76904269e-03,1.94271922e-03,1.92509243e-03,2.04459927e-03,2.02631170e-03,2.11636396e-03,2.08741931e-03
8.78000000e+00,1.39291596e-03,1.38094597e-03,1.73288456e-03,1.71978342e-03,1.89319521e-03,1.87149100e-03,1.99262239e-03,1.96989402e-03,2.06266623e-03,2.02930149e-03
8.80000000e+00,1.35654700e-03,1.34216861e-03,1.68819202e-03,1.67149769e-03,1.84461172e-03,1.81894876e-03,1.94163108e-03,1.91459105e-03,2.00997153e-03,1.97233192e-03
8.82000000e+00,1.32088840e-03,1.30415791e-03,1.64434256e-03,1.62416628e-03,1.79693045e-03,1.76744480e-03,1.89157820e-03,1.86038083e-03,1.95824844e-03,1.91648795e-03
8.84000000e+00,1.28591678e-03,1.26689874e-03,1.60130113e-03,1.57777035e-03,1.75012136e-03,1.71695865e-03,1.84243009e-03,1.80724180e-03,1.90744794e-03,1.86174740e-03
8.86000000e+00,1.25159894e-03,1.23037626e-03,1.55903189e-03,1.53229146e-03,1.70413824e-03,1.66747023e-03,1.79414544e-03,1.75515282e-03,1.85754278e-03,1.80808848e-03
8.88000000e+00,1.21791579e-03,1.19457591e-03,1.51751121e-03,1.48771149e-03,1.65895093e-03,1.61895985e-03,1.74668990e-03,1.70409318e-03,1.80848432e-03,1.75548988e-03
8.90000000e+00,1.18483522e-03,1.15948345e-03,1.47669867e-03,1.44401271e-03,1.61452382e-03,1.57140821e-03,1.70002074e-03,1.65404258e-03,1.76023738e-03,1.70393067e-03
8.92000000e+00,1.15233555e-03,1.12508489e-03,1.43656728e-03,1.40117772e-03,1.57081976e-03,1.52479639e-03,1.65410654e-03,1.60498111e-03,1.71276694e-03,1.65339035e-03
8.94000000e+00,1.12038956e-03,1.09136652e-03,1.39708130e-03,1.35918948e-03,1.52780523e-03,1.47910586e-03,1.60890969e-03,1.55688925e-03,1.66602770e-03,1.60384881e-03
8.96000000e+00,1.08897302e-03,1.05831491e-03,1.35821046e-03,1.31803128e-03,1.48544600e-03,1.43431842e-03,1.56438828e-03,1.50974787e-03,1.61998672e-03,1.55528636e-03
8.98000000e+00,1.05806091e-03,1.02591688e-03,1.31992751e-03,1.27768671e-03,1.44371588e-03,1.39041625e-03,1.52051728e-03,1.46353821e-03,1.57460989e-03,1.50768367e-03
9.00000000e+00,1.02763309e-03,9.94159542e-04,1.28220010e-03,1.23813973e-03,1.40257063e-03,1.34738189e-03,1.47725921e-03,1.41824189e-03,1.52986113e-03,1.46102180e-03
9.02000000e+00,9.97661846e-04,9.63030224e-04,1.24500378e-03,1.19937458e-03,1.36198883e-03,1.30519820e-03,1.43458613e-03,1.37384088e-03,1.48571248e-03,1.41528220e-03
9.04000000e+00,9.68125998e-04,9.32516523e-04,1.20830652e-03,1.16137584e-03,1.32194301e-03,1.26384839e-03,1.39245903e-03,1.33031752e-03,1.44212169e-03,1.37044665e-03
9.06000000e+00,9.39006743e-04,9.02606278e-04,1.17208506e-03,1.12412836e-03,1.28239335e-03,1.22331600e-03,1.35085511e-03,1.28765447e-03,1.39906793e-03,1.32649732e-03
9.08000000e+00,9.10279748e-04,8.73287567e-04,1.13631529e-03,1.08761731e-03,1.24332367e-03,1.18358489e-03,1.30974071e-03,1.24583477e-03,1.35651731e-03,1.28341671e-03
9.10000000e+00,8.81930173e-04,8.44548703e-04,1.10097544e-03,1.05182816e-03,1.20470743e-03,1.14463924e-03,1.26909558e-03,1.20484176e-03,1.31444680e-03,1.24118768e-03
9.12000000e+00,8.53937236e-04,8.16378230e-04,1.06604118e-03,1.01674664e-03,1.16652169e-03,1.10646356e-03,1.22889818e-03,1.16465912e-03,1.27283239e-03,1.19979343e-03
9.14000000e+00,8.26286559e-04,7.88764918e-04,1.03149784e-03,9.82358785e-04,1.12874515e-03,1.06904263e-03,1.18912326e-03,1.12527085e-03,1.23164954e-03,1.15921746e-03
9.16000000e+00,7.98961904e-04,7.61697758e-04,9.97325988e-04,9.48650891e-04,1.09136209e-03,1.03236155e-03,1.14975590e-03,1.08666128e-03,1.19088450e-03,1.11944364e-03
9.18000000e+00,7.71950814e-04,7.35165958e-04,9.63511353e-04,9.15609529e-04,1.05435913e-03,9.96405712e-04,1.11077726e-03,1.04881503e-03,1.15052145e-03,1.08045611e-03
9.20000000e+00,7.45242112e-04,7.09158940e-04,9.30042763e-04,8.83221536e-04,1.01772021e-03,9.61160798e-04,1.07218104e-03,1.01171702e-03,1.11054629e-03,1.04223937e-03
9.22000000e+00,7.18827359e-04,6.83666332e-04,8.96913582e-04,8.51474007e-04,9.81439836e-04,9.26612766e-04,1.03395409e-03,9.75352485e-04,1.07095263e-03,1.00477818e-03
9.24000000e+00,6.92698464e-04,6.58677970e-04,8.64115194e-04,8.20354290e-04,9.45512671e-04,8.92747855e-04,9.96092334e-04,9.39706941e-04,1.03173009e-03,9.68057643e-04
9.26000000e+00,6.66851993e-04,6.34183888e-04,8.31644225e-04,7.89849984e-04,9.09935159e-04,8.59552574e-04,9.58593271e-04,9.04766188e-04,9.92884627e-04,9.32063120e-04
9.28000000e+00,6.41285034e-04,6.10174319e-04,7.99502945e-04,7.59948933e-04,8.74706486e-04,8.27013695e-04,9.21463186e-04,8.70516309e-04,9.54416406e-04,8.96780279e-04
9.30000000e+00,6.15997182e-04,5.86639686e-04,7.67693447e-04,7.30639218e-04,8.39839166e-04,7.95118256e-04,8.84703302e-04,8.36943660e-04,9.16331483e-04,8.62195065e-04
9.32000000e+00,5.90992509e-04,5.63570602e-04,7.36223417e-04,7.01909158e-04,8.05333373e-04,7.63853547e-04,8.48325086e-04,8.04034866e-04,8.78637657e-04,8.28293702e-04
9.34000000e+00,5.66275441e-04,5.40957867e-04,7.05102866e-04,6.73747302e-04,7.71206105e-04,7.33207109e-04,8.12342798e-04,7.71776814e-04,8.41353496e-04,7.95062685e-04
9.36000000e+00,5.41856280e-04,5.18792460e-04,6.74345298e-04,6.46142422e-04,7.37472845e-04,7.03166728e-04,7.76773086e-04,7.40156652e-04,8.04496638e-04,7.62488773e-04
9.38000000e+00,5.17742534e-04,4.97065540e-04,6.43965090e-04,6.19083514e-04,7.04153266e-04,6.73720433e-04,7.41637661e-04,7.09161780e-04,7.68088154e-04,7.30558989e-04
9.40000000e+00,4.93949105e-04,4.75768438e-04,6.13986049e-04,5.92559791e-04,6.71268615e-04,6.44856488e-04,7.06960564e-04,6.78779848e-04,7.32151908e-04,6.99260610e-04
9.42000000e+00,4.70491941e-04,4.54892659e-04,5.84430411e-04,5.66560678e-04,6.38847123e-04,6.16563387e-04,6.72770198e-04,6.48998746e-04,6.96722651e-04,6.68581164e-04
9.44000000e+00,4.47389088e-04,4.34429874e-04,5.55322680e-04,5.41075807e-04,6.06917427e-04,5.88829852e-04,6.39098755e-04,6.19806605e-04,6.61831582e-04,6.38508425e-04
9.46000000e+00,4.24661441e-04,4.14371919e-04,5.26691903e-04,5.16095019e-04,5.75509621e-04,5.61644828e-04,6.05979294e-04,5.91191792e-04,6.27510191e-04,6.09030408e-04
9.48000000e+00,4.02331032e-04,3.94710791e-04,4.98568115e-04,4.91608350e-04,5.44661714e-04,5.34997478e-04,5.73448546e-04,5.63142898e-04,5.93800272e-04,5.80135364e-04
9.50000000e+00,3.80423066e-04,3.75438644e-04,4.70986677e-04,4.67606037e-04,5.14408690e-04,5.08877176e-04,5.41547430e-04,5.35648745e-04,5.60743501e-04,5.51811776e-04
9.52000000e+00,3.58964404e-04,3.56547789e-04,4.43981146e-04,4.44078507e-04,4.84790362e-04,4.83273510e-04,5.10313490e-04,5.08698372e-04,5.28379227e-04,5.24048355e-04
9.54000000e+00,3.37981794e-04,3.38030688e-04,4.17587551e-04,4.21016376e-04,4.55844653e-04,4.58176270e-04,4.79792623e-04,4.82281033e-04,4.96750930e-04,4.96834032e-04
9.56000000e+00,3.17504542e-04,3.19879950e-04,3.91843379e-04,3.98410447e-04,4.27613501e-04,4.33575449e-04,4.50024643e-04,4.56386198e-04,4.65904566e-04,4.70157959e-04
9.58000000e+00,2.97561637e-04,3.02088333e-04,3.66787601e-04,3.76251704e-04,4.00141871e-04,4.09461236e-04,4.21056640e-04,4.31003540e-04,4.35886905e-04,4.44009500e-04
9.60000000e+00,2.78183870e-04,2.84648735e-04,3.42457031e-04,3.54531306e-04,3.73467628e-04,3.85824015e-04,3.92930844e-04,4.06122941e-04,4.06742183e-04,4.18378231e-04
9.62000000e+00,2.59399530e-04,2.67554197e-04,3.18891340e-04,3.33240590e-04,3.47633701e-04,3.62654359e-04,3.65691958e-04,3.81734477e-04,3.78515164e-04,3.93253931e-04
9.64000000e+00,2.41236936e-04,2.50797895e-04,2.96124083e-04,3.12371063e-04,3.22679873e-04,3.39943028e-04,3.39381368e-04,3.57828424e-04,3.51249793e-04,3.68626583e-04
9.66000000e+00,2.23721960e-04,2.34373142e-04,2.74190388e-04,2.91914399e-04,2.98642786e-04,3.17680963e-04,3.14037810e-04,3.34395248e-04,3.24987137e-04,3.44486366e-04
9.68000000e+00,2.06878001e-04,2.18273381e-04,2.53119564e-04,2.71862437e-04,2.75556144e-04,2.95859284e-04,2.89696967e-04,3.11425604e-04,2.99763022e-04,3.20823652e-04
9.70000000e+00,1.90722945e-04,2.02492186e-04,2.32936611e-04,2.52207176e-04,2.53448787e-04,2.74469287e-04,2.66390067e-04,2.88910330e-04,2.75609753e-04,2.97629006e-04
9.72000000e+00,1.75267924e-04,1.87023258e-04,2.13659281e-04,2.32940774e-04,2.32339589e-04,2.53502439e-04,2.44138515e-04,2.66840445e-04,2.52550264e-04,2.74893176e-04
9.74000000e+00,1.60518161e-04,1.71860420e-04,1.95295346e-04,2.14055544e-04,2.12239902e-04,2.32950376e-04,2.22953706e-04,2.45207148e-04,2.30598132e-04,2.52607095e-04
9.76000000e+00,1.46466002e-04,1.56997621e-04,1.77841168e-04,1.95543950e-04,1.93147338e-04,2.12804898e-04,2.02835799e-04,2.24001807e-04,2.09753649e-04,2.30761874e-04
9.78000000e+00,1.33090856e-04,1.42428926e-04,1.61275559e-04,1.77398605e-04,1.75041918e-04,1.93057969e-04,1.83763666e-04,2.03215965e-04,1.89996790e-04,2.09348798e-04
9.80000000e+00,1.20355973e-04,1.28148519e-04,1.45559083e-04,1.59612268e-04,1.57883449e-04,1.73701709e-04,1.65698861e-04,1.82841329e-04,1.71288048e-04,1.88359325e-04
9.82000000e+00,1.08199521e-04,1.14150698e-04,1.30624365e-04,1.42177841e-04,1.41601806e-04,1.54728396e-04,1.48569481e-04,1.62869770e-04,1.53555811e-04,1.67785084e-04
9.84000000e+00,9.65302461e-05,1.00429875e-04,1.16368654e-04,1.25088366e-04,1.26090468e-04,1.36130459e-04,1.32266505e-04,1.43293320e-04,1.36688861e-04,1.47617865e-04
9.86000000e+00,8.52150333e-05,8.69805717e-05,1.02640151e-04,1.08337022e-04,1.11190435e-04,1.17900476e-04,1.16626528e-04,1.24104170e-04,1.20521137e-04,1.27849623e-04
9.88000000e+00,7.40584874e-05,7.37974171e-05,8.92174940e-05,9.19171243e-05,9.66681691e-05,1.00031174e-04,1.01409052e-04,1.05294661e-04,1.04807783e-04,1.08472470e-04
9.90000000e+00,6.27696572e-05,6.08751475e-05,7.57645030e-05,7.58221180e-05,8.21696158e-05,8.25154199e-05,8.62500310e-05,8.68572888e-05,8.91765012e-05,8.94786764e-05
9.92000000e+00,5.09137317e-05,4.82086029e-05,6.17756450e-05,6.00455792e-05,6.71596063e-05,6.53462247e-05,7.05959756e-05,6.87846962e-05,7.30631000e-05,7.08606620e-05
9.94000000e+00,3.78665572e-05,3.57927252e-05,4.64960613e-05,4.45812104e-05,5.08305748e-05,4.85167360e-05,5.36103798e-05,5.10696710e-05,5.56107807e-05,5.26109979e-05
9.96000000e+00,2.31330614e-05,2.36225562e-05,2.91970882e-05,2.94228384e-05,3.23631066e-05,3.20202368e-05,3.44248620e-05,3.37051438e-05,3.59203987e-05,3.47224019e-05
9.98000000e+00,8.79347590e-06,1.16932359e-05,1.21652738e-05,1.45644122e-05,1.41094215e-05,1.58501428e-05,1.54229674e-05,1.66841845e-05,1.63924906e-05,1.71877352e-05
1.00000000e+01,1.30209335e-15,0.00000000e+00,1.24537963e-15,0.00000000e+00,1.17799127e-15,0.00000000e+00,1.12783983e-15,0.00000000e+00,1.09027466e-15,0.00000000e+00
