D,NN_z0.5,NN_z1.0,NN_z2.0,NN_z4.0,NN_z7.0,NN_z11.0,PBE_z0.5,PBE_z1.0,PBE_z2.0,PBE_z4.0,PBE_z7.0,PBE_z11.0
2.00000000e-02,2.53456205e-01,6.94868803e-01,3.46542645e+00,2.50200062e+01,1.32484924e+02,4.61786316e+02,1.58898250e-01,1.01005966e+00,4.28909755e+00,2.15709303e+01,1.13780021e+02,4.01876470e+02
4.00000000e-02,2.38560736e-01,7.34390318e-01,3.87391639e+00,2.44472733e+01,1.12677872e+02,3.20840668e+02,1.57277225e-01,9.99201497e-01,4.23388649e+00,2.10466160e+01,1.03504631e+02,2.86336964e+02
6.00000000e-02,2.25601584e-01,7.48364866e-01,4.01111507e+00,2.30907841e+01,9.80938873e+01,2.43628052e+02,1.55656873e-01,9.88348855e-01,4.17872792e+00,2.05252275e+01,9.41119832e+01,2.19491381e+02
8.00000000e-02,2.14549452e-01,7.52912939e-01,4.04946709e+00,2.18181477e+01,8.71640091e+01,1.94849289e+02,1.54037533e-01,9.77504482e-01,4.12364788e+00,2.00081503e+01,8.57447371e+01,1.77069776e+02
1.00000000e-01,2.05184266e-01,7.53708601e-01,4.04748154e+00,2.07180367e+01,7.85968246e+01,1.61272675e+02,1.52419539e-01,9.66671119e-01,4.06867218e+00,1.94966821e+01,7.83898288e+01,1.47924327e+02
1.20000000e-01,1.97281376e-01,7.53208637e-01,4.02871799e+00,1.97672997e+01,7.16384048e+01,1.36798035e+02,1.50803226e-01,9.55851494e-01,4.01382632e+00,1.89920119e+01,7.19558106e+01,1.26703795e+02
1.40000000e-01,1.90632015e-01,7.52548277e-01,4.00308228e+00,1.89319878e+01,6.58343887e+01,1.18208885e+02,1.49188926e-01,9.45048316e-01,3.95913544e+00,1.84952040e+01,6.63257436e+01,1.10574048e+02
1.60000000e-01,1.85049728e-01,7.52217650e-01,3.97463465e+00,1.81843643e+01,6.08948135e+01,1.03643280e+02,1.47576972e-01,9.34264277e-01,3.90462419e+00,1.80071880e+01,6.13840353e+01,9.79037553e+01
1.80000000e-01,1.80373475e-01,7.52388775e-01,3.94486165e+00,1.75043182e+01,5.66244469e+01,9.19491196e+01,1.45967692e-01,9.23502043e-01,3.85031673e+00,1.75287551e+01,5.70271989e+01,8.76899099e+01
2.00000000e-01,1.76464647e-01,7.53059626e-01,3.91407561e+00,1.68775806e+01,5.28862648e+01,8.23732452e+01,1.44361413e-01,9.12764254e-01,3.79623664e+00,1.70605585e+01,5.31666579e+01,7.92825847e+01
2.20000000e-01,1.73200250e-01,7.54152596e-01,3.88217258e+00,1.62941875e+01,4.95804482e+01,7.44030533e+01,1.42758461e-01,9.02053523e-01,3.74240686e+00,1.66031182e+01,4.97281582e+01,7.22423652e+01
2.40000000e-01,1.70477480e-01,7.55535841e-01,3.84886122e+00,1.57471037e+01,4.66319427e+01,6.76777191e+01,1.41159155e-01,8.91372428e-01,3.68884964e+00,1.61568291e+01,4.66499878e+01,6.62615866e+01
2.60000000e-01,1.68205082e-01,7.57081687e-01,3.81391239e+00,1.52312002e+01,4.39833565e+01,6.19364662e+01,1.39563815e-01,8.80723512e-01,3.63558650e+00,1.57219711e+01,4.38809680e+01,6.11184313e+01
2.80000000e-01,1.66306496e-01,7.58654058e-01,3.77709651e+00,1.47427826e+01,4.15890694e+01,5.69849701e+01,1.37972756e-01,8.70109283e-01,3.58263819e+00,1.52987203e+01,4.13785937e+01,5.66489532e+01
3.00000000e-01,1.64712504e-01,7.60124028e-01,3.73831415e+00,1.42789650e+01,3.94130440e+01,5.26769638e+01,1.36386290e-01,8.59532204e-01,3.53002463e+00,1.48871612e+01,3.91074420e+01,5.27293656e+01
3.20000000e-01,1.63367420e-01,7.61390388e-01,3.69752383e+00,1.38375359e+01,3.74257507e+01,4.88993950e+01,1.34804723e-01,8.48994699e-01,3.47776491e+00,1.44872988e+01,3.70378585e+01,4.92644575e+01
3.40000000e-01,1.62220791e-01,7.62354195e-01,3.65476561e+00,1.34167557e+01,3.56030502e+01,4.55637093e+01,1.33228361e-01,8.38499143e-01,3.42587723e+00,1.40990701e+01,3.51448926e+01,4.61797983e+01
3.60000000e-01,1.61226705e-01,7.62945771e-01,3.61010623e+00,1.30151453e+01,3.39248810e+01,4.25999985e+01,1.31657502e-01,8.28047867e-01,3.37437892e+00,1.37223548e+01,3.34074399e+01,4.34163625e+01
3.80000000e-01,1.60353079e-01,7.63099611e-01,3.56369662e+00,1.26314077e+01,3.23742332e+01,3.99518776e+01,1.30092441e-01,8.17643150e-01,3.32328639e+00,1.33569855e+01,3.18075551e+01,4.09267404e+01
4.00000000e-01,1.59565195e-01,7.62764335e-01,3.51567459e+00,1.22644882e+01,3.09369087e+01,3.75736275e+01,1.28533467e-01,8.07287218e-01,3.27261513e+00,1.30027564e+01,3.03298988e+01,3.86724150e+01
4.20000000e-01,1.58837244e-01,7.61914849e-01,3.46622324e+00,1.19133759e+01,2.96007156e+01,3.54277916e+01,1.26980868e-01,7.96982245e-01,3.22237971e+00,1.26594316e+01,2.89612928e+01,3.66217698e+01
4.40000000e-01,1.58146918e-01,7.60531008e-01,3.41553116e+00,1.15771723e+01,2.83551807e+01,3.34833755e+01,1.25434921e-01,7.86730351e-01,3.17259379e+00,1.23267517e+01,2.76903604e+01,3.47486102e+01
4.60000000e-01,1.57472879e-01,7.58589864e-01,3.36378908e+00,1.12550468e+01,2.71912231e+01,3.17144699e+01,1.23895903e-01,7.76533595e-01,3.12327007e+00,1.20044397e+01,2.65072344e+01,3.30310488e+01
4.80000000e-01,1.56800270e-01,7.56104052e-01,3.31118202e+00,1.09462824e+01,2.61010265e+01,3.00995502e+01,1.22364081e-01,7.66393980e-01,3.07442036e+00,1.16922064e+01,2.54033183e+01,3.14506550e+01
5.00000000e-01,1.56117037e-01,7.53069460e-01,3.25789642e+00,1.06500912e+01,2.50776253e+01,2.86200657e+01,1.20839721e-01,7.56313451e-01,3.02605557e+00,1.13897546e+01,2.43710911e+01,2.99917985e+01
5.20000000e-01,1.55410588e-01,7.49502838e-01,3.20410109e+00,1.03658619e+01,2.41151543e+01,2.72604103e+01,1.19323079e-01,7.46293888e-01,2.97818569e+00,1.10967825e+01,2.34039465e+01,2.86411367e+01
5.40000000e-01,1.54673085e-01,7.45417953e-01,3.14995670e+00,1.00929184e+01,2.32081680e+01,2.60072384e+01,1.17814407e-01,7.36337113e-01,2.93081987e+00,1.08129869e+01,2.24960588e+01,2.73872112e+01
5.60000000e-01,1.53897271e-01,7.40834475e-01,3.09562373e+00,9.83070183e+00,2.23520317e+01,2.48490810e+01,1.16313951e-01,7.26444883e-01,2.88396637e+00,1.05380657e+01,2.16422727e+01,2.62201263e+01
5.80000000e-01,1.53077394e-01,7.35780954e-01,3.04124212e+00,9.57862091e+00,2.15425682e+01,2.37758617e+01,1.14821950e-01,7.16618892e-01,2.83763264e+00,1.02717194e+01,2.08380099e+01,2.51312915e+01
6.00000000e-01,1.52211010e-01,7.30281234e-01,2.98692989e+00,9.33617401e+00,2.07761097e+01,2.27790527e+01,1.13338638e-01,7.06860770e-01,2.79182530e+00,1.00136533e+01,2.00791915e+01,2.41132130e+01
6.20000000e-01,1.51295468e-01,7.24358857e-01,2.93280864e+00,9.10281754e+00,2.00492668e+01,2.18509197e+01,1.11864240e-01,6.97172082e-01,2.74655021e+00,9.76357839e+00,1.93621719e+01,2.31593243e+01
6.40000000e-01,1.50327176e-01,7.18054235e-01,2.87898254e+00,8.87809753e+00,1.93590374e+01,2.09849777e+01,1.10398978e-01,6.87554330e-01,2.70181243e+00,9.52121228e+00,1.86836832e+01,2.22638468e+01
6.60000000e-01,1.49307698e-01,7.11383164e-01,2.82553983e+00,8.66157246e+00,1.87028580e+01,2.01753979e+01,1.08943063e-01,6.78008948e-01,2.65761633e+00,9.28628004e+00,1.80407882e+01,2.14216753e+01
6.80000000e-01,1.48237139e-01,7.04385817e-01,2.77256393e+00,8.45282459e+00,1.80781860e+01,1.94169006e+01,1.07496703e-01,6.68537308e-01,2.61396555e+00,9.05851467e+00,1.74308391e+01,2.06282825e+01
7.00000000e-01,1.47113547e-01,6.97085977e-01,2.72012448e+00,8.25143909e+00,1.74829617e+01,1.87051239e+01,1.06060098e-01,6.59140715e-01,2.57086307e+00,8.83765746e+00,1.68514434e+01,1.98796396e+01
7.20000000e-01,1.45941556e-01,6.89515829e-01,2.66828704e+00,8.05704689e+00,1.69151154e+01,1.80358238e+01,1.04633440e-01,6.49820409e-01,2.52831122e+00,8.62345817e+00,1.63004340e+01,1.91721493e+01
7.40000000e-01,1.44721121e-01,6.81700766e-01,2.61710262e+00,7.86928701e+00,1.63729134e+01,1.74054775e+01,1.03216915e-01,6.40577565e-01,2.48631170e+00,8.41567519e+00,1.57758429e+01,1.85025900e+01
7.60000000e-01,1.43454805e-01,6.73670113e-01,2.56661606e+00,7.68783140e+00,1.58546124e+01,1.68109150e+01,1.01810703e-01,6.31413296e-01,2.44486566e+00,8.21407553e+00,1.52758795e+01,1.78680673e+01
7.80000000e-01,1.42146006e-01,6.65448606e-01,2.51686239e+00,7.51235771e+00,1.53588533e+01,1.62491608e+01,1.00414975e-01,6.22328649e-01,2.40397366e+00,8.01843478e+00,1.47989109e+01,1.72659741e+01
8.00000000e-01,1.40794694e-01,6.57059252e-01,2.46787381e+00,7.34258366e+00,1.48841610e+01,1.57176275e+01,9.90298966e-02,6.13324607e-01,2.36363575e+00,7.82853696e+00,1.43434446e+01,1.66939556e+01
8.20000000e-01,1.39405474e-01,6.48532927e-01,2.41968107e+00,7.17822647e+00,1.44292974e+01,1.52139912e+01,9.76556254e-02,6.04402092e-01,2.32385150e+00,7.64417443e+00,1.39081145e+01,1.61498793e+01
8.40000000e-01,1.37980804e-01,6.39883995e-01,2.37229323e+00,7.01900148e+00,1.39931803e+01,1.47361765e+01,9.62923124e-02,5.95561964e-01,2.28461997e+00,7.46514764e+00,1.34916673e+01,1.56318096e+01
8.60000000e-01,1.36523619e-01,6.31136775e-01,2.32573843e+00,6.86469603e+00,1.35746698e+01,1.42821589e+01,9.49401014e-02,5.86805021e-01,2.24593981e+00,7.29126495e+00,1.30929512e+01,1.51379856e+01
8.80000000e-01,1.35036439e-01,6.22313738e-01,2.28002143e+00,6.71505451e+00,1.31728163e+01,1.38503094e+01,9.35991295e-02,5.78132000e-01,2.20780925e+00,7.12234240e+00,1.27109059e+01,1.46668017e+01
9.00000000e-01,1.33522928e-01,6.13428652e-01,2.23514652e+00,6.56985855e+00,1.27867289e+01,1.34389944e+01,9.22695264e-02,5.69543581e-01,2.17022614e+00,6.95820341e+00,1.23445538e+01,1.42167909e+01
9.20000000e-01,1.31984919e-01,6.04502439e-01,2.19112611e+00,6.42889929e+00,1.24155388e+01,1.30467920e+01,9.09514149e-02,5.61040382e-01,2.13318794e+00,6.79867861e+00,1.19929920e+01,1.37866101e+01
9.40000000e-01,1.30425900e-01,5.95549822e-01,2.14795780e+00,6.29198503e+00,1.20584583e+01,1.26723890e+01,8.96449111e-02,5.52622968e-01,2.09669181e+00,6.64360550e+00,1.16553854e+01,1.33750273e+01
9.60000000e-01,1.28849223e-01,5.86585402e-01,2.10563111e+00,6.15893745e+00,1.17148323e+01,1.23146324e+01,8.83501239e-02,5.44291844e-01,2.06073458e+00,6.49282825e+00,1.13309603e+01,1.29809104e+01
9.80000000e-01,1.27256125e-01,5.77621222e-01,2.06415105e+00,6.02959108e+00,1.13839273e+01,1.19723969e+01,8.70671556e-02,5.36047461e-01,2.02531278e+00,6.34619739e+00,1.10189991e+01,1.26032174e+01
1.00000000e+00,1.25649765e-01,5.68672299e-01,2.02351069e+00,5.90376949e+00,1.10651474e+01,1.16446581e+01,8.57961015e-02,5.27890218e-01,1.99042268e+00,6.20356960e+00,1.07188349e+01,1.22409873e+01
1.02000000e+00,1.24033161e-01,5.59749424e-01,1.98370409e+00,5.78133440e+00,1.07578821e+01,1.13305674e+01,8.45370504e-02,5.19820458e-01,1.95606032e+00,6.06480740e+00,1.04298478e+01,1.18933325e+01
1.04000000e+00,1.22408211e-01,5.50864756e-01,1.94472134e+00,5.66212416e+00,1.04615936e+01,1.10291843e+01,8.32900842e-02,5.11838475e-01,1.92222148e+00,5.92977898e+00,1.01514601e+01,1.15594320e+01
1.06000000e+00,1.20776728e-01,5.42023838e-01,1.90654325e+00,5.54602337e+00,1.01758099e+01,1.07398205e+01,8.20552784e-02,5.03944512e-01,1.88890175e+00,5.79835789e+00,9.88313321e+00,1.12385253e+01
1.08000000e+00,1.19141079e-01,5.33240378e-01,1.86917317e+00,5.43287992e+00,9.89998913e+00,1.04616890e+01,8.08327019e-02,4.96138763e-01,1.85609653e+00,5.67042283e+00,9.62436432e+00,1.09299067e+01
1.10000000e+00,1.17504157e-01,5.24517894e-01,1.83258879e+00,5.32260084e+00,9.63371563e+00,1.01941862e+01,7.96224173e-02,4.88421374e-01,1.82380106e+00,5.54585746e+00,9.37468340e+00,1.06329208e+01
1.12000000e+00,1.15866698e-01,5.15863657e-01,1.79678631e+00,5.21505213e+00,9.37656307e+00,9.93664742e+00,7.84244807e-02,4.80792446e-01,1.79201039e+00,5.42455013e+00,9.13365063e+00,1.03469577e+01
1.14000000e+00,1.14231139e-01,5.07287145e-01,1.76174188e+00,5.11014938e+00,9.12811565e+00,9.68857861e+00,7.72389422e-02,4.73252034e-01,1.76071945e+00,5.30639369e+00,8.90085399e+00,1.00714493e+01
1.16000000e+00,1.12598434e-01,4.98791665e-01,1.72744870e+00,5.00776577e+00,8.88802242e+00,9.44939327e+00,7.60658454e-02,4.65800150e-01,1.72992306e+00,5.19128531e+00,8.67590712e+00,9.80586592e+00
1.18000000e+00,1.10970818e-01,4.90383387e-01,1.69389486e+00,4.90782404e+00,8.65589428e+00,9.21861649e+00,7.49052284e-02,4.58436764e-01,1.69961591e+00,5.07912626e+00,8.45844735e+00,9.54971291e+00
1.20000000e+00,1.09349996e-01,4.82066959e-01,1.66105747e+00,4.81022501e+00,8.43143749e+00,8.99579334e+00,7.37571229e-02,4.51161805e-01,1.66979258e+00,4.96982174e+00,8.24813390e+00,9.30252784e+00
1.22000000e+00,1.07736766e-01,4.73843724e-01,1.62892485e+00,4.71488857e+00,8.21431351e+00,8.78054523e+00,7.26215552e-02,4.43975161e-01,1.64044758e+00,4.86328071e+00,8.04464625e+00,9.06387795e+00
1.24000000e+00,1.06131576e-01,4.65718448e-01,1.59748650e+00,4.62173891e+00,8.00420666e+00,8.57244968e+00,7.14985455e-02,4.36876685e-01,1.61157535e+00,4.75941570e+00,7.84768268e+00,8.83335779e+00
1.26000000e+00,1.04537301e-01,4.57696050e-01,1.56672394e+00,4.53068924e+00,7.80087757e+00,8.37112713e+00,7.03881088e-02,4.29866191e-01,1.58317026e+00,4.65814266e+00,7.65695889e+00,8.61058710e+00
1.28000000e+00,1.02953576e-01,4.49775219e-01,1.53662431e+00,4.44168520e+00,7.60401392e+00,8.17628193e+00,6.92902545e-02,4.22943458e-01,1.55522661e+00,4.55938082e+00,7.47220677e+00,8.39520887e+00
1.30000000e+00,1.01381578e-01,4.41960037e-01,1.50717640e+00,4.35464096e+00,7.41337776e+00,7.98757935e+00,6.82049866e-02,4.16108232e-01,1.52773869e+00,4.46305252e+00,7.29317325e+00,8.18688763e+00
1.32000000e+00,9.98226255e-02,4.34253961e-01,1.47835732e+00,4.26951075e+00,7.22871637e+00,7.80469847e+00,6.71323040e-02,4.09360224e-01,1.50070072e+00,4.36908309e+00,7.11961928e+00,7.98530779e+00
1.34000000e+00,9.82769951e-02,4.26655769e-01,1.45015502e+00,4.18621588e+00,7.04981422e+00,7.62739372e+00,6.60722005e-02,4.02699116e-01,1.47410692e+00,4.27740071e+00,6.95131887e+00,7.79017222e+00
1.36000000e+00,9.67459232e-02,4.19164330e-01,1.42256320e+00,4.10470724e+00,6.87644148e+00,7.45542049e+00,6.50246650e-02,3.96124559e-01,1.44795147e+00,4.18793627e+00,6.78805820e+00,7.60120094e+00
1.38000000e+00,9.52297002e-02,4.11785722e-01,1.39555418e+00,4.02493334e+00,6.70837212e+00,7.28848696e+00,6.39896815e-02,3.89636173e-01,1.42222856e+00,4.10062326e+00,6.62963480e+00,7.41812984e+00
1.40000000e+00,9.37288627e-02,4.04517978e-01,1.36912727e+00,3.94683170e+00,6.54542160e+00,7.12642527e+00,6.29672294e-02,3.83233555e-01,1.39693236e+00,4.01539769e+00,6.47585683e+00,7.24070963e+00
1.42000000e+00,9.22441781e-02,3.97360444e-01,1.34326029e+00,3.87037015e+00,6.38740396e+00,6.96898079e+00,6.19572835e-02,3.76916270e-01,1.37205705e+00,3.93219790e+00,6.32654238e+00,7.06870477e+00
1.44000000e+00,9.07754675e-02,3.90314072e-01,1.31794310e+00,3.79548955e+00,6.23413706e+00,6.81596661e+00,6.09598141e-02,3.70683863e-01,1.34759680e+00,3.85096454e+00,6.18151883e+00,6.90189256e+00
1.46000000e+00,8.93234536e-02,3.83379519e-01,1.29316103e+00,3.72215104e+00,6.08541870e+00,6.66720533e+00,5.99747874e-02,3.64535852e-01,1.32354582e+00,3.77164040e+00,6.04062229e+00,6.74006226e+00
1.48000000e+00,8.78884941e-02,3.76554936e-01,1.26890719e+00,3.65030599e+00,5.94111729e+00,6.52249956e+00,5.90021653e-02,3.58471731e-01,1.29989832e+00,3.69417039e+00,5.90369702e+00,6.58301433e+00
1.50000000e+00,8.64708871e-02,3.69842261e-01,1.24516022e+00,3.57992053e+00,5.80106783e+00,6.38170528e+00,5.80419058e-02,3.52490977e-01,1.27664854e+00,3.61850136e+00,5.77059493e+00,6.43055962e+00
1.52000000e+00,8.50709900e-02,3.63236845e-01,1.22191143e+00,3.51095104e+00,5.66509771e+00,6.24464560e+00,5.70939629e-02,3.46593041e-01,1.25379073e+00,3.54458211e+00,5.64117515e+00,6.28251880e+00
1.54000000e+00,8.36883411e-02,3.56741399e-01,1.19914973e+00,3.44336772e+00,5.53307724e+00,6.11118603e+00,5.61582869e-02,3.40777358e-01,1.23131920e+00,3.47236324e+00,5.51530356e+00,6.13872166e+00
1.56000000e+00,8.23238567e-02,3.50353897e-01,1.17686033e+00,3.37712431e+00,5.40486002e+00,5.98118258e+00,5.52348244e-02,3.35043343e-01,1.20922827e+00,3.40179709e+00,5.39285243e+00,5.99900654e+00
1.58000000e+00,8.09774399e-02,3.44073951e-01,1.15503538e+00,3.31220222e+00,5.28032637e+00,5.85451698e+00,5.43235187e-02,3.29390394e-01,1.18751230e+00,3.33283767e+00,5.27369997e+00,5.86321984e+00
1.60000000e+00,7.96490833e-02,3.37899625e-01,1.13366222e+00,3.24855518e+00,5.15932083e+00,5.73105907e+00,5.34243095e-02,3.23817894e-01,1.16616570e+00,3.26544061e+00,5.15773008e+00,5.73121550e+00
1.62000000e+00,7.83387199e-02,3.31831157e-01,1.11272919e+00,3.18616414e+00,5.04174042e+00,5.61067057e+00,5.25371334e-02,3.18325208e-01,1.14518292e+00,3.19956306e+00,5.04483195e+00,5.60285452e+00
1.64000000e+00,7.70465136e-02,3.25865477e-01,1.09222484e+00,3.12499475e+00,4.92746210e+00,5.49326849e+00,5.16619240e-02,3.12911688e-01,1.12455845e+00,3.13516364e+00,4.93489979e+00,5.47800457e+00
1.66000000e+00,7.57720023e-02,3.20002705e-01,1.07214248e+00,3.06502342e+00,4.81637573e+00,5.37873840e+00,5.07986117e-02,3.07576672e-01,1.10428684e+00,3.07220237e+00,4.82783256e+00,5.35653959e+00
1.68000000e+00,7.45155141e-02,3.14241379e-01,1.05246758e+00,3.00621557e+00,4.70836592e+00,5.26697540e+00,4.99471243e-02,3.02319486e-01,1.08436267e+00,3.01064064e+00,4.72353368e+00,5.23833940e+00
1.70000000e+00,7.32773170e-02,3.08579206e-01,1.03319371e+00,2.94854021e+00,4.60332537e+00,5.15789223e+00,4.91073866e-02,2.97139444e-01,1.06478059e+00,2.95044111e+00,4.62191080e+00,5.12328940e+00
1.72000000e+00,7.20569268e-02,3.03016603e-01,1.01430738e+00,2.89198256e+00,4.50116014e+00,5.05139256e+00,4.82793210e-02,2.92035849e-01,1.04553529e+00,2.89156772e+00,4.52287557e+00,5.01128018e+00
1.74000000e+00,7.08541870e-02,2.97551215e-01,9.95802641e-01,2.83651853e+00,4.40178299e+00,4.94738913e+00,4.74628474e-02,2.87007994e-01,1.02662153e+00,2.83398557e+00,4.42634341e+00,4.90220733e+00
1.76000000e+00,6.96691871e-02,2.92181164e-01,9.77668881e-01,2.78212786e+00,4.30507994e+00,4.84580469e+00,4.66578832e-02,2.82055162e-01,1.00803411e+00,2.77766091e+00,4.33223335e+00,4.79597105e+00
1.78000000e+00,6.85019419e-02,2.86906570e-01,9.59898114e-01,2.72877789e+00,4.21096706e+00,4.74656820e+00,4.58643438e-02,2.77176629e-01,9.89767900e-01,2.72256111e+00,4.24046780e+00,4.69247598e+00
1.80000000e+00,6.73519000e-02,2.81724185e-01,9.42478240e-01,2.67645097e+00,4.11937380e+00,4.64960861e+00,4.50821423e-02,2.72371662e-01,9.71817815e-01,2.66865457e+00,4.15097237e+00,4.59163090e+00
1.82000000e+00,6.62187859e-02,2.76633739e-01,9.25405145e-01,2.62512493e+00,4.03020573e+00,4.55483770e+00,4.43111898e-02,2.67639521e-01,9.54178840e-01,2.61591071e+00,4.06367575e+00,4.49334856e+00
1.84000000e+00,6.51031584e-02,2.71632701e-01,9.08668756e-01,2.57478547e+00,3.94339013e+00,4.46221066e+00,4.35513955e-02,2.62979461e-01,9.36846013e-01,2.56429995e+00,3.97850952e+00,4.39754540e+00
1.86000000e+00,6.40043765e-02,2.66721308e-01,8.92261088e-01,2.52540255e+00,3.85883260e+00,4.37165117e+00,4.28026669e-02,2.58390730e-01,9.19814434e-01,2.51379361e+00,3.89540800e+00,4.30414143e+00
1.88000000e+00,6.29224107e-02,2.61896610e-01,8.76174986e-01,2.47697115e+00,3.77647805e+00,4.28309345e+00,4.20649098e-02,2.53872572e-01,9.03079265e-01,2.46436393e+00,3.81430814e+00,4.21305997e+00
1.90000000e+00,6.18569367e-02,2.57157713e-01,8.60402226e-01,2.42945552e+00,3.69625664e+00,4.19649076e+00,4.13380282e-02,2.49424225e-01,8.86635727e-01,2.41598401e+00,3.73514935e+00,4.12422753e+00
1.92000000e+00,6.08075969e-02,2.52502143e-01,8.44934285e-01,2.38285470e+00,3.61808848e+00,4.11178493e+00,4.06219250e-02,2.45044925e-01,8.70479103e-01,2.36862779e+00,3.65787343e+00,4.03757363e+00
1.94000000e+00,5.97744584e-02,2.47930080e-01,8.29768062e-01,2.33714151e+00,3.54190898e+00,4.02892208e+00,3.99165013e-02,2.40733904e-01,8.54604736e-01,2.32227000e+00,3.58242441e+00,3.95303063e+00
1.96000000e+00,5.87574579e-02,2.43438572e-01,8.14891517e-01,2.29229689e+00,3.46766639e+00,3.94783854e+00,3.92216573e-02,2.36490391e-01,8.39008034e-01,2.27688616e+00,3.50874848e+00,3.87053364e+00
1.98000000e+00,5.77557981e-02,2.39027798e-01,8.00301015e-01,2.24831200e+00,3.39528203e+00,3.86852336e+00,3.85372918e-02,2.32313614e-01,8.23684462e-01,2.23245251e+00,3.43679383e+00,3.79002030e+00
2.00000000e+00,5.67700826e-02,2.34695196e-01,7.85990417e-01,2.20516372e+00,3.32471609e+00,3.79089117e+00,3.78633027e-02,2.28202798e-01,8.08629549e-01,2.18894601e+00,3.36651064e+00,3.71143072e+00
2.02000000e+00,5.57995252e-02,2.30440289e-01,7.71950841e-01,2.16284132e+00,3.25590229e+00,3.71490860e+00,3.71995865e-02,2.24157169e-01,7.93838886e-01,2.14634433e+00,3.29785091e+00,3.63470736e+00
2.04000000e+00,5.48439138e-02,2.26259604e-01,7.58176923e-01,2.12132382e+00,3.18878222e+00,3.64053345e+00,3.65460393e-02,2.20175951e-01,7.79308123e-01,2.10462577e+00,3.23076841e+00,3.55979486e+00
2.06000000e+00,5.39034232e-02,2.22155243e-01,7.44662702e-01,2.08060431e+00,3.12331057e+00,3.56772304e+00,3.59025561e-02,2.16258367e-01,7.65032973e-01,2.06376929e+00,3.16521862e+00,3.48664001e+00
2.08000000e+00,5.29775955e-02,2.18122289e-01,7.31403708e-01,2.04066300e+00,3.05943656e+00,3.49645662e+00,3.52690312e-02,2.12403641e-01,7.51009209e-01,2.02375447e+00,3.10115860e+00,3.41519158e+00
2.10000000e+00,5.20661958e-02,2.14161679e-01,7.18392551e-01,2.00148010e+00,2.99710226e+00,3.42666698e+00,3.46453581e-02,2.08610999e-01,7.37232664e-01,1.98456146e+00,3.03854696e+00,3.34540027e+00
2.12000000e+00,5.11689223e-02,2.10271373e-01,7.05625176e-01,1.96305346e+00,2.93627405e+00,3.35833478e+00,3.40314301e-02,2.04879666e-01,7.23699233e-01,1.94617101e+00,2.97734377e+00,3.27721861e+00
2.14000000e+00,5.02859354e-02,2.06450000e-01,6.93093956e-01,1.92536104e+00,2.87689376e+00,3.29142118e+00,3.34271396e-02,2.01208871e-01,7.10404867e-01,1.90856440e+00,2.91751052e+00,3.21060087e+00
2.16000000e+00,4.94165123e-02,2.02696517e-01,6.80795014e-01,1.88838720e+00,2.81892610e+00,3.22588611e+00,3.28323788e-02,1.97597842e-01,6.97345581e-01,1.87172345e+00,2.85901003e+00,3.14550298e+00
2.18000000e+00,4.85607833e-02,1.99009538e-01,6.68723881e-01,1.85212922e+00,2.76232505e+00,3.16169858e+00,3.22470394e-02,1.94045811e-01,6.84517444e-01,1.83563051e+00,2.80180639e+00,3.08188248e+00
2.20000000e+00,4.77186255e-02,1.95387736e-01,6.56874001e-01,1.81656897e+00,2.70705175e+00,3.09883428e+00,3.16710130e-02,1.90552012e-01,6.71916588e-01,1.80026840e+00,2.74586496e+00,3.01969839e+00
2.22000000e+00,4.68893722e-02,1.91830143e-01,6.45240545e-01,1.78168833e+00,2.65306568e+00,3.03726411e+00,3.11041908e-02,1.87115682e-01,6.59539201e-01,1.76562043e+00,2.69115223e+00,2.95891120e+00
2.24000000e+00,4.60732467e-02,1.88335419e-01,6.33821309e-01,1.74747849e+00,2.60032892e+00,2.97693419e+00,3.05464640e-02,1.83736061e-01,6.47381526e-01,1.73167037e+00,2.63763584e+00,2.89948280e+00
2.26000000e+00,4.52699475e-02,1.84902728e-01,6.22607589e-01,1.71392739e+00,2.54880738e+00,2.91784286e+00,2.99977235e-02,1.80412392e-01,6.35439866e-01,1.69840246e+00,2.58528452e+00,2.84137638e+00
2.28000000e+00,4.44792733e-02,1.81530803e-01,6.11597657e-01,1.68102658e+00,2.49846220e+00,2.85995531e+00,2.94578605e-02,1.77143922e-01,6.23710580e-01,1.66580133e+00,2.53406800e+00,2.78455641e+00
2.30000000e+00,4.37010340e-02,1.78217754e-01,6.00787342e-01,1.64876294e+00,2.44926190e+00,2.80323720e+00,2.89267658e-02,1.73929902e-01,6.12190082e-01,1.63385205e+00,2.48395704e+00,2.72898857e+00
2.32000000e+00,4.29348573e-02,1.74963072e-01,5.90170681e-01,1.61711788e+00,2.40116644e+00,2.74766898e+00,2.84043306e-02,1.70769588e-01,6.00874840e-01,1.60254011e+00,2.43492332e+00,2.67463971e+00
2.34000000e+00,4.21806313e-02,1.71765968e-01,5.79745114e-01,1.58608794e+00,2.35415840e+00,2.69322252e+00,2.78904462e-02,1.67662239e-01,5.89761379e-01,1.57185135e+00,2.38693946e+00,2.62147778e+00
2.36000000e+00,4.14384268e-02,1.68625146e-01,5.69506168e-01,1.55565798e+00,2.30819321e+00,2.63987112e+00,2.73850040e-02,1.64607118e-01,5.78846275e-01,1.54177202e+00,2.33997893e+00,2.56947180e+00
2.38000000e+00,4.07077484e-02,1.65539816e-01,5.59449017e-01,1.52581716e+00,2.26324987e+00,2.58760262e+00,2.68878957e-02,1.61603497e-01,5.68126160e-01,1.51228872e+00,2.29401606e+00,2.51859182e+00
2.40000000e+00,3.99885550e-02,1.62508190e-01,5.49572349e-01,1.49655700e+00,2.21929431e+00,2.53637791e+00,2.63990132e-02,1.58650647e-01,5.57597717e-01,1.48338841e+00,2.24902598e+00,2.46880887e+00
2.42000000e+00,3.92806903e-02,1.59530118e-01,5.39869428e-01,1.46786547e+00,2.17630029e+00,2.48618698e+00,2.59182488e-02,1.55747848e-01,5.47257681e-01,1.45505837e+00,2.20498459e+00,2.42009491e+00
2.44000000e+00,3.85839529e-02,1.56603932e-01,5.30337095e-01,1.43973076e+00,2.13424492e+00,2.43699527e+00,2.54454952e-02,1.52894386e-01,5.37102840e-01,1.42728624e+00,2.16186856e+00,2.37242280e+00
2.46000000e+00,3.78981046e-02,1.53729126e-01,5.20973563e-01,1.41214490e+00,2.09309912e+00,2.38879609e+00,2.49806455e-02,1.50089549e-01,5.27130031e-01,1.40005996e+00,2.11965524e+00,2.32576627e+00
2.48000000e+00,3.72229442e-02,1.50905058e-01,5.11774242e-01,1.38509166e+00,2.05283761e+00,2.34156346e+00,2.45235932e-02,1.47332635e-01,5.17336142e-01,1.37336779e+00,2.07832271e+00,2.28009990e+00
2.50000000e+00,3.65585834e-02,1.48129955e-01,5.02736807e-01,1.35857296e+00,2.01344275e+00,2.29526472e+00,2.40742324e-02,1.44622943e-01,5.07718109e-01,1.34719828e+00,2.03784968e+00,2.23539905e+00
2.52000000e+00,3.59044150e-02,1.45403460e-01,4.93856400e-01,1.33256578e+00,1.97487772e+00,2.24989653e+00,2.36324577e-02,1.41959782e-01,4.98272920e-01,1.32154027e+00,1.99821552e+00,2.19163983e+00
2.54000000e+00,3.52606326e-02,1.42724991e-01,4.85130608e-01,1.30706930e+00,1.93713331e+00,2.20543504e+00,2.31981641e-02,1.39342466e-01,4.88997608e-01,1.29638289e+00,1.95940020e+00,2.14879913e+00
2.56000000e+00,3.46269682e-02,1.40092894e-01,4.76556093e-01,1.28206885e+00,1.90018249e+00,2.16186500e+00,2.27712475e-02,1.36770313e-01,4.79889255e-01,1.27171554e+00,1.92138429e+00,2.10685452e+00
2.58000000e+00,3.40034179e-02,1.37506887e-01,4.68131125e-01,1.25756049e+00,1.86400580e+00,2.11915636e+00,2.23516042e-02,1.34242650e-01,4.70944989e-01,1.24752788e+00,1.88414893e+00,2.06578425e+00
2.60000000e+00,3.33895758e-02,1.34966269e-01,4.59850758e-01,1.23353016e+00,1.82857990e+00,2.07730365e+00,2.19391313e-02,1.31758809e-01,4.62161985e-01,1.22380983e+00,1.84767580e+00,2.02556724e+00
2.62000000e+00,3.27854045e-02,1.32469952e-01,4.51713264e-01,1.20996857e+00,1.79388547e+00,2.03628445e+00,2.15337264e-02,1.29318129e-01,4.53537464e-01,1.20055155e+00,1.81194712e+00,1.98618303e+00
2.64000000e+00,3.21909562e-02,1.30017117e-01,4.43717092e-01,1.18686914e+00,1.75991154e+00,1.99608243e+00,2.11352881e-02,1.26919955e-01,4.45068690e-01,1.17774344e+00,1.77694562e+00,1.94761178e+00
2.66000000e+00,3.16057876e-02,1.27606943e-01,4.35857266e-01,1.16422129e+00,1.72662985e+00,1.95667899e+00,2.07437155e-02,1.24563639e-01,4.36752973e-01,1.15537616e+00,1.74265452e+00,1.90983423e+00
2.68000000e+00,3.10298018e-02,1.25238881e-01,4.28131819e-01,1.14201891e+00,1.69402552e+00,1.91805923e+00,2.03589086e-02,1.22248539e-01,4.28587667e-01,1.13344057e+00,1.70905750e+00,1.87283168e+00
2.70000000e+00,3.04630287e-02,1.22911833e-01,4.20538157e-01,1.12024999e+00,1.66208422e+00,1.88021266e+00,1.99807681e-02,1.19974020e-01,4.20570168e-01,1.11192774e+00,1.67613872e+00,1.83658597e+00
2.72000000e+00,2.99052764e-02,1.20625876e-01,4.13074732e-01,1.09890938e+00,1.63078392e+00,1.84311664e+00,1.96091955e-02,1.17739455e-01,4.12697914e-01,1.09082899e+00,1.64388276e+00,1.80107948e+00
2.74000000e+00,2.93563157e-02,1.18379302e-01,4.05737579e-01,1.07798719e+00,1.60011744e+00,1.80676055e+00,1.92440933e-02,1.15544222e-01,4.04968386e-01,1.07013581e+00,1.61227465e+00,1.76629507e+00
2.76000000e+00,2.88161431e-02,1.16172053e-01,3.98526222e-01,1.05747640e+00,1.57006168e+00,1.77112710e+00,1.88853646e-02,1.13387707e-01,3.97379105e-01,1.04983991e+00,1.58129981e+00,1.73221611e+00
2.78000000e+00,2.82846410e-02,1.14003547e-01,3.91436458e-01,1.03736544e+00,1.54060483e+00,1.73620391e+00,1.85329135e-02,1.11269302e-01,3.89927635e-01,1.02993320e+00,1.55094407e+00,1.69882642e+00
2.80000000e+00,2.77616680e-02,1.11872591e-01,3.84466588e-01,1.01764953e+00,1.51172829e+00,1.70197499e+00,1.81866450e-02,1.09188406e-01,3.82611577e-01,1.01040777e+00,1.52119364e+00,1.66611029e+00
2.82000000e+00,2.72469614e-02,1.09778725e-01,3.77614558e-01,9.98320580e-01,1.48342180e+00,1.66843152e+00,1.78464649e-02,1.07144426e-01,3.75428572e-01,9.91255883e-01,1.49203511e+00,1.63405244e+00
2.84000000e+00,2.67405696e-02,1.07721753e-01,3.70878607e-01,9.79367375e-01,1.45567250e+00,1.63554847e+00,1.75122800e-02,1.05136775e-01,3.68376302e-01,9.72470007e-01,1.46345540e+00,1.60263801e+00
2.86000000e+00,2.62422971e-02,1.05700657e-01,3.64256531e-01,9.60789502e-01,1.42846572e+00,1.60332870e+00,1.71839980e-02,1.03164872e-01,3.61452486e-01,9.54042766e-01,1.43544182e+00,1.57185254e+00
2.88000000e+00,2.57523172e-02,1.03714600e-01,3.57745767e-01,9.42576170e-01,1.40179062e+00,1.57174730e+00,1.68615274e-02,1.01228146e-01,3.54654878e-01,9.35966956e-01,1.40798198e+00,1.54168199e+00
2.90000000e+00,2.52699424e-02,1.01763554e-01,3.51343691e-01,9.24717844e-01,1.37563038e+00,1.54079640e+00,1.65447778e-02,9.93260299e-02,3.47981273e-01,9.18235540e-01,1.38106382e+00,1.51211266e+00
2.92000000e+00,2.47956198e-02,9.98465642e-02,3.45050544e-01,9.07208920e-01,1.34997392e+00,1.51046216e+00,1.62336597e-02,9.74579647e-02,3.41429501e-01,9.00841637e-01,1.35467561e+00,1.48313126e+00
2.94000000e+00,2.43289489e-02,9.79630053e-02,3.38862211e-01,8.90042186e-01,1.32481420e+00,1.48073411e+00,1.59280845e-02,9.56233984e-02,3.34997427e-01,8.83778524e-01,1.32880591e+00,1.45472482e+00
2.96000000e+00,2.38698013e-02,9.61124152e-02,3.32778007e-01,8.73211563e-01,1.30013490e+00,1.45159745e+00,1.56279646e-02,9.38217860e-02,3.28682952e-01,8.67039629e-01,1.30344357e+00,1.42688073e+00
2.98000000e+00,2.34182514e-02,9.42945480e-02,3.26795578e-01,8.56710732e-01,1.27592897e+00,1.42304218e+00,1.53332134e-02,9.20525892e-02,3.22484014e-01,8.50618525e-01,1.27857775e+00,1.39958672e+00
3.00000000e+00,2.29742154e-02,9.25083011e-02,3.20913136e-01,8.40532243e-01,1.25218141e+00,1.39505947e+00,1.50437453e-02,9.03152768e-02,3.16398581e-01,8.34508929e-01,1.25419784e+00,1.37283082e+00
3.02000000e+00,2.25374103e-02,9.07536373e-02,3.15128684e-01,8.24667096e-01,1.22888541e+00,1.36763525e+00,1.47594756e-02,8.86093243e-02,3.10424659e-01,8.18704698e-01,1.23029355e+00,1.34660139e+00
3.04000000e+00,2.21077818e-02,8.90298188e-02,3.09442043e-01,8.09114993e-01,1.20603132e+00,1.34075403e+00,1.44803206e-02,8.69342142e-02,3.04560284e-01,8.03199822e-01,1.20685481e+00,1.32088707e+00
3.06000000e+00,2.16855519e-02,8.73363465e-02,3.03849727e-01,7.93861926e-01,1.18360722e+00,1.31441414e+00,1.42061976e-02,8.52894358e-02,2.98803528e-01,7.87988425e-01,1.18387181e+00,1.29567681e+00
3.08000000e+00,2.12701019e-02,8.56726021e-02,2.98350781e-01,7.78907418e-01,1.16160142e+00,1.28859937e+00,1.39370249e-02,8.36744852e-02,2.93152491e-01,7.73064758e-01,1.16133499e+00,1.27095983e+00
3.10000000e+00,2.08616853e-02,8.40385854e-02,2.92943776e-01,7.64242649e-01,1.14000928e+00,1.26330137e+00,1.36727218e-02,8.20888655e-02,2.87605309e-01,7.58423198e-01,1.13923502e+00,1.24672564e+00
3.12000000e+00,2.04600804e-02,8.24331120e-02,2.87627429e-01,7.49861956e-01,1.11882269e+00,1.23850894e+00,1.34132085e-02,8.05320861e-02,2.82160147e-01,7.44058243e-01,1.11756279e+00,1.22296399e+00
3.14000000e+00,2.00652834e-02,8.08560178e-02,2.82400221e-01,7.35762537e-01,1.09803176e+00,1.21421409e+00,1.31584064e-02,7.90036636e-02,2.76815201e-01,7.29964508e-01,1.09630943e+00,1.19966490e+00
3.16000000e+00,1.96771622e-02,7.93070644e-02,2.77259797e-01,7.21934974e-01,1.07762349e+00,1.19040525e+00,1.29082377e-02,7.75031210e-02,2.71568697e-01,7.16136726e-01,1.07546627e+00,1.17681864e+00
3.18000000e+00,1.92956198e-02,7.77856931e-02,2.72204697e-01,7.08373785e-01,1.05759668e+00,1.16707039e+00,1.26626257e-02,7.60299879e-02,2.66418892e-01,7.02569741e-01,1.05502485e+00,1.15441571e+00
3.20000000e+00,1.89206265e-02,7.62910098e-02,2.67235309e-01,6.95073962e-01,1.03793967e+00,1.14420557e+00,1.24214946e-02,7.45838006e-02,2.61364071e-01,6.89258507e-01,1.03497691e+00,1.13244685e+00
3.22000000e+00,1.85519699e-02,7.48231933e-02,2.62348056e-01,6.82032943e-01,1.01864445e+00,1.12179947e+00,1.21847695e-02,7.31641021e-02,2.56402548e-01,6.76198085e-01,1.01531440e+00,1.11090303e+00
3.24000000e+00,1.81897525e-02,7.33816400e-02,2.57542908e-01,6.69241130e-01,9.99703646e-01,1.09983718e+00,1.19523769e-02,7.17704416e-02,2.51532667e-01,6.63383640e-01,9.96029448e-01,1.08977543e+00
3.26000000e+00,1.78337619e-02,7.19656423e-02,2.52817690e-01,6.56696022e-01,9.81113613e-01,1.07832086e+00,1.17242438e-02,7.04023750e-02,2.46752798e-01,6.50810438e-01,9.77114367e-01,1.06905545e+00
3.28000000e+00,1.74839068e-02,7.05752149e-02,2.48172164e-01,6.44390404e-01,9.62862015e-01,1.05723464e+00,1.15002984e-02,6.90594645e-02,2.42061338e-01,6.38473845e-01,9.58561651e-01,1.04873469e+00
3.30000000e+00,1.71402209e-02,6.92095384e-02,2.43604735e-01,6.32320285e-01,9.44944680e-01,1.03656936e+00,1.12804699e-02,6.77412786e-02,2.37456715e-01,6.26369322e-01,9.40363971e-01,1.02880495e+00
3.32000000e+00,1.68024562e-02,6.78686351e-02,2.39112765e-01,6.20482743e-01,9.27354574e-01,1.01632106e+00,1.10646885e-02,6.64473923e-02,2.32937378e-01,6.14492427e-01,9.22514163e-01,1.00925824e+00
3.34000000e+00,1.64706949e-02,6.65515736e-02,2.34696552e-01,6.08870864e-01,9.10087585e-01,9.96476948e-01,1.08528852e-02,6.51773866e-02,2.28501808e-01,6.02838806e-01,9.05005233e-01,9.90086736e-01
3.36000000e+00,1.61447302e-02,6.52584210e-02,2.30354741e-01,5.97479880e-01,8.93134117e-01,9.77032602e-01,1.06449921e-02,6.39308490e-02,2.24148507e-01,5.91404198e-01,8.87830341e-01,9.71282812e-01
3.38000000e+00,1.58245992e-02,6.39886707e-02,2.26085857e-01,5.86304545e-01,8.76487315e-01,9.57978010e-01,1.04409422e-02,6.27073730e-02,2.19876005e-01,5.80184428e-01,8.70982807e-01,9.52839015e-01
3.40000000e+00,1.55101409e-02,6.27418682e-02,2.21889019e-01,5.75342715e-01,8.60143363e-01,9.39305842e-01,1.02406695e-02,6.15065580e-02,2.15682856e-01,5.69175406e-01,8.54456099e-01,9.34748065e-01
3.42000000e+00,1.52013032e-02,6.15177341e-02,2.17762679e-01,5.64588368e-01,8.44095886e-01,9.21010196e-01,1.00441088e-02,6.03280097e-02,2.11567640e-01,5.58373126e-01,8.38243836e-01,9.17002851e-01
3.44000000e+00,1.48980441e-02,6.03157654e-02,2.13706166e-01,5.54036796e-01,8.28338623e-01,9.03081059e-01,9.85119618e-03,5.91713397e-02,2.07528959e-01,5.47773664e-01,8.22339775e-01,8.99596423e-01
3.46000000e+00,1.46002164e-02,5.91357462e-02,2.09717587e-01,5.43685555e-01,8.12869251e-01,8.85511577e-01,9.66186826e-03,5.80361655e-02,2.03565441e-01,5.37373174e-01,8.06737815e-01,8.82521991e-01
3.48000000e+00,1.43077485e-02,5.79773709e-02,2.05796823e-01,5.33528149e-01,7.97676027e-01,8.68296146e-01,9.47606279e-03,5.69221105e-02,1.99675736e-01,5.27167888e-01,7.91431990e-01,8.65772921e-01
3.50000000e+00,1.40206534e-02,5.68402931e-02,2.01942459e-01,5.23562491e-01,7.82759666e-01,8.51424575e-01,9.29371843e-03,5.58288038e-02,1.95858516e-01,5.17154115e-01,7.76416467e-01,8.49342727e-01
3.52000000e+00,1.37387989e-02,5.57238534e-02,1.98154151e-01,5.13782322e-01,7.68111110e-01,8.34893644e-01,9.11477470e-03,5.47558803e-02,1.92112480e-01,5.07328235e-01,7.61685537e-01,8.33225067e-01
3.54000000e+00,1.34621309e-02,5.46280630e-02,1.94429427e-01,5.04187107e-01,7.53727078e-01,8.18696499e-01,8.93917207e-03,5.37029807e-02,1.88436344e-01,4.97686704e-01,7.47233621e-01,8.17413744e-01
3.56000000e+00,1.31905675e-02,5.35523705e-02,1.90768301e-01,4.94770437e-01,7.39602268e-01,8.02821338e-01,8.76685187e-03,5.26697509e-02,1.84828849e-01,4.88226046e-01,7.33055257e-01,8.01902698e-01
3.58000000e+00,1.29240155e-02,5.24967723e-02,1.87169969e-01,4.85528618e-01,7.25733161e-01,7.87266910e-01,8.59775636e-03,5.16558429e-02,1.81288757e-01,4.78942854e-01,7.19145105e-01,7.86686002e-01
3.60000000e+00,1.26624191e-02,5.14604896e-02,1.83633000e-01,4.76459622e-01,7.12112188e-01,7.72024870e-01,8.43182863e-03,5.06609139e-02,1.77814852e-01,4.69833791e-01,7.05497936e-01,7.71757861e-01
3.62000000e+00,1.24057038e-02,5.04436269e-02,1.80156484e-01,4.67559069e-01,6.98737741e-01,7.57088244e-01,8.26901269e-03,4.96846264e-02,1.74405938e-01,4.60895582e-01,6.92108638e-01,7.57112606e-01
3.64000000e+00,1.21538471e-02,4.94456366e-02,1.76739782e-01,4.58823234e-01,6.85602725e-01,7.42450774e-01,8.10925339e-03,4.87266485e-02,1.71060839e-01,4.52125021e-01,6.78972205e-01,7.42744693e-01
3.66000000e+00,1.19067160e-02,4.84661423e-02,1.73381791e-01,4.50249553e-01,6.72705173e-01,7.28110313e-01,7.95249643e-03,4.77866536e-02,1.67778400e-01,4.43518960e-01,6.66083738e-01,7.28648699e-01
3.68000000e+00,1.16642769e-02,4.75050695e-02,1.70081705e-01,4.41833973e-01,6.60039663e-01,7.14055181e-01,7.79868838e-03,4.68643202e-02,1.64557486e-01,4.35074316e-01,6.53438442e-01,7.14819315e-01
3.70000000e+00,1.14263715e-02,4.65620719e-02,1.66838571e-01,4.33573604e-01,6.47602797e-01,7.00284600e-01,7.64777663e-03,4.59593320e-02,1.61396983e-01,4.26788065e-01,6.41031626e-01,7.01251350e-01
3.72000000e+00,1.11930715e-02,4.56366539e-02,1.63651273e-01,4.25464064e-01,6.35388672e-01,6.86788201e-01,7.49970941e-03,4.50713779e-02,1.58295792e-01,4.18657243e-01,6.28858692e-01,6.87939722e-01
3.74000000e+00,1.09642493e-02,4.47287336e-02,1.60519615e-01,4.17504311e-01,6.23394966e-01,6.73564076e-01,7.35443576e-03,4.42001518e-02,1.55252838e-01,4.10678941e-01,6.16915144e-01,6.74879460e-01
3.76000000e+00,1.07397856e-02,4.38378640e-02,1.57442376e-01,4.09690529e-01,6.11617088e-01,6.60605788e-01,7.21190554e-03,4.33453526e-02,1.52267062e-01,4.02850309e-01,6.05196576e-01,6.62065696e-01
3.78000000e+00,1.05196768e-02,4.29640077e-02,1.54418856e-01,4.02019322e-01,6.00051522e-01,6.47905886e-01,7.07206941e-03,4.25066842e-02,1.49337423e-01,3.95168552e-01,5.93698675e-01,6.49493666e-01
3.80000000e+00,1.03038102e-02,4.21065204e-02,1.51447982e-01,3.94487470e-01,5.88693380e-01,6.35461092e-01,6.93487883e-03,4.16838551e-02,1.46462899e-01,3.87630926e-01,5.82417217e-01,6.37158707e-01
3.82000000e+00,1.00921746e-02,4.12654839e-02,1.48529440e-01,3.87093604e-01,5.77539980e-01,6.23266339e-01,6.80028603e-03,4.08765789e-02,1.43642485e-01,3.80234743e-01,5.71348064e-01,6.25056254e-01
3.84000000e+00,9.88468342e-03,4.04404178e-02,1.45661756e-01,3.79834116e-01,5.66589653e-01,6.11316741e-01,6.66824404e-03,4.00845737e-02,1.40875196e-01,3.72977364e-01,5.60487166e-01,6.13181836e-01
3.86000000e+00,9.68119968e-03,3.96311097e-02,1.42845094e-01,3.72706801e-01,5.55836141e-01,5.99604607e-01,6.53870663e-03,3.93075626e-02,1.38160060e-01,3.65856204e-01,5.49830553e-01,6.01531076e-01
3.88000000e+00,9.48178768e-03,3.88372503e-02,1.40077695e-01,3.65707576e-01,5.45275629e-01,5.88128030e-01,6.41162833e-03,3.85452729e-02,1.35496125e-01,3.58868723e-01,5.39374337e-01,5.90099690e-01
3.90000000e+00,9.28626116e-03,3.80587578e-02,1.37359500e-01,3.58836204e-01,5.34907699e-01,5.76880395e-01,6.28696445e-03,3.77974367e-02,1.32882455e-01,3.52012433e-01,5.29114708e-01,5.78883478e-01
3.92000000e+00,9.09463689e-03,3.72950956e-02,1.34689212e-01,3.52088243e-01,5.24725854e-01,5.65857530e-01,6.16467098e-03,3.70637905e-02,1.30318129e-01,3.45284892e-01,5.19047936e-01,5.67878331e-01
3.94000000e+00,8.90680589e-03,3.65462899e-02,1.32067114e-01,3.45462501e-01,5.14728963e-01,5.55057347e-01,6.04470470e-03,3.63440754e-02,1.27802245e-01,3.38683704e-01,5.09170363e-01,5.57080221e-01
3.96000000e+00,8.72272812e-03,3.58118862e-02,1.29491031e-01,3.38955879e-01,5.04913151e-01,5.44472158e-01,5.92702307e-03,3.56380367e-02,1.25333913e-01,3.32206519e-01,4.99478406e-01,5.46485204e-01
3.98000000e+00,8.54236633e-03,3.50916386e-02,1.26961440e-01,3.32566649e-01,4.95274991e-01,5.34096360e-01,5.81158428e-03,3.49454239e-02,1.22912261e-01,3.25851032e-01,4.89968554e-01,5.36089416e-01
4.00000000e+00,8.36560596e-03,3.43855023e-02,1.24477349e-01,3.26292068e-01,4.85813290e-01,5.23929894e-01,5.69834720e-03,3.42659910e-02,1.20536433e-01,3.19614980e-01,4.80637367e-01,5.25889072e-01
4.02000000e+00,8.19240883e-03,3.36930305e-02,1.22037962e-01,3.20130080e-01,4.76521701e-01,5.13964951e-01,5.58727141e-03,3.35994961e-02,1.18205586e-01,3.13496144e-01,4.71481471e-01,5.15880463e-01
4.04000000e+00,8.02270137e-03,3.30140330e-02,1.19642101e-01,3.14078808e-01,4.67400461e-01,5.04198372e-01,5.47831717e-03,3.29457013e-02,1.15918892e-01,3.07492346e-01,4.62497561e-01,5.06059954e-01
4.06000000e+00,7.85642117e-03,3.23484354e-02,1.17290191e-01,3.08136106e-01,4.58444417e-01,4.94626939e-01,5.37144542e-03,3.23043728e-02,1.13675540e-01,3.01601450e-01,4.53682398e-01,4.96423985e-01
4.08000000e+00,7.69355288e-03,3.16957124e-02,1.14980780e-01,3.02299440e-01,4.49651569e-01,4.85245943e-01,5.26661774e-03,3.16752811e-02,1.11474730e-01,2.95821359e-01,4.45032804e-01,4.86969066e-01
4.10000000e+00,7.53401918e-03,3.10559236e-02,1.12713337e-01,2.96567351e-01,4.41020340e-01,4.76052642e-01,5.16379639e-03,3.10582002e-02,1.09315679e-01,2.90150015e-01,4.36545668e-01,4.77691776e-01
4.12000000e+00,7.37771206e-03,3.04285716e-02,1.10487275e-01,2.90937394e-01,4.32545304e-01,4.67041463e-01,5.06294426e-03,3.04529083e-02,1.07197615e-01,2.84585401e-01,4.28217936e-01,4.68588764e-01
4.14000000e+00,7.22462637e-03,2.98136417e-02,1.08301841e-01,2.85408288e-01,4.24227208e-01,4.58207965e-01,4.96402488e-03,2.98591873e-02,1.05119782e-01,2.79125534e-01,4.20046616e-01,4.59656744e-01
4.16000000e+00,7.07467459e-03,2.92109773e-02,1.06156811e-01,2.79978842e-01,4.16060477e-01,4.49551135e-01,4.86700242e-03,2.92768230e-02,1.03081436e-01,2.73768471e-01,4.12028774e-01,4.50892496e-01
4.18000000e+00,6.92783389e-03,2.86201108e-02,1.04051068e-01,2.74644792e-01,4.08043861e-01,4.41065460e-01,4.77184166e-03,2.87056047e-02,1.01081848e-01,2.68512305e-01,4.04161533e-01,4.42292863e-01
4.20000000e+00,6.78401254e-03,2.80409846e-02,1.01984456e-01,2.69406468e-01,4.00174350e-01,4.32748795e-01,4.67850798e-03,2.81453257e-02,9.91202987e-02,2.63355162e-01,3.96442072e-01,4.33854751e-01
4.22000000e+00,6.64318725e-03,2.74734125e-02,9.99558046e-02,2.64261335e-01,3.92450184e-01,4.24595714e-01,4.58696737e-03,2.75957826e-02,9.71960848e-02,2.58295205e-01,3.88867625e-01,4.25575124e-01
4.24000000e+00,6.50528073e-03,2.69170590e-02,9.79647338e-02,2.59208471e-01,3.84868890e-01,4.16604578e-01,4.49718642e-03,2.70567757e-02,9.53085138e-02,2.53330631e-01,3.81435479e-01,4.17451009e-01
4.26000000e+00,6.37020729e-03,2.63718460e-02,9.60110053e-02,2.54245132e-01,3.77425432e-01,4.08771098e-01,4.40913229e-03,2.65281088e-02,9.34569059e-02,2.48459670e-01,3.74142973e-01,4.09479489e-01
4.28000000e+00,6.23799488e-03,2.58375052e-02,9.40937996e-02,2.49370635e-01,3.70121121e-01,4.01092380e-01,4.32277272e-03,2.60095890e-02,9.16405934e-02,2.43680585e-01,3.66987499e-01,4.01657704e-01
4.30000000e+00,6.10853545e-03,2.53138877e-02,9.22122747e-02,2.44583055e-01,3.62952709e-01,3.93564135e-01,4.23807603e-03,2.55010271e-02,8.98589205e-02,2.38991670e-01,3.59966497e-01,3.93982850e-01
4.32000000e+00,5.98176569e-03,2.48007644e-02,9.03663635e-02,2.39880636e-01,3.55915695e-01,3.86184722e-01,4.15501106e-03,2.50022369e-02,8.81112431e-02,2.34391254e-01,3.53077457e-01,3.86452177e-01
4.34000000e+00,5.85767673e-03,2.42979489e-02,8.85548741e-02,2.35262081e-01,3.49010408e-01,3.78950566e-01,4.07354724e-03,2.45130358e-02,8.63969285e-02,2.29877693e-01,3.46317918e-01,3.79062989e-01
4.36000000e+00,5.73620806e-03,2.38052234e-02,8.67779329e-02,2.30726540e-01,3.42233270e-01,3.71859640e-01,3.99365453e-03,2.40332442e-02,8.47153557e-02,2.25449374e-01,3.39685464e-01,3.71812639e-01
4.38000000e+00,5.61728794e-03,2.33224463e-02,8.50345343e-02,2.26271644e-01,3.35582584e-01,3.64906967e-01,3.91530340e-03,2.35626857e-02,8.30659143e-02,2.21104717e-01,3.33177725e-01,3.64698536e-01
4.40000000e+00,5.50086796e-03,2.28494201e-02,8.33242759e-02,2.21896082e-01,3.29055309e-01,3.58090907e-01,3.83846487e-03,2.31011873e-02,8.14480051e-02,2.16842167e-01,3.26792379e-01,3.57718134e-01
4.42000000e+00,5.38689643e-03,2.23859958e-02,8.16464499e-02,2.17599556e-01,3.22651029e-01,3.51407468e-01,3.76311047e-03,2.26485787e-02,7.98610398e-02,2.12660200e-01,3.20527146e-01,3.50868938e-01
4.44000000e+00,5.27533656e-03,2.19318550e-02,8.00008327e-02,2.13379383e-01,3.16365749e-01,3.44855785e-01,3.68921224e-03,2.22046930e-02,7.83044404e-02,2.08557320e-01,3.14379787e-01,3.44148501e-01
4.46000000e+00,5.16617065e-03,2.14870200e-02,7.83865824e-02,2.09235117e-01,3.10198992e-01,3.38432223e-01,3.61674270e-03,2.17693661e-02,7.67776394e-02,2.04532057e-01,3.08348110e-01,3.37554421e-01
4.48000000e+00,5.05929766e-03,2.10511964e-02,7.68035054e-02,2.05164745e-01,3.04147452e-01,3.32134306e-01,3.54567488e-03,2.13424368e-02,7.52800794e-02,2.00582970e-01,3.02429962e-01,3.31084344e-01
4.50000000e+00,4.95470827e-03,2.06242036e-02,7.52509683e-02,2.01168016e-01,2.98210800e-01,3.25958997e-01,3.47598231e-03,2.09237469e-02,7.38112133e-02,1.96708644e-01,2.96623229e-01,3.24735958e-01
4.52000000e+00,4.85233543e-03,2.02059485e-02,7.37280771e-02,1.97242767e-01,2.92385459e-01,3.19903791e-01,3.40763896e-03,2.05131409e-02,7.23705037e-02,1.92907688e-01,2.90925840e-01,3.18506998e-01
4.54000000e+00,4.75214748e-03,1.97961796e-02,7.22349882e-02,1.93388849e-01,2.86669761e-01,3.13966453e-01,3.34061929e-03,2.01104664e-02,7.09574229e-02,1.89178739e-01,2.85335760e-01,3.12395239e-01
4.56000000e+00,4.65407828e-03,1.93947796e-02,7.07709566e-02,1.89603224e-01,2.81062067e-01,3.08144361e-01,3.27489823e-03,1.97155735e-02,6.95714526e-02,1.85520459e-01,2.79850995e-01,3.06398500e-01
4.58000000e+00,4.55810828e-03,1.90015640e-02,6.93350658e-02,1.85887009e-01,2.75561094e-01,3.02435368e-01,3.21045114e-03,1.93283150e-02,6.82120842e-02,1.81931532e-01,2.74469585e-01,3.00514640e-01
4.60000000e+00,4.46420535e-03,1.86164789e-02,6.79273531e-02,1.82237625e-01,2.70164132e-01,2.96836615e-01,3.14725384e-03,1.89485464e-02,6.68788181e-02,1.78410669e-01,2.69189611e-01,2.94741560e-01
4.62000000e+00,4.37228568e-03,1.82392206e-02,6.65470660e-02,1.78654268e-01,2.64869601e-01,2.91346461e-01,3.08528260e-03,1.85761260e-02,6.55711638e-02,1.74956603e-01,2.64009185e-01,2.89077198e-01
4.64000000e+00,4.28233994e-03,1.78697184e-02,6.51939064e-02,1.75136372e-01,2.59676397e-01,2.85962313e-01,3.02451410e-03,1.82109145e-02,6.42886396e-02,1.71568091e-01,2.58926458e-01,2.83519532e-01
4.66000000e+00,4.19432484e-03,1.75077748e-02,6.38674572e-02,1.71681792e-01,2.54581302e-01,2.80682147e-01,2.96492547e-03,1.78527751e-02,6.30307727e-02,1.68243913e-01,2.53939615e-01,2.78066579e-01
4.68000000e+00,4.10819333e-03,1.71532836e-02,6.25669733e-02,1.68290272e-01,2.49584839e-01,2.75503606e-01,2.90649422e-03,1.75015736e-02,6.17970989e-02,1.64982869e-01,2.49046872e-01,2.72716392e-01
4.70000000e+00,4.02391097e-03,1.68061499e-02,6.12922758e-02,1.64961234e-01,2.44682997e-01,2.70424634e-01,2.84919831e-03,1.71571782e-02,6.05871622e-02,1.61783784e-01,2.44246481e-01,2.67467060e-01
4.72000000e+00,3.94143444e-03,1.64661240e-02,6.00428432e-02,1.61692798e-01,2.39874661e-01,2.65444070e-01,2.79301609e-03,1.68194596e-02,5.94005153e-02,1.58645504e-01,2.39536726e-01,2.62316708e-01
4.74000000e+00,3.86071461e-03,1.61330570e-02,5.88182025e-02,1.58484474e-01,2.35159278e-01,2.60557979e-01,2.73792629e-03,1.64882906e-02,5.82367187e-02,1.55566894e-01,2.34915922e-01,2.57263497e-01
4.76000000e+00,3.78174405e-03,1.58068910e-02,5.76176606e-02,1.55334741e-01,2.30534360e-01,2.55766213e-01,2.68390806e-03,1.61635467e-02,5.70953411e-02,1.52546843e-01,2.30382415e-01,2.52305621e-01
4.78000000e+00,3.70445242e-03,1.54874297e-02,5.64413294e-02,1.52243286e-01,2.25997984e-01,2.51066029e-01,2.63094092e-03,1.58451054e-02,5.59759591e-02,1.49584256e-01,2.25934584e-01,2.47441309e-01
4.80000000e+00,3.62882321e-03,1.51746143e-02,5.52883372e-02,1.49208799e-01,2.21549019e-01,2.46454880e-01,2.57900476e-03,1.55328466e-02,5.48781569e-02,1.46678063e-01,2.21570836e-01,2.42668821e-01
4.82000000e+00,3.55482614e-03,1.48682371e-02,5.41584343e-02,1.46230668e-01,2.17186317e-01,2.41932496e-01,2.52807985e-03,1.52266524e-02,5.38015264e-02,1.43827210e-01,2.17289607e-01,2.37986451e-01
4.84000000e+00,3.48241464e-03,1.45681920e-02,5.30512817e-02,1.43307328e-01,2.12907791e-01,2.37496331e-01,2.47814682e-03,1.49264070e-02,5.27456670e-02,1.41030664e-01,2.13089363e-01,2.33392523e-01
4.86000000e+00,3.41154635e-03,1.42743587e-02,5.19663393e-02,1.40438780e-01,2.08712295e-01,2.33143985e-01,2.42918667e-03,1.46319967e-02,5.17101854e-02,1.38287409e-01,2.08968598e-01,2.28885395e-01
4.88000000e+00,3.34220915e-03,1.39866052e-02,5.09031005e-02,1.37623444e-01,2.04597890e-01,2.28874028e-01,2.38118074e-03,1.43433102e-02,5.06946956e-02,1.35596451e-01,2.04925835e-01,2.24463452e-01
4.90000000e+00,3.27435019e-03,1.37048345e-02,4.98615727e-02,1.34860963e-01,2.00562611e-01,2.24685743e-01,2.33411072e-03,1.40602377e-02,4.96988186e-02,1.32956812e-01,2.00959622e-01,2.20125111e-01
4.92000000e+00,3.20796692e-03,1.34288687e-02,4.88408394e-02,1.32149577e-01,1.96606532e-01,2.20576659e-01,2.28795865e-03,1.37826721e-02,4.87221824e-02,1.30367530e-01,1.97068534e-01,2.15868817e-01
4.94000000e+00,3.14298645e-03,1.31586296e-02,4.78407741e-02,1.29490227e-01,1.92727312e-01,2.16544956e-01,2.24270687e-03,1.35105078e-02,4.77644217e-02,1.27827665e-01,1.93251175e-01,2.11693046e-01
4.96000000e+00,3.07940459e-03,1.28940316e-02,4.68611270e-02,1.26880243e-01,1.88923642e-01,2.12589040e-01,2.19833810e-03,1.32436413e-02,4.68251783e-02,1.25336291e-01,1.89506173e-01,2.07596299e-01
4.98000000e+00,3.01718037e-03,1.26348566e-02,4.59013060e-02,1.24320045e-01,1.85194135e-01,2.08707541e-01,2.15483534e-03,1.29819710e-02,4.59041002e-02,1.22892500e-01,1.85832179e-01,2.03577108e-01
5.00000000e+00,2.95628724e-03,1.23810973e-02,4.49610688e-02,1.21807739e-01,1.81537211e-01,2.04899967e-01,2.11218193e-03,1.27253974e-02,4.50008422e-02,1.20495400e-01,1.82227872e-01,1.99634028e-01
5.02000000e+00,2.89670844e-03,1.21325739e-02,4.40398492e-02,1.19343810e-01,1.77951843e-01,2.01163322e-01,2.07036151e-03,1.24738226e-02,4.41150653e-02,1.18144117e-01,1.78691954e-01,1.95765645e-01
5.04000000e+00,2.83840345e-03,1.18892137e-02,4.31375653e-02,1.16926476e-01,1.74436823e-01,1.97496623e-01,2.02935804e-03,1.22271505e-02,4.32464368e-02,1.15837790e-01,1.75223152e-01,1.91970568e-01
5.06000000e+00,2.78133736e-03,1.16509246e-02,4.22537178e-02,1.14555337e-01,1.70990422e-01,1.93898514e-01,1.98915576e-03,1.19852871e-02,4.23946301e-02,1.13575578e-01,1.71820214e-01,1.88247433e-01
5.08000000e+00,2.72549642e-03,1.14175482e-02,4.13880460e-02,1.12229742e-01,1.67611733e-01,1.90367654e-01,1.94973922e-03,1.17481399e-02,4.15593248e-02,1.11356651e-01,1.68481914e-01,1.84594900e-01
5.10000000e+00,2.67084921e-03,1.11890426e-02,4.05399725e-02,1.09948769e-01,1.64299250e-01,1.86902940e-01,1.91109327e-03,1.15156181e-02,4.07402064e-02,1.09180198e-01,1.65207045e-01,1.81011655e-01
5.12000000e+00,2.61736009e-03,1.09652262e-02,3.97094600e-02,1.07711650e-01,1.61052212e-01,1.83502436e-01,1.87320302e-03,1.12876327e-02,3.99369661e-02,1.07045420e-01,1.61994426e-01,1.77496407e-01
5.14000000e+00,2.56500929e-03,1.07461130e-02,3.88958901e-02,1.05517946e-01,1.57868549e-01,1.80164978e-01,1.83605388e-03,1.10640965e-02,3.91493010e-02,1.04951534e-01,1.58842895e-01,1.74047890e-01
5.16000000e+00,2.51378608e-03,1.05315214e-02,3.80991511e-02,1.03366651e-01,1.54748037e-01,1.76890016e-01,1.79963152e-03,1.08449237e-02,3.83769137e-02,1.02897772e-01,1.55751311e-01,1.70664860e-01
5.18000000e+00,2.46364321e-03,1.03213899e-02,3.73188481e-02,1.01256952e-01,1.51688561e-01,1.73675314e-01,1.76392190e-03,1.06300302e-02,3.76195125e-02,1.00883378e-01,1.52718557e-01,1.67346096e-01
5.20000000e+00,2.41456740e-03,1.01155611e-02,3.65546308e-02,9.91887748e-02,1.48689896e-01,1.70520216e-01,1.72891122e-03,1.04193335e-02,3.68768108e-02,9.89076129e-02,1.49743533e-01,1.64090401e-01
5.22000000e+00,2.36652698e-03,9.91405360e-03,3.58061157e-02,9.71606076e-02,1.45749941e-01,1.67423368e-01,1.69458596e-03,1.02127527e-02,3.61485276e-02,9.69697481e-02,1.46825161e-01,1.60896597e-01
5.24000000e+00,2.31950940e-03,9.71670914e-03,3.50732170e-02,9.51725766e-02,1.42868295e-01,1.64383709e-01,1.66093285e-03,1.00102083e-02,3.54343873e-02,9.50690702e-02,1.43962383e-01,1.57763530e-01
5.26000000e+00,2.27348902e-03,9.52341501e-03,3.43553200e-02,9.32233110e-02,1.40043378e-01,1.61399886e-01,1.62793887e-03,9.81162242e-03,3.47341189e-02,9.32048786e-02,1.41154159e-01,1.54690067e-01
5.28000000e+00,2.22843816e-03,9.33416281e-03,3.36524881e-02,9.13126469e-02,1.37274504e-01,1.58470616e-01,1.59559124e-03,9.61691856e-03,3.40474571e-02,9.13764854e-02,1.38399470e-01,1.51675095e-01
5.30000000e+00,2.18433910e-03,9.14882403e-03,3.29641663e-02,8.94395709e-02,1.34560302e-01,1.55595377e-01,1.56387744e-03,9.42602170e-03,3.33741410e-02,8.95832155e-02,1.35697314e-01,1.48717522e-01
5.32000000e+00,2.14116275e-03,8.96727573e-03,3.22900377e-02,8.76037031e-02,1.31899923e-01,1.52772501e-01,1.53278517e-03,9.23885826e-03,3.27139150e-02,8.78244062e-02,1.33046707e-01,1.45816275e-01
5.34000000e+00,2.09890609e-03,8.78949091e-03,3.16300280e-02,8.58042687e-02,1.29292458e-01,1.50001705e-01,1.50230238e-03,9.05535601e-03,3.20665280e-02,8.60994068e-02,1.30446686e-01,1.42970302e-01
5.36000000e+00,2.05753162e-03,8.61540902e-03,3.09836809e-02,8.40405524e-02,1.26736090e-01,1.47281110e-01,1.47241724e-03,8.87544412e-03,3.14317338e-02,8.44075790e-02,1.27896303e-01,1.40178570e-01
5.38000000e+00,2.01702816e-03,8.44488200e-03,3.03507913e-02,8.23120624e-02,1.24230824e-01,1.44609883e-01,1.44311813e-03,8.69905308e-03,3.08092906e-02,8.27482959e-02,1.25394628e-01,1.37440064e-01
5.40000000e+00,1.97737594e-03,8.27788655e-03,2.97310594e-02,8.06184337e-02,1.21775307e-01,1.41987905e-01,1.41439368e-03,8.52611472e-03,3.01989613e-02,8.11209424e-02,1.22940748e-01,1.34753788e-01
5.42000000e+00,1.93855306e-03,8.11432581e-03,2.91242227e-02,7.89586753e-02,1.19368263e-01,1.39413163e-01,1.38623272e-03,8.35656215e-03,2.96005133e-02,7.95249146e-02,1.20533767e-01,1.32118766e-01
5.44000000e+00,1.90054160e-03,7.95411877e-03,2.85301022e-02,7.73321167e-02,1.17009215e-01,1.36884913e-01,1.35862429e-03,8.19032975e-03,2.90137182e-02,7.79596199e-02,1.18172805e-01,1.29534037e-01
5.46000000e+00,1.86331791e-03,7.79722258e-03,2.79482566e-02,7.57384226e-02,1.14696793e-01,1.34402528e-01,1.33155765e-03,8.02735314e-03,2.84383520e-02,7.64244764e-02,1.15856999e-01,1.26998659e-01
5.48000000e+00,1.82687037e-03,7.64353806e-03,2.73786467e-02,7.41771907e-02,1.12430394e-01,1.31964788e-01,1.30502227e-03,7.86756919e-03,2.78741948e-02,7.49189132e-02,1.13585501e-01,1.24511709e-01
5.50000000e+00,1.79118442e-03,7.49302609e-03,2.68209055e-02,7.26474375e-02,1.10208906e-01,1.29571319e-01,1.27900780e-03,7.71091595e-03,2.73210310e-02,7.34423699e-02,1.11357479e-01,1.22072277e-01
5.52000000e+00,1.75623735e-03,7.34558189e-03,2.62747370e-02,7.11485967e-02,1.08031668e-01,1.27221391e-01,1.25350410e-03,7.55733265e-03,2.67786490e-02,7.19942964e-02,1.09172116e-01,1.19679474e-01
5.54000000e+00,1.72201497e-03,7.20115006e-03,2.57400088e-02,6.96805269e-02,1.05897710e-01,1.24913096e-01,1.22850123e-03,7.40675968e-03,2.62468411e-02,7.05741527e-02,1.07028611e-01,1.17332425e-01
5.56000000e+00,1.68849633e-03,7.05969846e-03,2.52164006e-02,6.82422444e-02,1.03805937e-01,1.22646391e-01,1.20398943e-03,7.25913859e-03,2.57254036e-02,6.91814091e-02,1.04926177e-01,1.15030270e-01
5.58000000e+00,1.65567361e-03,6.92111859e-03,2.47037970e-02,6.68333545e-02,1.01756006e-01,1.20420232e-01,1.17995913e-03,7.11441201e-03,2.52141367e-02,6.78155454e-02,1.02864040e-01,1.12772168e-01
5.60000000e+00,1.62351993e-03,6.78538764e-03,2.42018793e-02,6.54534325e-02,9.97465998e-02,1.18234105e-01,1.15640095e-03,6.97252369e-03,2.47128442e-02,6.64760512e-02,1.00841443e-01,1.10557290e-01
5.62000000e+00,1.59204088e-03,6.65240129e-03,2.37103477e-02,6.41016737e-02,9.77770537e-02,1.16086915e-01,1.13330568e-03,6.83341844e-03,2.42213338e-02,6.51624256e-02,9.88576402e-02,1.08384824e-01
5.64000000e+00,1.56119664e-03,6.52212743e-03,2.32291520e-02,6.27778992e-02,9.58468616e-02,1.13977998e-01,1.11066429e-03,6.69704214e-03,2.37394168e-02,6.38741768e-02,9.69119021e-02,1.06253974e-01
5.66000000e+00,1.53098349e-03,6.39452040e-03,2.27579828e-02,6.14812449e-02,9.39547420e-02,1.11906715e-01,1.08846793e-03,6.56334169e-03,2.32669079e-02,6.26108224e-02,9.50035110e-02,1.04163956e-01
5.68000000e+00,1.50139153e-03,6.26948802e-03,2.22966783e-02,6.02114424e-02,9.21002030e-02,1.09872326e-01,1.06670792e-03,6.43226503e-03,2.28036255e-02,6.13718887e-02,9.31317627e-02,1.02114002e-01
5.70000000e+00,1.47240132e-03,6.14699954e-03,2.18449552e-02,5.89676984e-02,9.02825892e-02,1.07874021e-01,1.04537573e-03,6.30376107e-03,2.23493913e-02,6.01569111e-02,9.12959662e-02,1.00103359e-01
5.72000000e+00,1.44399540e-03,6.02697954e-03,2.14026924e-02,5.77499047e-02,8.85008574e-02,1.05911113e-01,1.02446301e-03,6.17777971e-03,2.19040306e-02,5.89654333e-02,8.94954431e-02,9.81312859e-02
5.74000000e+00,1.41617737e-03,5.90940379e-03,2.09696107e-02,5.65572903e-02,8.67545158e-02,1.03982903e-01,1.00396157e-03,6.05427181e-03,2.14673717e-02,5.77970077e-02,8.77295275e-02,9.61970561e-02
5.76000000e+00,1.38891651e-03,5.79419592e-03,2.05456149e-02,5.53895980e-02,8.50428268e-02,1.02088913e-01,9.83863381e-04,5.93318919e-03,2.10392464e-02,5.66511951e-02,8.59975657e-02,9.42999564e-02
5.78000000e+00,1.36220828e-03,5.68131683e-03,2.01304369e-02,5.42460755e-02,8.33652243e-02,1.00228250e-01,9.64160552e-04,5.81448457e-03,2.06194896e-02,5.55275643e-02,8.42989163e-02,9.24392868e-02
5.80000000e+00,1.33603415e-03,5.57069620e-03,1.97238456e-02,5.31263128e-02,8.17206651e-02,9.84004810e-02,9.44845360e-04,5.69811160e-03,2.02079394e-02,5.44256922e-02,8.26329495e-02,9.06143600e-02
5.82000000e+00,1.31039158e-03,5.46230422e-03,1.93257239e-02,5.20301349e-02,8.01087692e-02,9.66047645e-02,9.25910226e-04,5.58402480e-03,1.98044369e-02,5.33451636e-02,8.09990473e-02,8.88245015e-02
5.84000000e+00,1.28526462e-03,5.35609387e-03,1.89359523e-02,5.09566627e-02,7.85286129e-02,9.48408023e-02,9.07347717e-04,5.47217957e-03,1.94088263e-02,5.22855712e-02,7.93966029e-02,8.70690493e-02
5.86000000e+00,1.26063847e-03,5.25201438e-03,1.85542628e-02,4.99058180e-02,7.69799575e-02,9.31077600e-02,8.89150543e-04,5.36253219e-03,1.90209546e-02,5.12465150e-02,7.78250211e-02,8.53473533e-02
5.88000000e+00,1.23650790e-03,5.15000382e-03,1.81804895e-02,4.88766879e-02,7.54613802e-02,9.14051235e-02,8.71311557e-04,5.25503975e-03,1.86406720e-02,5.02276026e-02,7.62837172e-02,8.36587758e-02
5.90000000e+00,1.21285301e-03,5.05003752e-03,1.78144611e-02,4.78692874e-02,7.39733279e-02,8.97321552e-02,8.53823750e-04,5.14966019e-03,1.82678314e-02,4.92284492e-02,7.47721177e-02,8.20026906e-02
5.92000000e+00,1.18967565e-03,4.95206797e-03,1.74560659e-02,4.68829758e-02,7.25145414e-02,8.80887136e-02,8.36680246e-04,5.04635225e-03,1.79022883e-02,4.82486767e-02,7.32896595e-02,8.03784830e-02
5.94000000e+00,1.16695231e-03,4.85604536e-03,1.71050616e-02,4.59174439e-02,7.10842535e-02,8.64736736e-02,8.19874305e-04,4.94507547e-03,1.75439013e-02,4.72879145e-02,7.18357902e-02,7.87855500e-02
5.96000000e+00,1.14468369e-03,4.76192590e-03,1.67613551e-02,4.49721627e-02,6.96825087e-02,8.48870948e-02,8.03399316e-04,4.84579016e-03,1.71925316e-02,4.63457988e-02,7.04099672e-02,7.72232994e-02
5.98000000e+00,1.12285197e-03,4.66969283e-03,1.64247360e-02,4.40467373e-02,6.83081448e-02,8.33281651e-02,7.87248796e-04,4.74845742e-03,1.68480430e-02,4.54219724e-02,6.90116584e-02,7.56911502e-02
6.00000000e+00,1.10145123e-03,4.57925908e-03,1.60950441e-02,4.31408361e-02,6.69609532e-02,8.17961395e-02,7.71416388e-04,4.65303907e-03,1.65103017e-02,4.45160853e-02,6.76403413e-02,7.41885319e-02
6.02000000e+00,1.08047377e-03,4.49063443e-03,1.57722067e-02,4.22539264e-02,6.56401441e-02,8.02907869e-02,7.55895860e-04,4.55949769e-03,1.61791770e-02,4.36277935e-02,6.62955032e-02,7.27148848e-02
6.04000000e+00,1.05990702e-03,4.40374250e-03,1.54560450e-02,4.13857363e-02,6.43452108e-02,7.88117424e-02,7.40681097e-04,4.46779658e-03,1.58545401e-02,4.27567598e-02,6.49766408e-02,7.12696594e-02
6.06000000e+00,1.03974261e-03,4.31856792e-03,1.51463496e-02,4.05358300e-02,6.30757138e-02,7.73583725e-02,7.25766105e-04,4.37789974e-03,1.55362650e-02,4.19026532e-02,6.36832603e-02,6.98523165e-02
6.08000000e+00,1.01997354e-03,4.23506368e-03,1.48430485e-02,3.97038460e-02,6.18312210e-02,7.59302229e-02,7.11145008e-04,4.28977187e-03,1.52242281e-02,4.10651491e-02,6.24148769e-02,6.84623267e-02
6.10000000e+00,1.00058794e-03,4.15321160e-03,1.45460004e-02,3.88894528e-02,6.06110990e-02,7.45266750e-02,6.96812041e-04,4.20337837e-03,1.49183081e-02,4.02439288e-02,6.11710151e-02,6.70991708e-02
6.12000000e+00,9.81580350e-04,4.07293951e-03,1.42550133e-02,3.80921364e-02,5.94148152e-02,7.31474161e-02,6.82761552e-04,4.11868527e-03,1.46183861e-02,3.94386795e-02,5.99512079e-02,6.57623388e-02
6.14000000e+00,9.62940103e-04,3.99424555e-03,1.39700351e-02,3.73116806e-02,5.82418814e-02,7.17921779e-02,6.68988000e-04,4.03565931e-03,1.43243453e-02,3.86490947e-02,5.87549972e-02,6.44513304e-02
6.16000000e+00,9.44660918e-04,3.91708314e-03,1.36908824e-02,3.65476534e-02,5.70919625e-02,7.04601109e-02,6.55485951e-04,3.95426783e-03,1.40360713e-02,3.78748733e-02,5.75819334e-02,6.31656545e-02
6.18000000e+00,9.26735054e-04,3.84142995e-03,1.34173920e-02,3.57997306e-02,5.59643880e-02,6.91510811e-02,6.42250075e-04,3.87447883e-03,1.37534519e-02,3.71157200e-02,5.64315753e-02,6.19048293e-02
6.20000000e+00,9.09153605e-04,3.76724638e-03,1.31495269e-02,3.50676291e-02,5.48589118e-02,6.78648204e-02,6.29275149e-04,3.79626091e-03,1.34763770e-02,3.63713451e-02,5.53034898e-02,6.06683818e-02
6.22000000e+00,8.91911681e-04,3.69448005e-03,1.28871100e-02,3.43508795e-02,5.37748002e-02,6.66006729e-02,6.16556049e-04,3.71958330e-03,1.32047386e-02,3.56414642e-02,5.41972520e-02,5.94558478e-02
6.24000000e+00,8.74998455e-04,3.62314493e-03,1.26300193e-02,3.36492956e-02,5.27119003e-02,6.53581321e-02,6.04087752e-04,3.64441581e-03,1.29384308e-02,3.49257985e-02,5.31124450e-02,5.82667718e-02
6.26000000e+00,8.58410029e-04,3.55316862e-03,1.23781860e-02,3.29624899e-02,5.16695194e-02,6.41371310e-02,5.91865333e-04,3.57072885e-03,1.26773497e-02,3.42240743e-02,5.20486594e-02,5.71007068e-02
6.28000000e+00,8.42136971e-04,3.48455063e-03,1.21314628e-02,3.22900973e-02,5.06473817e-02,6.29371703e-02,5.79883962e-04,3.49849340e-03,1.24213935e-02,3.35360232e-02,5.10054937e-02,5.59572140e-02
6.30000000e+00,8.26174684e-04,3.41725419e-03,1.18897296e-02,3.16318795e-02,4.96451519e-02,6.17578439e-02,5.68138903e-04,3.42768099e-03,1.21704624e-02,3.28613818e-02,4.99825539e-02,5.48358629e-02
6.32000000e+00,8.10516474e-04,3.35124019e-03,1.16528915e-02,3.09874993e-02,4.86622304e-02,6.05987310e-02,5.56625513e-04,3.35826372e-03,1.19244582e-02,3.21998916e-02,4.89794532e-02,5.37362311e-02
6.34000000e+00,7.95154367e-04,3.28649161e-03,1.14208153e-02,3.03566381e-02,4.76983972e-02,5.94592988e-02,5.45339240e-04,3.29021423e-03,1.16832850e-02,3.15512991e-02,4.79958122e-02,5.26579038e-02
6.36000000e+00,7.80080329e-04,3.22298217e-03,1.11934608e-02,2.97390409e-02,4.67532165e-02,5.83397038e-02,5.34275620e-04,3.22350569e-03,1.14468484e-02,3.09153556e-02,4.70312585e-02,5.16004744e-02
6.38000000e+00,7.65292090e-04,3.16068158e-03,1.09706549e-02,2.91343909e-02,4.58261371e-02,5.72393388e-02,5.23430277e-04,3.15811179e-03,1.12150561e-02,3.02918170e-02,4.60854268e-02,5.05635434e-02
6.40000000e+00,7.50784180e-04,3.09956470e-03,1.07523454e-02,2.85424348e-02,4.49170209e-02,5.61577268e-02,5.12798918e-04,3.09400673e-03,1.09878175e-02,2.96804441e-02,4.51579585e-02,4.95467192e-02
6.42000000e+00,7.36548565e-04,3.03960941e-03,1.05384095e-02,2.79628150e-02,4.40254137e-02,5.50946891e-02,5.02377338e-04,3.03116521e-03,1.07650435e-02,2.90810018e-02,4.42485019e-02,4.85496171e-02
6.44000000e+00,7.22576631e-04,2.98078661e-03,1.03287604e-02,2.73953620e-02,4.31509577e-02,5.40498681e-02,4.92161409e-04,2.96956244e-03,1.05466471e-02,2.84932599e-02,4.33567116e-02,4.75718600e-02
6.46000000e+00,7.08867738e-04,2.92307581e-03,1.01232911e-02,2.68397611e-02,4.22931835e-02,5.30231111e-02,4.82147088e-04,2.90917409e-03,1.03325428e-02,2.79169923e-02,4.24822490e-02,4.66130777e-02
6.48000000e+00,6.95416238e-04,2.86645908e-03,9.92193352e-03,2.62958091e-02,4.14520465e-02,5.20138629e-02,4.72330409e-04,2.84997631e-03,1.01226467e-02,2.73519773e-02,4.16247818e-02,4.56729068e-02
6.50000000e+00,6.82212296e-04,2.81090569e-03,9.72456113e-03,2.57631112e-02,4.06269804e-02,5.10218628e-02,4.62707484e-04,2.79194574e-03,9.91687656e-03,2.67979973e-02,4.07839838e-02,4.47509910e-02
6.52000000e+00,6.69255736e-04,2.75639584e-03,9.53112543e-03,2.52415389e-02,3.98176536e-02,5.00469543e-02,4.53274500e-04,2.73505944e-03,9.71515182e-03,2.62548391e-02,3.99595350e-02,4.38469804e-02
6.54000000e+00,6.56539050e-04,2.70290440e-03,9.34154168e-03,2.47308109e-02,3.90238240e-02,4.90888059e-02,4.44027720e-04,2.67929493e-03,9.51739338e-03,2.57222932e-02,3.91511216e-02,4.29605318e-02
6.56000000e+00,6.44056592e-04,2.65041599e-03,9.15571488e-03,2.42306795e-02,3.82451639e-02,4.81470153e-02,4.34963480e-04,2.62463017e-03,9.32352369e-03,2.52001543e-02,3.83584353e-02,4.20913085e-02
6.58000000e+00,6.31804811e-04,2.59890431e-03,8.97354726e-03,2.37408988e-02,3.74813825e-02,4.72213477e-02,4.26078185e-04,2.57104356e-03,9.13346672e-03,2.46882210e-02,3.75811741e-02,4.12389801e-02
6.60000000e+00,6.19781436e-04,2.54835514e-03,8.79497360e-03,2.32612956e-02,3.67321000e-02,4.63117249e-02,4.17368315e-04,2.51851391e-03,8.94714790e-03,2.41862957e-02,3.68190413e-02,4.04032223e-02
6.62000000e+00,6.07977563e-04,2.49874615e-03,8.61993805e-03,2.27916148e-02,3.59971412e-02,4.54175547e-02,4.08830415e-04,2.46702043e-03,8.76449410e-03,2.36941846e-02,3.60717461e-02,3.95837169e-02
6.64000000e+00,5.96389349e-04,2.45005847e-03,8.44832137e-03,2.23315451e-02,3.52761336e-02,4.45388481e-02,4.00461099e-04,2.41654277e-03,8.58543361e-03,2.32116976e-02,3.53390029e-02,3.87801520e-02
6.66000000e+00,5.85015921e-04,2.40226672e-03,8.28006584e-03,2.18809415e-02,3.45688425e-02,4.36750166e-02,3.92257048e-04,2.36706095e-03,8.40989612e-03,2.27386481e-02,3.46205316e-02,3.79922211e-02
6.68000000e+00,5.73850586e-04,2.35536229e-03,8.11510812e-03,2.14397237e-02,3.38749699e-02,4.28263657e-02,3.84215007e-04,2.31855539e-03,8.23781267e-03,2.22748532e-02,3.39160576e-02,3.72196238e-02
6.70000000e+00,5.62885543e-04,2.30932771e-03,7.95339793e-03,2.10074168e-02,3.31943147e-02,4.19921204e-02,3.76331785e-04,2.27100689e-03,8.06911564e-03,2.18201335e-02,3.32253111e-02,3.64620654e-02
6.72000000e+00,5.52124751e-04,2.26413109e-03,7.79482163e-03,2.05840655e-02,3.25265042e-02,4.11722437e-02,3.68604254e-04,2.22439662e-03,7.90373873e-03,2.13743129e-02,3.25480277e-02,3.57192564e-02
6.74000000e+00,5.41557674e-04,2.21977779e-03,7.63934106e-03,2.01693363e-02,3.18713449e-02,4.03666012e-02,3.61029346e-04,2.17870614e-03,7.74161691e-03,2.09372188e-02,3.18839480e-02,3.49909132e-02
6.76000000e+00,5.31183847e-04,2.17622705e-03,7.48686865e-03,1.97630618e-02,3.12285181e-02,3.95747796e-02,3.53604055e-04,2.13391735e-03,7.58268643e-03,2.05086818e-02,3.12328173e-02,3.42767573e-02
6.78000000e+00,5.20998263e-04,2.13347329e-03,7.33737648e-03,1.93650499e-02,3.05978358e-02,3.87964733e-02,3.46325432e-04,2.09001251e-03,7.42688476e-03,2.00885359e-02,3.05943859e-02,3.35765155e-02
6.80000000e+00,5.10994811e-04,2.09150929e-03,7.19075650e-03,1.89751629e-02,2.99791712e-02,3.80317606e-02,3.39190588e-04,2.04697421e-03,7.27415061e-03,1.96766180e-02,2.99684088e-02,3.28899197e-02
6.82000000e+00,5.01173898e-04,2.05030176e-03,7.04696868e-03,1.85931232e-02,2.93721426e-02,3.72802578e-02,3.32196689e-04,2.00478542e-03,7.12442386e-03,1.92727683e-02,2.93546455e-02,3.22167071e-02
6.84000000e+00,4.91532322e-04,2.00985069e-03,6.90595014e-03,1.82188489e-02,2.87765171e-02,3.65416594e-02,3.25340957e-04,1.96342941e-03,6.97764556e-03,1.88768302e-02,2.87528604e-02,3.15566197e-02
6.86000000e+00,4.82061529e-04,1.97013561e-03,6.76765107e-03,1.78521145e-02,2.81921886e-02,3.58160660e-02,3.18620668e-04,1.92288979e-03,6.83375791e-03,1.84886498e-02,2.81628219e-02,3.09094043e-02
6.88000000e+00,4.72763786e-04,1.93113904e-03,6.63201697e-03,1.74927860e-02,2.76188161e-02,3.51028144e-02,3.12033153e-04,1.88315049e-03,6.69270424e-03,1.81080764e-02,2.75843033e-02,3.02748127e-02
6.90000000e+00,4.63631615e-04,1.89285050e-03,6.49896776e-03,1.71407014e-02,2.70562675e-02,3.44021246e-02,3.05575794e-04,1.84419575e-03,6.55442897e-03,1.77349620e-02,2.70170818e-02,2.96526012e-02
6.92000000e+00,4.54664667e-04,1.85525627e-03,6.36846386e-03,1.67956296e-02,2.65042540e-02,3.37135531e-02,2.99246025e-04,1.80601012e-03,6.41887760e-03,1.73691616e-02,2.64609391e-02,2.90425310e-02
6.94000000e+00,4.45858284e-04,1.81833759e-03,6.24045217e-03,1.64574739e-02,2.59626862e-02,3.30369361e-02,2.93041329e-04,1.76857846e-03,6.28599672e-03,1.70105329e-02,2.59156609e-02,2.84443676e-02
6.96000000e+00,4.37209586e-04,1.78209168e-03,6.11490011e-03,1.61260962e-02,2.54312158e-02,3.23721878e-02,2.86959242e-04,1.73188591e-03,6.15573392e-03,1.66589363e-02,2.53810370e-02,2.78578809e-02
6.98000000e+00,4.28716827e-04,1.74649316e-03,5.99173130e-03,1.58013143e-02,2.49097776e-02,3.17189582e-02,2.80997344e-04,1.69591793e-03,6.02803783e-03,1.63142349e-02,2.48568612e-02,2.72828454e-02
7.00000000e+00,4.20375727e-04,1.71154074e-03,5.87089173e-03,1.54829854e-02,2.43981369e-02,3.10772453e-02,2.75153265e-04,1.66066024e-03,5.90285809e-03,1.59762946e-02,2.43429314e-02,2.67190398e-02
7.02000000e+00,4.12184017e-04,1.67721487e-03,5.75235020e-03,1.51709551e-02,2.38960944e-02,3.04467287e-02,2.69424681e-04,1.62609884e-03,5.78014530e-03,1.56449836e-02,2.38390490e-02,2.61662468e-02
7.04000000e+00,4.04138438e-04,1.64350215e-03,5.63605595e-03,1.48650976e-02,2.34034620e-02,2.98273209e-02,2.63809315e-04,1.59222003e-03,5.65985104e-03,1.53201728e-02,2.33450196e-02,2.56242536e-02
7.06000000e+00,3.96237010e-04,1.61040016e-03,5.52195497e-03,1.45652965e-02,2.29200758e-02,2.92187762e-02,2.58304932e-04,1.55901034e-03,5.54192782e-03,1.50017357e-02,2.28606522e-02,2.50928511e-02
7.08000000e+00,3.88475659e-04,1.57788687e-03,5.41001977e-03,1.42713636e-02,2.24458072e-02,2.86210179e-02,2.52909344e-04,1.52645659e-03,5.42632908e-03,1.46895479e-02,2.23857595e-02,2.45718345e-02
7.10000000e+00,3.80853191e-04,1.54596067e-03,5.30017214e-03,1.39832366e-02,2.19804067e-02,2.80336570e-02,2.47620402e-04,1.49454587e-03,5.31300918e-03,1.43834877e-02,2.19201578e-02,2.40610026e-02
7.12000000e+00,3.73366143e-04,1.51460094e-03,5.19241579e-03,1.37007702e-02,2.15237420e-02,2.74568107e-02,2.42436005e-04,1.46326549e-03,5.20192336e-03,1.40834355e-02,2.14636671e-02,2.35601582e-02
7.14000000e+00,3.66012944e-04,1.48380513e-03,5.08666597e-03,1.34237846e-02,2.10756678e-02,2.68901512e-02,2.37354087e-04,1.43260303e-03,5.09302773e-03,1.37892743e-02,2.10161105e-02,2.30691079e-02
7.16000000e+00,3.58790567e-04,1.45355577e-03,4.98290826e-03,1.31522305e-02,2.06359793e-02,2.63335910e-02,2.32372628e-04,1.40254630e-03,4.98627926e-03,1.35008892e-02,2.05773148e-02,2.25876618e-02
7.18000000e+00,3.51696275e-04,1.42385194e-03,4.88109002e-03,1.28859738e-02,2.02045906e-02,2.57868487e-02,2.27489643e-04,1.37308338e-03,4.88163577e-03,1.32181673e-02,2.01471098e-02,2.21156339e-02
7.20000000e+00,3.44728469e-04,1.39467313e-03,4.78118379e-03,1.26248645e-02,1.97812431e-02,2.52499711e-02,2.22703191e-04,1.34420255e-03,4.77905588e-03,1.29409983e-02,1.97253288e-02,2.16528415e-02
7.22000000e+00,3.37885111e-04,1.36601890e-03,4.68313880e-03,1.23688178e-02,1.93658806e-02,2.47226469e-02,2.18011365e-04,1.31589234e-03,4.67849905e-03,1.26692738e-02,1.93118082e-02,2.11991055e-02
7.24000000e+00,3.31162504e-04,1.33787526e-03,4.58692992e-03,1.21176979e-02,1.89583674e-02,2.42048483e-02,2.13412298e-04,1.28814149e-03,4.57992550e-03,1.24028874e-02,1.89063875e-02,2.07542503e-02
7.26000000e+00,3.24560970e-04,1.31023547e-03,4.49252594e-03,1.18714655e-02,1.85584780e-02,2.36962698e-02,2.08904159e-04,1.26093897e-03,4.48329624e-03,1.21417350e-02,1.85089094e-02,2.03181034e-02
7.28000000e+00,3.18076141e-04,1.28308462e-03,4.39988216e-03,1.16299661e-02,1.81661304e-02,2.31968910e-02,2.04485152e-04,1.23427397e-03,4.38857306e-03,1.18857142e-02,1.81192195e-02,1.98904959e-02
7.30000000e+00,3.11706011e-04,1.25641609e-03,4.30894783e-03,1.13930851e-02,1.77811738e-02,2.27065273e-02,2.00153517e-04,1.20813589e-03,4.29571847e-03,1.16347249e-02,1.77371664e-02,1.94712620e-02
7.32000000e+00,3.05450085e-04,1.23022788e-03,4.21971362e-03,1.11607481e-02,1.74035244e-02,2.22250707e-02,1.95907531e-04,1.18251433e-03,4.20469572e-03,1.13886688e-02,1.73626016e-02,1.90602389e-02
7.34000000e+00,2.99304840e-04,1.20450638e-03,4.13212832e-03,1.09328730e-02,1.70329008e-02,2.17523668e-02,1.91745501e-04,1.15739912e-03,4.11546879e-03,1.11474494e-02,1.69953794e-02,1.86572673e-02
7.36000000e+00,2.93268968e-04,1.17923948e-03,4.04617563e-03,1.07093537e-02,1.66693609e-02,2.12882441e-02,1.87665770e-04,1.13278025e-03,4.02800235e-03,1.09109723e-02,1.66353569e-02,1.82621907e-02
7.38000000e+00,2.87341099e-04,1.15442765e-03,3.96183180e-03,1.04900831e-02,1.63126756e-02,2.08326634e-02,1.83666712e-04,1.10864793e-03,3.94226177e-03,1.06791446e-02,1.62823942e-02,1.78748556e-02
7.40000000e+00,2.81519140e-04,1.13005703e-03,3.87904234e-03,1.02749700e-02,1.59627497e-02,2.03854125e-02,1.79746735e-04,1.08499258e-03,3.85821310e-03,1.04518755e-02,1.59363537e-02,1.74951115e-02
7.42000000e+00,2.75800383e-04,1.10612169e-03,3.79778747e-03,1.00639602e-02,1.56194586e-02,1.99463498e-02,1.75904277e-04,1.06180477e-03,3.77582305e-03,1.02290759e-02,1.55971006e-02,1.71228108e-02
7.44000000e+00,2.70183606e-04,1.08261406e-03,3.71803972e-03,9.85692721e-03,1.52826523e-02,1.95154157e-02,1.72137806e-04,1.03907527e-03,3.69505898e-03,1.00106582e-02,1.52645029e-02,1.67578087e-02
7.46000000e+00,2.64667120e-04,1.05952914e-03,3.63976508e-03,9.65382718e-03,1.49522955e-02,1.90925058e-02,1.68445822e-04,1.01679506e-03,3.61588888e-03,9.79653689e-03,1.49384308e-02,1.63999631e-02
7.48000000e+00,2.59249908e-04,1.03685725e-03,3.56295146e-03,9.45454556e-03,1.46282027e-02,1.86773632e-02,1.64826854e-04,9.94955256e-04,3.53828139e-03,9.58662773e-03,1.46187572e-02,1.60491349e-02
7.50000000e+00,2.53928534e-04,1.01459306e-03,3.48755624e-03,9.25904233e-03,1.43102873e-02,1.82700530e-02,1.61279459e-04,9.73547170e-04,3.46220575e-03,9.38084834e-03,1.43053574e-02,1.57051873e-02
7.52000000e+00,2.48702650e-04,9.92726651e-04,3.41356080e-03,9.06721875e-03,1.39984675e-02,1.78702809e-02,1.57802223e-04,9.52562281e-04,3.38763179e-03,9.17911788e-03,1.39981092e-02,1.53679865e-02
7.54000000e+00,2.43571078e-04,9.71253437e-04,3.34093766e-03,8.87899660e-03,1.36926258e-02,1.74779799e-02,1.54393761e-04,9.31992237e-04,3.31452997e-03,8.98135707e-03,1.36968924e-02,1.50374010e-02
7.56000000e+00,2.38530367e-04,9.50169691e-04,3.26965563e-03,8.69430788e-03,1.33926105e-02,1.70931481e-02,1.51052713e-04,9.11828847e-04,3.24287128e-03,8.78748818e-03,1.34015897e-02,1.47133020e-02
7.58000000e+00,2.33580606e-04,9.29461152e-04,3.19969747e-03,8.51307157e-03,1.30983507e-02,1.67154949e-02,1.47777749e-04,8.92064086e-04,3.17262731e-03,8.59743498e-03,1.31120855e-02,1.43955630e-02
7.60000000e+00,2.28720484e-04,9.09132825e-04,3.13104806e-03,8.33524112e-03,1.28097981e-02,1.63450763e-02,1.44567561e-04,8.72690084e-04,3.10377021e-03,8.41112274e-03,1.28282667e-02,1.40840601e-02
7.62000000e+00,2.23946539e-04,8.89170275e-04,3.06366105e-03,8.16074293e-03,1.25267906e-02,1.59816910e-02,1.41420871e-04,8.53699125e-04,3.03627265e-03,8.22847816e-03,1.25500225e-02,1.37786717e-02
7.64000000e+00,2.19259644e-04,8.69569718e-04,2.99752876e-03,7.98952021e-03,1.22492407e-02,1.56251807e-02,1.38336423e-04,8.35083648e-04,2.97010786e-03,8.04942937e-03,1.22772439e-02,1.34792786e-02
7.66000000e+00,2.14656960e-04,8.50325800e-04,2.93262675e-03,7.82147143e-03,1.19770868e-02,1.52755417e-02,1.35312988e-04,8.16836238e-04,2.90524959e-03,7.87390591e-03,1.20098244e-02,1.31857639e-02
7.68000000e+00,2.10137063e-04,8.31433281e-04,2.86893151e-03,7.65655749e-03,1.17102098e-02,1.49326026e-02,1.32349361e-04,7.98949628e-04,2.84167208e-03,7.70183867e-03,1.17476591e-02,1.28980130e-02
7.70000000e+00,2.05699384e-04,8.12885235e-04,2.80641764e-03,7.49474019e-03,1.14485361e-02,1.45962909e-02,1.29444358e-04,7.81416693e-04,2.77935012e-03,7.53315989e-03,1.14906456e-02,1.26159132e-02
7.72000000e+00,2.01341973e-04,7.94678286e-04,2.74507655e-03,7.33592082e-03,1.11919725e-02,1.42664649e-02,1.26596822e-04,7.64230448e-04,2.71825896e-03,7.36780315e-03,1.12386831e-02,1.23393544e-02
7.74000000e+00,1.97063724e-04,7.76804984e-04,2.68487725e-03,7.18007004e-03,1.09404083e-02,1.39431022e-02,1.23805616e-04,7.47384048e-04,2.65837435e-03,7.20570328e-03,1.09916731e-02,1.20682284e-02
7.76000000e+00,1.92863328e-04,7.59261311e-04,2.62580323e-03,7.02710683e-03,1.06937848e-02,1.36260074e-02,1.21069628e-04,7.30870780e-04,2.59967252e-03,7.04679642e-03,1.07495186e-02,1.18024291e-02
7.78000000e+00,1.88739315e-04,7.42042263e-04,2.56783003e-03,6.87700370e-03,1.04520218e-02,1.33151431e-02,1.18387767e-04,7.14684065e-04,2.54213014e-03,6.89101993e-03,1.05121248e-02,1.15418525e-02
7.80000000e+00,1.84690274e-04,7.25143997e-04,2.51095020e-03,6.72967592e-03,1.02150291e-02,1.30103882e-02,1.15758961e-04,6.98817453e-04,2.48572437e-03,6.73831240e-03,1.02793985e-02,1.12863966e-02
7.82000000e+00,1.80715841e-04,7.08559470e-04,2.45513162e-03,6.58510858e-03,9.98272467e-03,1.27116265e-02,1.13182164e-04,6.83264621e-04,2.43043280e-03,6.58861361e-03,1.00512487e-02,1.10359613e-02
7.84000000e+00,1.76813483e-04,6.92285015e-04,2.40036496e-03,6.44322904e-03,9.75501817e-03,1.24187730e-02,1.10656345e-04,6.68019371e-04,2.37623347e-03,6.44186450e-03,9.82758563e-03,1.07904485e-02
7.86000000e+00,1.72983142e-04,6.76315394e-04,2.34663184e-03,6.30398560e-03,9.53186210e-03,1.21317748e-02,1.08180499e-04,6.53075627e-04,2.32310485e-03,6.29800720e-03,9.60832165e-03,1.05497621e-02
7.88000000e+00,1.69222913e-04,6.60647289e-04,2.29390548e-03,6.16732799e-03,9.31315217e-03,1.18504828e-02,1.05753637e-04,6.38427432e-04,2.27102582e-03,6.15698493e-03,9.39337066e-03,1.03138077e-02
7.90000000e+00,1.65532401e-04,6.45274471e-04,2.24218261e-03,6.03321893e-03,9.09880176e-03,1.15748188e-02,1.03374790e-04,6.24068948e-04,2.21997569e-03,6.01874204e-03,9.18264826e-03,1.00824927e-02
7.92000000e+00,1.61909251e-04,6.30195078e-04,2.19143531e-03,5.90161420e-03,8.88878200e-03,1.13047147e-02,1.01043010e-04,6.09994451e-04,2.16993417e-03,5.88322394e-03,8.97607169e-03,9.85572648e-03
7.94000000e+00,1.58353607e-04,6.15401193e-04,2.14165705e-03,5.77245746e-03,8.68299790e-03,1.10400096e-02,9.87573654e-05,5.96198331e-04,2.12088138e-03,5.75037714e-03,8.77355979e-03,9.63342001e-03
7.96000000e+00,1.54863519e-04,6.00892119e-04,2.09281803e-03,5.64571237e-03,8.48135445e-03,1.07807200e-02,9.65169447e-05,5.82675086e-04,2.07279780e-03,5.62014916e-03,8.57503297e-03,9.41548606e-03
7.98000000e+00,1.51438362e-04,5.86660171e-04,2.04491406e-03,5.52134449e-03,8.28380231e-03,1.05266627e-02,9.43208537e-05,5.69419325e-04,2.02566434e-03,5.49248857e-03,8.38041320e-03,9.20183908e-03
8.00000000e+00,1.48076651e-04,5.72706340e-04,1.99792581e-03,5.39927371e-03,8.09028838e-03,1.02778077e-02,9.21682158e-05,5.56425763e-04,1.97946224e-03,5.36734493e-03,8.18962396e-03,8.99239517e-03
8.02000000e+00,1.44777572e-04,5.59022068e-04,1.95183558e-03,5.27949864e-03,7.90070649e-03,1.00340080e-02,9.00581719e-05,5.43689218e-04,1.93417313e-03,5.24466879e-03,8.00259021e-03,8.78707206e-03
8.04000000e+00,1.41540237e-04,5.45606425e-04,1.90662767e-03,5.16196247e-03,7.71500450e-03,9.79523454e-03,8.79898798e-05,5.31204612e-04,1.88977901e-03,5.12441165e-03,7.81923837e-03,8.58578909e-03
8.06000000e+00,1.38363292e-04,5.32453298e-04,1.86229649e-03,5.04662888e-03,7.53312092e-03,9.56136361e-03,8.59625139e-05,5.18966966e-04,1.84626222e-03,5.00652599e-03,7.63949629e-03,8.38846713e-03
8.08000000e+00,1.35245791e-04,5.19560301e-04,1.81881117e-03,4.93345782e-03,7.35498266e-03,9.33234766e-03,8.39752649e-05,5.06971398e-04,1.80360545e-03,4.89096518e-03,7.46329322e-03,8.19502863e-03
8.10000000e+00,1.32186688e-04,5.06922021e-04,1.77617522e-03,4.82241809e-03,7.18051801e-03,9.10805631e-03,8.20273395e-05,4.95213125e-04,1.76179172e-03,4.77768353e-03,7.29055981e-03,8.00539752e-03
8.12000000e+00,1.29185311e-04,4.94537293e-04,1.73436175e-03,4.71346406e-03,7.00969156e-03,8.88845138e-03,8.01179600e-05,4.83687457e-04,1.72080441e-03,4.66663624e-03,7.12122801e-03,7.81949922e-03
8.14000000e+00,1.26240397e-04,4.82400472e-04,1.69336481e-03,4.60656499e-03,6.84241299e-03,8.67338944e-03,7.82463643e-05,4.72389796e-04,1.68062721e-03,4.55777936e-03,6.95523114e-03,7.63726057e-03
8.16000000e+00,1.23350736e-04,4.70508996e-04,1.65316660e-03,4.50166920e-03,6.67862967e-03,8.46282858e-03,7.64118052e-05,4.61315636e-04,1.64124413e-03,4.45106984e-03,6.79250380e-03,7.45860987e-03
8.18000000e+00,1.20515964e-04,4.58859460e-04,1.61375024e-03,4.39875992e-03,6.51827874e-03,8.25669058e-03,7.46135500e-05,4.50460558e-04,1.60263950e-03,4.34646543e-03,6.63298186e-03,7.28347680e-03
8.20000000e+00,1.17734642e-04,4.47447936e-04,1.57510850e-03,4.29779477e-03,6.36127684e-03,8.05488881e-03,7.28508809e-05,4.39820233e-04,1.56479796e-03,4.24392474e-03,6.47660243e-03,7.11179240e-03
8.22000000e+00,1.15005911e-04,4.36271162e-04,1.53722928e-03,4.19874722e-03,6.20759558e-03,7.85730500e-03,7.11230941e-05,4.29390415e-04,1.52770444e-03,4.14340717e-03,6.32330387e-03,6.94348906e-03
8.24000000e+00,1.12329151e-04,4.25325328e-04,1.50008930e-03,4.10157302e-03,6.05715299e-03,7.66391400e-03,6.94294996e-05,4.19166943e-04,1.49134418e-03,4.04487292e-03,6.17302573e-03,6.77850047e-03
8.26000000e+00,1.09702887e-04,4.14607028e-04,1.46369031e-03,4.00624704e-03,5.90990530e-03,7.47459801e-03,6.77694212e-05,4.09145737e-04,1.45570270e-03,3.94828297e-03,6.02570871e-03,6.61676164e-03
8.28000000e+00,1.07126973e-04,4.04115650e-04,1.42800552e-03,3.91272828e-03,5.76577289e-03,7.28930859e-03,6.61421960e-05,3.99322800e-04,1.42076582e-03,3.85359907e-03,5.88129472e-03,6.45820881e-03
8.30000000e+00,1.04599982e-04,3.93843569e-04,1.39303470e-03,3.82099836e-03,5.62472083e-03,7.10796053e-03,6.45471741e-05,3.89694211e-04,1.38651963e-03,3.76078370e-03,5.73972676e-03,6.30277950e-03
8.32000000e+00,1.02120815e-04,3.83790146e-04,1.35875714e-03,3.73101328e-03,5.48667507e-03,6.93042437e-03,6.29837186e-05,3.80256127e-04,1.35295049e-03,3.66980010e-03,5.60094894e-03,6.15041240e-03
8.34000000e+00,9.96887175e-05,3.73952673e-04,1.32516434e-03,3.64274811e-03,5.35156811e-03,6.75668521e-03,6.14512051e-05,3.71004783e-04,1.32004503e-03,3.58061221e-03,5.46490650e-03,6.00104744e-03
8.36000000e+00,9.73033093e-05,3.64326028e-04,1.29224313e-03,3.55617236e-03,5.21936407e-03,6.58665691e-03,5.99490215e-05,3.61936487e-04,1.28779015e-03,3.49318467e-03,5.33154571e-03,5.85462570e-03
8.38000000e+00,9.49632085e-05,3.54908581e-04,1.25997979e-03,3.47124692e-03,5.08999918e-03,6.42023422e-03,5.84765679e-05,3.53047618e-04,1.25617300e-03,3.40748285e-03,5.20081389e-03,5.71108940e-03
8.40000000e+00,9.26673601e-05,3.45695677e-04,1.22836395e-03,3.38795548e-03,4.96340590e-03,6.25736779e-03,5.70332562e-05,3.44334630e-04,1.22518099e-03,3.32347276e-03,5.07265942e-03,5.57038190e-03
8.42000000e+00,9.04157205e-05,3.36686324e-04,1.19738257e-03,3.30625591e-03,4.83954279e-03,6.09797100e-03,5.56185099e-05,3.35794044e-04,1.19480178e-03,3.24112109e-03,4.94703165e-03,5.43244766e-03
8.44000000e+00,8.82067689e-05,3.27875459e-04,1.16702798e-03,3.22612328e-03,4.71834373e-03,5.94196841e-03,5.42317639e-05,3.27422452e-04,1.16502326e-03,3.16039519e-03,4.82388094e-03,5.29723222e-03
8.46000000e+00,8.60397995e-05,3.19260464e-04,1.13728235e-03,3.14753107e-03,4.59976029e-03,5.78929717e-03,5.28724643e-05,3.19216512e-04,1.13583357e-03,3.08126303e-03,4.70315861e-03,5.16468219e-03
8.48000000e+00,8.39139830e-05,3.10839794e-04,1.10813847e-03,3.07044573e-03,4.48372122e-03,5.63986227e-03,5.15400681e-05,3.11172947e-04,1.10722108e-03,3.00369324e-03,4.58481694e-03,5.03474521e-03
8.50000000e+00,8.18284389e-05,3.02607747e-04,1.07958599e-03,2.99484842e-03,4.37018462e-03,5.49361715e-03,5.02340431e-05,3.03288548e-04,1.07917439e-03,2.92765503e-03,4.46880915e-03,4.90736996e-03
8.52000000e+00,7.97822358e-05,2.94562837e-04,1.05160859e-03,2.92069628e-03,4.25910065e-03,5.35047054e-03,4.89538676e-05,2.95560167e-04,1.05168233e-03,2.85311824e-03,4.35508934e-03,4.78250610e-03
8.54000000e+00,7.77748210e-05,2.86702794e-04,1.02419895e-03,2.84796697e-03,4.15040040e-03,5.21035539e-03,4.76990302e-05,2.87984717e-04,1.02473394e-03,2.78005329e-03,4.24361254e-03,4.66010430e-03
8.56000000e+00,7.58053284e-05,2.79022439e-04,9.97341238e-04,2.77662626e-03,4.04403871e-03,5.07322652e-03,4.64690295e-05,2.80559175e-04,9.98318471e-04,2.70843118e-03,4.13433464e-03,4.54011616e-03
8.58000000e+00,7.38726885e-05,2.71520345e-04,9.71027592e-04,2.70665903e-03,3.93996155e-03,4.93898010e-03,4.52633742e-05,2.73280576e-04,9.72425410e-04,2.63822348e-03,4.02721242e-03,4.42249425e-03
8.60000000e+00,7.19762684e-05,2.64192262e-04,9.45246720e-04,2.63803173e-03,3.83810303e-03,4.80755139e-03,4.40815826e-05,2.66146014e-04,9.47044431e-04,2.56940233e-03,3.92220346e-03,4.30719207e-03
8.62000000e+00,7.01152967e-05,2.57035485e-04,9.19987971e-04,2.57071387e-03,3.73843405e-03,4.67888871e-03,4.29231826e-05,2.59152639e-04,9.22165418e-04,2.50194039e-03,3.81926622e-03,4.19416400e-03
8.64000000e+00,6.82889586e-05,2.50047306e-04,8.95239471e-04,2.50467495e-03,3.64086893e-03,4.55291383e-03,4.17877114e-05,2.52297660e-04,8.97778454e-04,2.43581088e-03,3.71835993e-03,4.08336534e-03
8.66000000e+00,6.64963009e-05,2.43223840e-04,8.70987249e-04,2.43988750e-03,3.54538020e-03,4.42957459e-03,4.06747152e-05,2.45578340e-04,8.73873817e-04,2.37098755e-03,3.61944464e-03,3.97475225e-03
8.68000000e+00,6.47366760e-05,2.36562410e-04,8.47224786e-04,2.37632962e-03,3.45189846e-03,4.30877926e-03,3.95837494e-05,2.38991994e-04,8.50441976e-04,2.30744463e-03,3.52248119e-03,3.86828176e-03
8.70000000e+00,6.30093200e-05,2.30059726e-04,8.23938462e-04,2.31397036e-03,3.36037856e-03,4.19049105e-03,3.85143781e-05,2.32535993e-04,8.27473591e-04,2.24515690e-03,3.42743116e-03,3.76391172e-03
8.72000000e+00,6.13134980e-05,2.23712355e-04,8.01118731e-04,2.25278153e-03,3.27076437e-03,4.07462753e-03,3.74661740e-05,2.26207759e-04,8.04959504e-04,2.18409961e-03,3.33425689e-03,3.66160082e-03
8.74000000e+00,5.96481186e-05,2.17517692e-04,7.78754242e-04,2.19273451e-03,3.18300235e-03,3.96112911e-03,3.64387183e-05,2.20004764e-04,7.82890736e-04,2.12424850e-03,3.24292149e-03,3.56130856e-03
8.76000000e+00,5.80128726e-05,2.11471939e-04,7.56833702e-04,2.13380018e-03,3.09704873e-03,3.84995691e-03,3.54316003e-05,2.13924531e-04,7.61258489e-04,2.06557978e-03,3.15338874e-03,3.46299522e-03
8.78000000e+00,5.64069087e-05,2.05571909e-04,7.35347741e-04,2.07595923e-03,3.01284180e-03,3.74102010e-03,3.44444178e-05,2.07964632e-04,7.40054136e-04,2.00807015e-03,3.06562317e-03,3.36662187e-03
8.80000000e+00,5.48292446e-05,1.99813992e-04,7.14284368e-04,2.01917230e-03,2.93033966e-03,3.63426725e-03,3.34767761e-05,2.02122686e-04,7.19269221e-04,1.95169675e-03,2.97958999e-03,3.27215032e-03
8.82000000e+00,5.32794838e-05,1.94195134e-04,6.93635840e-04,1.96341984e-03,2.84947478e-03,3.52967274e-03,3.25282886e-05,1.96396359e-04,6.98895454e-04,1.89643716e-03,2.89525509e-03,3.17954317e-03
8.84000000e+00,5.17566550e-05,1.88711958e-04,6.73387025e-04,1.90867530e-03,2.77020992e-03,3.42713529e-03,3.15985763e-05,1.90783366e-04,6.78924710e-04,1.84226943e-03,2.81258504e-03,3.08876371e-03
8.86000000e+00,5.02602343e-05,1.83360331e-04,6.53532392e-04,1.85490679e-03,2.69250292e-03,3.32662743e-03,3.06872677e-05,1.85281463e-04,6.59349023e-04,1.78917202e-03,2.73154703e-03,2.99977597e-03
8.88000000e+00,4.87896286e-05,1.78137881e-04,6.34060532e-04,1.80209114e-03,2.61628209e-03,3.22809140e-03,2.97939985e-05,1.79888453e-04,6.40160585e-04,1.73712381e-03,2.65210895e-03,2.91254467e-03
8.90000000e+00,4.73439395e-05,1.73040069e-04,6.14961144e-04,1.75019645e-03,2.54151807e-03,3.13147344e-03,2.89184118e-05,1.74602182e-04,6.21351741e-04,1.68610412e-03,2.57423927e-03,2.82703525e-03
8.92000000e+00,4.59228213e-05,1.68063969e-04,5.96223865e-04,1.69920479e-03,2.46815407e-03,3.03674373e-03,2.80601576e-05,1.69420538e-04,6.02914988e-04,1.63609264e-03,2.49790711e-03,2.74321379e-03
8.94000000e+00,4.45253791e-05,1.63205099e-04,5.77840896e-04,1.64908834e-03,2.39614164e-03,2.94382381e-03,2.72188930e-05,1.64341451e-04,5.84842972e-04,1.58706949e-03,2.42308217e-03,2.66104707e-03
8.96000000e+00,4.31513654e-05,1.58460258e-04,5.59801992e-04,1.59981370e-03,2.32544099e-03,2.85269832e-03,2.63942817e-05,1.59362892e-04,5.67128482e-04,1.53901518e-03,2.34973477e-03,2.58050249e-03
8.98000000e+00,4.18001327e-05,1.53825938e-04,5.42099238e-04,1.55136688e-03,2.25599762e-03,2.76329950e-03,2.55859942e-05,1.54482872e-04,5.49764451e-04,1.49191057e-03,2.27783579e-03,2.50154811e-03
9.00000000e+00,4.04709790e-05,1.49297804e-04,5.24721516e-04,1.50371599e-03,2.18777498e-03,2.67559872e-03,2.47937074e-05,1.49699442e-04,5.32743951e-04,1.44573695e-03,2.20735670e-03,2.42415261e-03
9.02000000e+00,3.91636604e-05,1.44872029e-04,5.07663121e-04,1.45683996e-03,2.12073326e-03,2.58955872e-03,2.40171046e-05,1.45010691e-04,5.16060190e-04,1.40047592e-03,2.13826951e-03,2.34828528e-03
9.04000000e+00,3.78775330e-05,1.40545410e-04,4.90915321e-04,1.41071877e-03,2.05482543e-03,2.50512874e-03,2.32558754e-05,1.40414744e-04,4.99706512e-04,1.35610950e-03,2.07054680e-03,2.27391603e-03
9.06000000e+00,3.66125532e-05,1.36313291e-04,4.74469765e-04,1.36532600e-03,1.99001865e-03,2.42229970e-03,2.25097157e-05,1.35909767e-04,4.83676389e-04,1.31262001e-03,2.00416167e-03,2.20101533e-03
9.08000000e+00,3.53680916e-05,1.32172048e-04,4.58319788e-04,1.32064405e-03,1.92627043e-03,2.34101224e-03,2.17783270e-05,1.31493959e-04,4.67963427e-04,1.26999015e-03,1.93908776e-03,2.12955425e-03
9.10000000e+00,3.41440355e-05,1.28117535e-04,4.42459888e-04,1.27665338e-03,1.86354888e-03,2.26125238e-03,2.10614172e-05,1.27165556e-04,4.52561352e-04,1.22820296e-03,1.87529923e-03,2.05950443e-03
9.12000000e+00,3.29399736e-05,1.24146041e-04,4.26882936e-04,1.23333395e-03,1.80182303e-03,2.18298985e-03,2.03586996e-05,1.22922828e-04,4.37464020e-04,1.18724180e-03,1.81277074e-03,1.99083806e-03
9.14000000e+00,3.17559497e-05,1.20253157e-04,4.11582208e-04,1.19066762e-03,1.74105866e-03,2.10618693e-03,1.96698934e-05,1.18764081e-04,4.22665404e-04,1.14709037e-03,1.75147745e-03,1.92352787e-03
9.16000000e+00,3.05917529e-05,1.16435149e-04,3.96554184e-04,1.14864344e-03,1.68123201e-03,2.03084154e-03,1.89947232e-05,1.14687652e-04,4.08159598e-04,1.10773267e-03,1.69139500e-03,1.85754713e-03
9.18000000e+00,2.94474212e-05,1.12688380e-04,3.81792925e-04,1.10724370e-03,1.62231573e-03,1.95691269e-03,1.83329192e-05,1.10691912e-04,3.93940813e-04,1.06915306e-03,1.63249953e-03,1.79286965e-03
9.20000000e+00,2.83229801e-05,1.09008724e-04,3.67296248e-04,1.06646109e-03,1.56429061e-03,1.88439235e-03,1.76842168e-05,1.06775265e-04,3.80003372e-04,1.03133615e-03,1.57476762e-03,1.72946972e-03
9.22000000e+00,2.72185207e-05,1.05392632e-04,3.53061332e-04,1.02628069e-03,1.50713918e-03,1.81326119e-03,1.70483566e-05,1.02936146e-04,3.66341712e-04,9.94266894e-04,1.51817633e-03,1.66732218e-03
9.24000000e+00,2.61341884e-05,1.01835969e-04,3.39083694e-04,9.86696337e-04,1.45084271e-03,1.74349686e-03,1.64250845e-05,9.91730211e-05,3.52950380e-04,9.57930531e-04,1.46270317e-03,1.60640232e-03
9.26000000e+00,2.50704779e-05,9.83358113e-05,3.25362693e-04,9.47705470e-04,1.39539281e-03,1.67509529e-03,1.58141514e-05,9.54843857e-05,3.39824029e-04,9.22312587e-04,1.40832608e-03,1.54668595e-03
9.28000000e+00,2.40275222e-05,9.48885136e-05,3.11897515e-04,9.09299299e-04,1.34077994e-03,1.60804531e-03,1.52153130e-05,9.18687662e-05,3.26957421e-04,8.87398876e-04,1.35502345e-03,1.48814933e-03
9.30000000e+00,2.30059177e-05,9.14915436e-05,2.98688625e-04,8.71479977e-04,1.28700130e-03,1.54234096e-03,1.46283299e-05,8.83247176e-05,3.14345418e-04,8.53175492e-04,1.30277409e-03,1.43076919e-03
9.32000000e+00,2.20061011e-05,8.81415108e-05,2.85736256e-04,8.34251288e-04,1.23405748e-03,1.47796248e-03,1.40529676e-05,8.48508237e-05,3.01982984e-04,8.19628803e-04,1.25155721e-03,1.37452275e-03
9.34000000e+00,2.10285907e-05,8.48363561e-05,2.73041223e-04,7.97612011e-04,1.18194718e-03,1.41491706e-03,1.34889958e-05,8.14456960e-05,2.89865185e-04,7.86745443e-04,1.20135245e-03,1.31938763e-03
9.36000000e+00,2.00740997e-05,8.15741951e-05,2.60606583e-04,7.61572446e-04,1.13067904e-03,1.35320053e-03,1.29361893e-05,7.81079738e-05,2.77987181e-04,7.54512312e-04,1.15213984e-03,1.26534191e-03
9.38000000e+00,1.91433555e-05,7.83529831e-05,2.48434313e-04,7.26138416e-04,1.08026562e-03,1.29280635e-03,1.23943270e-05,7.48363231e-05,2.66344231e-04,7.22916569e-04,1.10389980e-03,1.21236412e-03
9.40000000e+00,1.82369513e-05,7.51718107e-05,2.36528140e-04,6.91324472e-04,1.03072100e-03,1.23373617e-03,1.18631922e-05,7.16294363e-05,2.54931685e-04,6.91945622e-04,1.05661316e-03,1.16043319e-03
9.42000000e+00,1.73556964e-05,7.20301032e-05,2.24893578e-04,6.57141616e-04,9.82057885e-04,1.17599149e-03,1.13425727e-05,6.84860319e-05,2.43744986e-04,6.61587132e-04,1.01026109e-03,1.10952846e-03
9.44000000e+00,1.65003530e-05,6.89276130e-05,2.13534397e-04,6.23608532e-04,9.34300246e-04,1.11958315e-03,1.08322603e-05,6.54048533e-05,2.32779668e-04,6.31829000e-04,9.64825148e-04,1.05962969e-03
9.46000000e+00,1.56715232e-05,6.58648933e-05,2.02455063e-04,5.90740645e-04,8.87467409e-04,1.06450601e-03,1.03320509e-05,6.23846692e-05,2.22031350e-04,6.02659367e-04,9.20287262e-04,1.01071703e-03
9.48000000e+00,1.48699091e-05,6.28430353e-05,1.91662155e-04,5.58558910e-04,8.41590925e-04,1.01077056e-03,9.84174467e-06,5.94242724e-05,2.11495742e-04,5.74066606e-04,8.76629706e-04,9.62771036e-04
9.50000000e+00,1.40960392e-05,5.98635888e-05,1.81161551e-04,5.27085329e-04,7.96695938e-04,9.58382152e-04,9.36114546e-06,5.65224797e-05,2.01168636e-04,5.46039322e-04,8.33835105e-04,9.15772624e-04
9.52000000e+00,1.33503036e-05,5.69287949e-05,1.70959363e-04,4.96345048e-04,7.52814696e-04,9.07352834e-04,8.89006115e-06,5.36781312e-05,1.91045907e-04,5.18566343e-04,7.91886427e-04,8.69703099e-04
9.54000000e+00,1.26330060e-05,5.40413130e-05,1.61061151e-04,4.66361118e-04,7.09977990e-04,8.57685867e-04,8.42830341e-06,5.08900901e-05,1.81123513e-04,4.91636717e-04,7.50766975e-04,8.24544131e-04
9.56000000e+00,1.19441384e-05,5.12038969e-05,1.51472734e-04,4.37162875e-04,6.68217486e-04,8.09384917e-04,7.97568762e-06,4.81572418e-05,1.71397491e-04,4.65239708e-04,7.10460379e-04,7.80277750e-04
9.58000000e+00,1.12835223e-05,4.84203301e-05,1.42199409e-04,4.08777123e-04,6.27568224e-04,7.62465526e-04,7.53203280e-06,4.54784941e-05,1.61863956e-04,4.39364793e-04,6.70950593e-04,7.36886340e-04
9.60000000e+00,1.06506650e-05,4.56936068e-05,1.33246431e-04,3.81231512e-04,5.88065071e-04,7.16926181e-04,7.09716158e-06,4.28527762e-05,1.52519101e-04,4.14001657e-04,6.32221888e-04,6.94352633e-04
9.62000000e+00,1.00447924e-05,4.30274704e-05,1.24616839e-04,3.54557444e-04,5.49737772e-04,6.72766357e-04,6.67090008e-06,4.02790386e-05,1.43359193e-04,3.89140185e-04,5.94258843e-04,6.52659699e-04
9.64000000e+00,9.46466207e-06,4.04251150e-05,1.16313524e-04,3.28784430e-04,5.12617698e-04,6.29986054e-04,6.25307787e-06,3.77562523e-05,1.34380572e-04,3.64770465e-04,5.57046341e-04,6.11790942e-04
9.66000000e+00,8.90872889e-06,3.78890581e-05,1.08337874e-04,3.03941371e-04,4.76732152e-04,5.88570547e-04,5.84352788e-06,3.52834091e-05,1.25579654e-04,3.40882778e-04,5.20569562e-04,5.71730094e-04
9.68000000e+00,8.37494827e-06,3.54213589e-05,1.00688703e-04,2.80054664e-04,4.42103483e-04,5.48498763e-04,5.44208637e-06,3.28595203e-05,1.16952922e-04,3.17467600e-04,4.84813979e-04,5.32461205e-04
9.70000000e+00,7.86085275e-06,3.30228213e-05,9.33629926e-05,2.57148757e-04,4.08742810e-04,5.09737525e-04,5.04859282e-06,3.04836170e-05,1.08496931e-04,2.94515592e-04,4.49765353e-04,4.93968640e-04
9.72000000e+00,7.36343509e-06,3.06928050e-05,8.63546375e-05,2.35245403e-04,3.76656040e-04,4.72238316e-04,4.66288989e-06,2.81547496e-05,1.00208301e-04,2.72017600e-04,4.15409721e-04,4.56237072e-04
9.74000000e+00,6.87920965e-06,2.84288981e-05,7.96531458e-05,2.14354412e-04,3.45831882e-04,4.35931783e-04,4.28482336e-06,2.58719869e-05,9.20837234e-05,2.49964651e-04,3.81733399e-04,4.19251478e-04
9.76000000e+00,6.40420240e-06,2.62262183e-05,7.32434419e-05,1.94481647e-04,3.16241087e-04,4.00718098e-04,3.91424206e-06,2.36344164e-05,8.41199510e-05,2.28347949e-04,3.48722970e-04,3.82997126e-04
9.78000000e+00,5.93397226e-06,2.40768386e-05,6.71049347e-05,1.75614608e-04,2.87831790e-04,3.66463530e-04,3.55099782e-06,2.14411436e-05,7.63138027e-05,2.07158871e-04,3.16365285e-04,3.47459579e-04
9.80000000e+00,5.46364981e-06,2.19693011e-05,6.12085714e-05,1.57725561e-04,2.60521367e-04,3.32990137e-04,3.19494537e-06,1.92912918e-05,6.86621599e-05,1.86388965e-04,2.84647449e-04,3.12624683e-04
9.82000000e+00,4.98827330e-06,1.98869238e-05,5.55145525e-05,1.40760574e-04,2.34183724e-04,3.00051033e-04,2.84594236e-06,1.71840013e-05,6.11619657e-05,1.66029945e-04,2.53556826e-04,2.78478560e-04
9.84000000e+00,4.50297239e-06,1.78072569e-05,4.99688431e-05,1.24633007e-04,2.08638216e-04,2.67311319e-04,2.50384922e-06,1.51184299e-05,5.38102235e-05,1.46073690e-04,2.23081026e-04,2.45007610e-04
9.86000000e+00,4.00373574e-06,1.56995411e-05,4.44960060e-05,1.09209555e-04,1.83629134e-04,2.34315536e-04,2.16852917e-06,1.30937517e-05,4.66039960e-05,1.26512238e-04,1.93207904e-04,2.12198497e-04
9.88000000e+00,3.48865183e-06,1.35240180e-05,3.89902561e-05,9.42920669e-05,1.58797164e-04,2.00431779e-04,1.83984813e-06,1.11091573e-05,3.95404042e-05,1.07337784e-04,1.63925556e-04,1.80038151e-04
9.90000000e+00,2.95927271e-06,1.12303924e-05,3.32975360e-05,7.95775995e-05,1.33627444e-04,1.64796176e-04,1.51767465e-06,9.16385326e-06,3.26166257e-05,8.85426772e-05,1.35222310e-04,1.48513758e-04
9.92000000e+00,2.41999146e-06,8.76601280e-06,2.71969329e-05,6.46149201e-05,1.07431450e-04,1.26353611e-04,1.20187992e-06,7.25706181e-06,2.58298941e-05,7.01194188e-05,1.07086726e-04,1.17612756e-04
9.94000000e+00,1.85109047e-06,6.11275664e-06,2.03959989e-05,4.87490252e-05,7.94174048e-05,8.44071837e-05,8.92337643e-07,5.38802065e-06,1.91774977e-05,5.20606573e-05,7.95075886e-05,8.73228314e-05
9.96000000e+00,1.00937041e-06,3.43217835e-06,1.27513113e-05,3.14072713e-05,4.96629400e-05,4.19664138e-05,5.88924053e-07,3.55598252e-06,1.26567783e-05,3.43591864e-05,5.24739045e-05,5.76319137e-05
9.98000000e+00,2.77972472e-08,5.35369054e-07,3.58433522e-06,1.23683558e-05,1.62735178e-05,6.22839707e-07,2.91517815e-07,1.76021496e-06,6.26513043e-06,1.70079421e-05,2.59748964e-05,2.85281698e-05
1.00000000e+01,3.89273818e-13,3.67520343e-16,8.31759673e-16,1.20048762e-15,9.30912079e-16,3.64010207e-14,0.00000000e+00,0.00000000e+00,0.00000000e+00,0.00000000e+00,0.00000000e+00,0.00000000e+00
