D,NN_p1,NN_p5,NN_p20,NN_p100,NN_p500,NN_p3000,PBE_p1,PBE_p5,PBE_p20,PBE_p100,PBE_p500,PBE_p3000
2.00000000e-02,8.43570042e+00,4.08708496e+01,1.15468262e+02,2.86786011e+02,5.17255554e+02,7.09950378e+02,7.79368212e+00,4.05480790e+01,1.28723518e+02,3.77074941e+02,7.62998639e+02,1.03690780e+03
4.00000000e-02,7.15357065e+00,3.46490288e+01,9.63488922e+01,2.23899368e+02,3.62479919e+02,4.41934540e+02,6.31685881e+00,3.31505555e+01,1.00025181e+02,2.54733596e+02,4.15773724e+02,4.87486201e+02
6.00000000e-02,6.16660976e+00,3.02046242e+01,8.30579529e+01,1.83353363e+02,2.76126251e+02,3.15047302e+02,5.50659776e+00,2.90858004e+01,8.46272578e+01,1.96042238e+02,2.86684079e+02,3.19486784e+02
8.00000000e-02,5.43634462e+00,2.69747200e+01,7.33794403e+01,1.55101654e+02,2.21150986e+02,2.41510681e+02,4.94623235e+00,2.62704854e+01,7.41976839e+01,1.59863853e+02,2.18382042e+02,2.37193022e+02
1.00000000e-01,4.87950659e+00,2.45091934e+01,6.59513397e+01,1.34198441e+02,1.83143997e+02,1.93849335e+02,4.51909596e+00,2.41212823e+01,6.64043549e+01,1.34950669e+02,1.75946743e+02,1.88149984e+02
1.20000000e-01,4.44038248e+00,2.25485859e+01,6.00213203e+01,1.18055679e+02,1.55359100e+02,1.60652054e+02,4.17518867e+00,2.23881963e+01,6.02484572e+01,1.16633436e+02,1.46979640e+02,1.55538536e+02
1.40000000e-01,4.08378935e+00,2.09393063e+01,5.51453056e+01,1.05186501e+02,1.34210342e+02,1.36328018e+02,3.88832006e+00,2.09402800e+01,5.52073234e+01,1.02555724e+02,1.25932939e+02,1.32268415e+02
1.60000000e-01,3.78700304e+00,1.95854034e+01,5.10445824e+01,9.46726761e+01,1.17610786e+02,1.17819588e+02,3.64301403e+00,1.97001574e+01,5.09725274e+01,9.13803023e+01,1.09943900e+02,1.14822777e+02
1.80000000e-01,3.53495932e+00,1.84240952e+01,4.75338554e+01,8.59146042e+01,1.04262894e+02,1.03317207e+02,3.42935006e+00,1.86182305e+01,4.73467091e+01,8.22853748e+01,9.73832934e+01,1.01255964e+02
2.00000000e-01,3.31730103e+00,1.74123268e+01,4.44846535e+01,7.85025101e+01,9.33179626e+01,9.16843262e+01,3.24058222e+00,1.76607739e+01,4.41959561e+01,7.47355794e+01,8.72547616e+01,9.04032022e+01
2.20000000e-01,3.12664866e+00,1.65195522e+01,4.18048325e+01,7.21459579e+01,8.41971207e+01,8.21717529e+01,3.07191265e+00,1.68038027e+01,4.14252736e+01,6.83661436e+01,7.89143759e+01,8.15241642e+01
2.40000000e-01,2.95771432e+00,1.57234316e+01,3.94257126e+01,6.66338730e+01,7.64922714e+01,7.42670746e+01,2.91980615e+00,1.60296448e+01,3.89648762e+01,6.29194695e+01,7.19273193e+01,7.41255975e+01
2.60000000e-01,2.80654263e+00,1.50072088e+01,3.72956505e+01,6.18082466e+01,6.99073257e+01,6.76078568e+01,2.78158220e+00,1.53249018e+01,3.67620312e+01,5.82082302e+01,6.59893034e+01,6.78661068e+01
2.80000000e-01,2.67010927e+00,1.43578577e+01,3.53742943e+01,5.75483627e+01,6.42227402e+01,6.19316788e+01,2.65515972e+00,1.46791723e+01,3.47759537e+01,5.40928159e+01,6.08809717e+01,6.25018485e+01
3.00000000e-01,2.54610038e+00,1.37652969e+01,3.36299477e+01,5.37606659e+01,5.92722321e+01,5.70434723e+01,2.53889052e+00,1.40842190e+01,3.29744783e+01,5.04669840e+01,5.64401803e+01,5.78539886e+01
3.20000000e-01,2.43268466e+00,1.32214718e+01,3.20374451e+01,5.03712921e+01,5.49275894e+01,5.27957840e+01,2.43144696e+00,1.35334076e+01,3.13318124e+01,4.72484154e+01,5.25444761e+01,5.37883789e+01
3.40000000e-01,2.32838655e+00,1.27197866e+01,3.05761604e+01,4.73210068e+01,5.10883942e+01,4.90750732e+01,2.33174378e+00,1.30213153e+01,2.98269763e+01,4.43723179e+01,4.90996460e+01,5.02024137e+01
3.60000000e-01,2.23202920e+00,1.22549047e+01,2.92290688e+01,4.45621223e+01,4.76748886e+01,4.57926483e+01,2.23888250e+00,1.25434534e+01,2.84426908e+01,4.17869839e+01,4.60320157e+01,4.70162693e+01
3.80000000e-01,2.14263797e+00,1.18223562e+01,2.79822636e+01,4.20551758e+01,4.46231308e+01,4.28782005e+01,2.15211085e+00,1.20960637e+01,2.71645683e+01,3.94506383e+01,4.32831402e+01,4.41669107e+01
4.00000000e-01,2.05938649e+00,1.14184008e+01,2.68240204e+01,3.97680664e+01,4.18810921e+01,4.02751541e+01,2.07079266e+00,1.16759689e+01,2.59805125e+01,3.73291576e+01,4.08060599e+01,4.16038968e+01
4.20000000e-01,1.98162007e+00,1.10399084e+01,2.57444553e+01,3.76734123e+01,3.94060364e+01,3.79379807e+01,1.99438513e+00,1.12804581e+01,2.48802650e+01,3.53943914e+01,3.85626109e+01,3.92863839e+01
4.40000000e-01,1.90874779e+00,1.06841850e+01,2.47351761e+01,3.57486534e+01,3.71625977e+01,3.58295097e+01,1.92242145e+00,1.09072004e+01,2.38550583e+01,3.36229078e+01,3.65214569e+01,3.71809455e+01
4.60000000e-01,1.84028077e+00,1.03489418e+01,2.37888794e+01,3.39744530e+01,3.51214104e+01,3.39186821e+01,1.85449721e+00,1.05541767e+01,2.28973467e+01,3.19950434e+01,3.46566270e+01,3.52599617e+01
4.80000000e-01,1.77580321e+00,1.00321264e+01,2.28995895e+01,3.23342628e+01,3.32576103e+01,3.21799393e+01,1.79025976e+00,1.02196267e+01,2.20005944e+01,3.04941736e+01,3.29464148e+01,3.35004101e+01
5.00000000e-01,1.71493804e+00,9.73206615e+00,2.20616817e+01,3.08141041e+01,3.15502129e+01,3.05916767e+01,1.72939976e+00,9.90200661e+00,2.11591078e+01,2.91061469e+01,3.13725367e+01,3.18829476e+01
5.20000000e-01,1.65737402e+00,9.44723892e+00,2.12706757e+01,2.94017353e+01,2.99814606e+01,2.91357117e+01,1.67164437e+00,9.59995486e+00,2.03679000e+01,2.78188410e+01,2.99194832e+01,3.03912030e+01
5.40000000e-01,1.60283077e+00,9.17630386e+00,2.05224113e+01,2.80864544e+01,2.85358772e+01,2.77966690e+01,1.61675172e+00,9.31226475e+00,1.96225823e+01,2.66218109e+01,2.85740115e+01,2.90112275e+01
5.60000000e-01,1.55105853e+00,8.91810417e+00,1.98132954e+01,2.68591537e+01,2.72003288e+01,2.65613155e+01,1.56450642e+00,9.03786181e+00,1.89192745e+01,2.55060090e+01,2.73247462e+01,2.77310624e+01
5.80000000e-01,1.50184011e+00,8.67158031e+00,1.91401939e+01,2.57116508e+01,2.59634132e+01,2.54184628e+01,1.51471579e+00,8.77578518e+00,1.82545321e+01,2.44635579e+01,2.61618611e+01,2.65403966e+01
6.00000000e-01,1.45498025e+00,8.43586159e+00,1.85002728e+01,2.46367931e+01,2.48152027e+01,2.43580704e+01,1.46720683e+00,8.52517221e+00,1.76252850e+01,2.34875676e+01,2.50768240e+01,2.54302918e+01
6.20000000e-01,1.41030407e+00,8.21011066e+00,1.78909779e+01,2.36282806e+01,2.37469234e+01,2.33718739e+01,1.42182363e+00,8.28524553e+00,1.70287874e+01,2.25719852e+01,2.40621907e+01,2.43929618e+01
6.40000000e-01,1.36765397e+00,7.99359179e+00,1.73101788e+01,2.26805191e+01,2.27510567e+01,2.24523678e+01,1.37842515e+00,8.05530221e+00,1.64625748e+01,2.17114713e+01,2.31114369e+01,2.34215923e+01
6.60000000e-01,1.32689452e+00,7.78563690e+00,1.67558231e+01,2.17885056e+01,2.18208103e+01,2.15931683e+01,1.33688345e+00,7.83470460e+00,1.59244286e+01,2.09012980e+01,2.22188201e+01,2.25101940e+01
6.80000000e-01,1.28789616e+00,7.58569288e+00,1.62260742e+01,2.09478264e+01,2.09502525e+01,2.07884541e+01,1.29708209e+00,7.62287248e+00,1.54123452e+01,2.01372636e+01,2.13792660e+01,2.16534813e+01
7.00000000e-01,1.25054181e+00,7.39318895e+00,1.57193756e+01,2.01544170e+01,2.01342163e+01,2.00333748e+01,1.25891479e+00,7.41927643e+00,1.49245106e+01,1.94156214e+01,2.05882740e+01,2.08467721e+01
7.20000000e-01,1.21472752e+00,7.20768309e+00,1.52341719e+01,1.94046745e+01,1.93679199e+01,1.93234024e+01,1.22228431e+00,7.22343206e+00,1.44592775e+01,1.87330197e+01,1.98418385e+01,2.00859037e+01
7.40000000e-01,1.18035793e+00,7.02870083e+00,1.47691908e+01,1.86953144e+01,1.86472912e+01,1.86546631e+01,1.18710145e+00,7.03489510e+00,1.40151470e+01,1.80864512e+01,1.91363825e+01,1.93671628e+01
7.60000000e-01,1.14734352e+00,6.85589075e+00,1.43232441e+01,1.80234776e+01,1.79684658e+01,1.80236244e+01,1.15328416e+00,6.85325709e+00,1.35907514e+01,1.74732094e+01,1.84687018e+01,1.86872268e+01
7.80000000e-01,1.11560798e+00,6.68885279e+00,1.38951521e+01,1.73864918e+01,1.73281002e+01,1.74271698e+01,1.12075686e+00,6.67814165e+00,1.31848403e+01,1.68908524e+01,1.78359177e+01,1.80431132e+01
8.00000000e-01,1.08507788e+00,6.52729750e+00,1.34839277e+01,1.67818985e+01,1.67232552e+01,1.68625145e+01,1.08944972e+00,6.50920124e+00,1.27962678e+01,1.63371710e+01,1.72354364e+01,1.74321374e+01
8.20000000e-01,1.05568063e+00,6.37090492e+00,1.30886335e+01,1.62074680e+01,1.61511822e+01,1.63271255e+01,1.05929815e+00,6.34611429e+00,1.24239820e+01,1.58101619e+01,1.66649151e+01,1.68518765e+01
8.40000000e-01,1.02736139e+00,6.21940422e+00,1.27084494e+01,1.56612196e+01,1.56093740e+01,1.58187418e+01,1.03024225e+00,6.18858270e+00,1.20670153e+01,1.53080039e+01,1.61222321e+01,1.63001381e+01
8.60000000e-01,1.00005722e+00,6.07254553e+00,1.23425684e+01,1.51413279e+01,1.50956802e+01,1.53353987e+01,1.00222637e+00,6.03632962e+00,1.17244759e+01,1.48290378e+01,1.56054610e+01,1.57749333e+01
8.80000000e-01,9.73713577e-01,5.93010187e+00,1.19902220e+01,1.46460466e+01,1.46079874e+01,1.48751860e+01,9.75198767e-01,5.88909750e+00,1.13955405e+01,1.43717490e+01,1.51128494e+01,1.52744540e+01
9.00000000e-01,9.48287308e-01,5.79186392e+00,1.16507511e+01,1.41738119e+01,1.41444426e+01,1.44364491e+01,9.49111195e-01,5.74664635e+00,1.10794480e+01,1.39347517e+01,1.46427990e+01,1.47970525e+01
9.20000000e-01,9.23727810e-01,5.65763950e+00,1.13235683e+01,1.37232800e+01,1.37034864e+01,1.40176830e+01,9.23918633e-01,5.60875217e+00,1.07754933e+01,1.35167757e+01,1.41938495e+01,1.43412243e+01
9.40000000e-01,8.99992466e-01,5.52722359e+00,1.10080318e+01,1.32930250e+01,1.32834711e+01,1.36175165e+01,8.99578998e-01,5.47520559e+00,1.04830224e+01,1.31166547e+01,1.37646638e+01,1.39055927e+01
9.60000000e-01,8.77042532e-01,5.40045500e+00,1.07036295e+01,1.28819351e+01,1.28830652e+01,1.32347183e+01,8.76052897e-01,5.34581066e+00,1.02014278e+01,1.27333155e+01,1.33540154e+01,1.34888955e+01
9.80000000e-01,8.54843736e-01,5.27719784e+00,1.04098415e+01,1.24887791e+01,1.25008974e+01,1.28681145e+01,8.53303403e-01,5.22038367e+00,9.93014419e+00,1.23657692e+01,1.29607770e+01,1.30899737e+01
1.00000000e+00,8.33357394e-01,5.15729904e+00,1.01262016e+01,1.21125650e+01,1.21358509e+01,1.25166798e+01,8.31295860e-01,5.09875223e+00,9.66864527e+00,1.20131032e+01,1.25839108e+01,1.27077606e+01
1.02000000e+00,8.12552035e-01,5.04061794e+00,9.85225487e+00,1.17523460e+01,1.17868605e+01,1.21794357e+01,8.09997704e-01,4.98075433e+00,9.41643993e+00,1.16744735e+01,1.22224598e+01,1.23412733e+01
1.04000000e+00,7.92398274e-01,4.92704391e+00,9.58754539e+00,1.14071617e+01,1.14528856e+01,1.18555393e+01,7.89378293e-01,4.86623752e+00,9.17306962e+00,1.13490989e+01,1.18755402e+01,1.19896041e+01
1.06000000e+00,7.72868335e-01,4.81643105e+00,9.33175373e+00,1.10762386e+01,1.11330070e+01,1.15441256e+01,7.69408768e-01,4.75505823e+00,8.93810555e+00,1.10362548e+01,1.15423340e+01,1.16519141e+01
1.08000000e+00,7.53932595e-01,4.70869637e+00,9.08443356e+00,1.07587700e+01,1.08263769e+01,1.12445221e+01,7.50061917e-01,4.64708106e+00,8.71114633e+00,1.07352684e+01,1.12220838e+01,1.13274262e+01
1.10000000e+00,7.35566437e-01,4.60372925e+00,8.84527779e+00,1.04540539e+01,1.05322542e+01,1.09560108e+01,7.31312053e-01,4.54217817e+00,8.49181582e+00,1.04455143e+01,1.09140866e+01,1.10154198e+01
1.12000000e+00,7.17748880e-01,4.50142860e+00,8.61394215e+00,1.01613512e+01,1.02498503e+01,1.06779356e+01,7.13134907e-01,4.44022879e+00,8.27976112e+00,1.01664101e+01,1.06176893e+01,1.07152257e+01
1.14000000e+00,7.00455487e-01,4.40170765e+00,8.39010429e+00,9.88008785e+00,9.97851086e+00,1.04097776e+01,6.95507523e-01,4.34111864e+00,8.07465082e+00,9.89741287e+00,1.03322844e+01,1.04262217e+01
1.16000000e+00,6.83667839e-01,4.30448246e+00,8.17349148e+00,9.60964775e+00,9.71764374e+00,1.01509533e+01,6.78408171e-01,4.24473954e+00,7.87617336e+00,9.63801591e+00,1.00573058e+01,1.01478283e+01
1.18000000e+00,6.67361319e-01,4.20966005e+00,7.96376467e+00,9.34949493e+00,9.46663857e+00,9.90097046e+00,6.61816261e-01,4.15098895e+00,7.68403554e+00,9.38774573e+00,9.79222571e+00,9.87950527e+00
1.20000000e+00,6.51520431e-01,4.11717987e+00,7.76071072e+00,9.09909916e+00,9.22495270e+00,9.65935040e+00,6.45712265e-01,4.05976963e+00,7.49796122e+00,9.14615941e+00,9.53655122e+00,9.62074845e+00
1.22000000e+00,6.36127472e-01,4.02696705e+00,7.56405687e+00,8.85794830e+00,8.99210548e+00,9.42571259e+00,6.30077651e-01,3.97098924e+00,7.31769007e+00,8.91284210e+00,9.28982149e+00,9.37108659e+00
1.24000000e+00,6.21163726e-01,3.93893862e+00,7.37355757e+00,8.62564850e+00,8.76761341e+00,9.19960690e+00,6.14894813e-01,3.88456003e+00,7.14297641e+00,8.68740489e+00,9.05160522e+00,9.13007881e+00
1.26000000e+00,6.06615722e-01,3.85305452e+00,7.18896627e+00,8.40169811e+00,8.55105400e+00,8.98070717e+00,6.00147014e-01,3.80039859e+00,6.97358826e+00,8.46948281e+00,8.82149831e+00,8.89731220e+00
1.28000000e+00,5.92465580e-01,3.76921725e+00,7.01009798e+00,8.18575764e+00,8.34199142e+00,8.76862526e+00,5.85818332e-01,3.71842553e+00,6.80930631e+00,8.25873298e+00,8.59912177e+00,8.67239962e+00
1.30000000e+00,5.78702629e-01,3.68739223e+00,6.83670139e+00,7.97739792e+00,8.14008427e+00,8.56305695e+00,5.71893609e-01,3.63856521e+00,6.64992315e+00,8.05483299e+00,8.38411974e+00,8.45497769e+00
1.32000000e+00,5.65308750e-01,3.60751987e+00,6.66860485e+00,7.77629471e+00,7.94494772e+00,8.36370182e+00,5.58358401e-01,3.56074558e+00,6.49524237e+00,7.85747937e+00,8.17615780e+00,8.24470504e+00
1.34000000e+00,5.52273870e-01,3.52954245e+00,6.50559950e+00,7.58212328e+00,7.75626373e+00,8.17027950e+00,5.45198941e-01,3.48489789e+00,6.34507793e+00,7.66638625e+00,7.97492137e+00,8.04126065e+00
1.36000000e+00,5.39584398e-01,3.45340466e+00,6.34751987e+00,7.39451027e+00,7.57372618e+00,7.98251200e+00,5.32402092e-01,3.41095655e+00,6.19925341e+00,7.48128408e+00,7.78011424e+00,7.84434232e+00
1.38000000e+00,5.27230203e-01,3.37906122e+00,6.19415331e+00,7.21319437e+00,7.39702511e+00,7.80016279e+00,5.19955315e-01,3.33885890e+00,6.05760144e+00,7.30191847e+00,7.59145726e+00,7.65366538e+00
1.40000000e+00,5.15196383e-01,3.30646181e+00,6.04537630e+00,7.03789377e+00,7.22588730e+00,7.62299681e+00,5.07846633e-01,3.26854506e+00,5.91996309e+00,7.12804916e+00,7.40868714e+00,7.46896136e+00
1.42000000e+00,5.03476381e-01,3.23556280e+00,5.90098047e+00,6.86833715e+00,7.06009865e+00,7.45081139e+00,4.96064598e-01,3.19995778e+00,5.78618736e+00,6.95944905e+00,7.23155532e+00,7.28997691e+00
1.44000000e+00,4.92057830e-01,3.16631699e+00,5.76084995e+00,6.70425034e+00,6.89935684e+00,7.28337908e+00,4.84598262e-01,3.13304227e+00,5.65613069e+00,6.79590330e+00,7.05982694e+00,7.11647273e+00
1.46000000e+00,4.80931789e-01,3.09868073e+00,5.62481403e+00,6.54542780e+00,6.74346209e+00,7.12053823e+00,4.73437149e-01,3.06774608e+00,5.52965648e+00,6.63720850e+00,6.89327995e+00,6.94822258e+00
1.48000000e+00,4.70087320e-01,3.03261185e+00,5.49272585e+00,6.39163637e+00,6.59220123e+00,6.96207523e+00,4.62571232e-01,3.00401895e+00,5.40663473e+00,6.48317196e+00,6.73170421e+00,6.78501245e+00
1.50000000e+00,4.59518015e-01,2.96807551e+00,5.36446905e+00,6.24264765e+00,6.44535780e+00,6.80783033e+00,4.51990902e-01,2.94181273e+00,5.28694155e+00,6.33361095e+00,6.57490073e+00,6.62663972e+00
1.52000000e+00,4.49212879e-01,2.90502501e+00,5.23990393e+00,6.09827566e+00,6.30277681e+00,6.65764284e+00,4.41686953e-01,2.88108123e+00,5.17045890e+00,6.18835215e+00,6.42268090e+00,6.47291239e+00
1.54000000e+00,4.39165562e-01,2.84343648e+00,5.11889505e+00,5.95829868e+00,6.16423082e+00,6.51137495e+00,4.31650557e-01,2.82178012e+00,5.05707419e+00,6.04723096e+00,6.27486587e+00,6.32364843e+00
1.56000000e+00,4.29366529e-01,2.78326225e+00,5.00132704e+00,5.82256222e+00,6.02959681e+00,6.36887884e+00,4.21873243e-01,2.76386687e+00,4.94667998e+00,5.91009100e+00,6.13128588e+00,6.17867511e+00
1.58000000e+00,4.19809401e-01,2.72446775e+00,4.88707685e+00,5.69089746e+00,5.89869308e+00,6.22999144e+00,4.12346885e-01,2.70730060e+00,4.83917368e+00,5.77678364e+00,5.99177971e+00,6.03782845e+00
1.60000000e+00,4.10486519e-01,2.66702533e+00,4.77604437e+00,5.56311178e+00,5.77136374e+00,6.09461594e+00,4.03063675e-01,2.65204204e+00,4.73445731e+00,5.64716743e+00,5.85619417e+00,5.90095262e+00
1.62000000e+00,4.01391298e-01,2.61089039e+00,4.66811085e+00,5.43906975e+00,5.64749146e+00,5.96262741e+00,3.94016115e-01,2.59805343e+00,4.63243720e+00,5.52110777e+00,5.72438357e+00,5.76789947e+00
1.64000000e+00,3.92516553e-01,2.55604172e+00,4.56317854e+00,5.31861496e+00,5.52690697e+00,5.83388996e+00,3.85197000e-01,2.54529846e+00,4.53302377e+00,5.39847644e+00,5.59620926e+00,5.63852808e+00
1.66000000e+00,3.83855909e-01,2.50244570e+00,4.46113205e+00,5.20161438e+00,5.40950060e+00,5.70831251e+00,3.76599400e-01,2.49374218e+00,4.43613132e+00,5.27915125e+00,5.47153927e+00,5.51270429e+00
1.68000000e+00,3.75404119e-01,2.45006227e+00,4.36190224e+00,5.08792877e+00,5.29515219e+00,5.58579111e+00,3.68216650e-01,2.44335094e+00,4.34167782e+00,5.16301566e+00,5.35024783e+00,5.39030029e+00
1.70000000e+00,3.67153704e-01,2.39887810e+00,4.26537800e+00,4.97743082e+00,5.18375397e+00,5.46621943e+00,3.60042336e-01,2.39409233e+00,4.24958470e+00,5.04995849e+00,5.23221507e+00,5.27119430e+00
1.72000000e+00,3.59100223e-01,2.34885311e+00,4.17146301e+00,4.87000465e+00,5.07518101e+00,5.34950304e+00,3.52070286e-01,2.34593514e+00,4.15977666e+00,4.93987362e+00,5.11732666e+00,5.15527017e+00
1.74000000e+00,3.51238877e-01,2.29995942e+00,4.08009338e+00,4.76551199e+00,4.96933746e+00,5.23556328e+00,3.44294552e-01,2.29884926e+00,4.07218155e+00,4.83265965e+00,5.00547347e+00,5.04241707e+00
1.76000000e+00,3.43561083e-01,2.25217724e+00,3.99116802e+00,4.66387272e+00,4.86613226e+00,5.12430716e+00,3.36709409e-01,2.25280566e+00,3.98673013e+00,4.72821970e+00,4.89655132e+00,4.93252922e+00
1.78000000e+00,3.36065292e-01,2.20547295e+00,3.90461159e+00,4.56496763e+00,4.76545906e+00,5.01564932e+00,3.29309334e-01,2.20777634e+00,3.90335601e+00,4.62646114e+00,4.79046066e+00,4.82550553e+00
1.80000000e+00,3.28744531e-01,2.15982199e+00,3.82035351e+00,4.46868181e+00,4.66724110e+00,4.90951300e+00,3.22089008e-01,2.16373428e+00,3.82199542e+00,4.52729534e+00,4.68710635e+00,4.72124943e+00
1.82000000e+00,3.21596116e-01,2.11520052e+00,3.73830271e+00,4.37494993e+00,4.57139111e+00,4.80582714e+00,3.15043297e-01,2.12065339e+00,3.74258714e+00,4.43063748e+00,4.58639739e+00,4.61966857e+00
1.84000000e+00,3.14612538e-01,2.07158279e+00,3.65841317e+00,4.28367138e+00,4.47783041e+00,4.70452833e+00,3.08167250e-01,2.07850847e+00,3.66507237e+00,4.33640634e+00,4.48824670e+00,4.52067458e+00
1.86000000e+00,3.07791173e-01,2.02893734e+00,3.58060145e+00,4.19474220e+00,4.38648748e+00,4.60554743e+00,3.01456090e-01,2.03727518e+00,3.58939457e+00,4.24452411e+00,4.39257095e+00,4.42418290e+00
1.88000000e+00,3.01127732e-01,1.98725581e+00,3.50479674e+00,4.10809660e+00,4.29726601e+00,4.50879669e+00,2.94905203e-01,1.99692998e+00,3.51549938e+00,4.15491619e+00,4.29929028e+00,4.33011255e+00
1.90000000e+00,2.94617653e-01,1.94650733e+00,3.43093777e+00,4.02365208e+00,4.21012831e+00,4.41423893e+00,2.88510135e-01,1.95745012e+00,3.44333452e+00,4.06751107e+00,4.20832822e+00,4.23838594e+00
1.92000000e+00,2.88256973e-01,1.90666461e+00,3.35897088e+00,3.94131660e+00,4.12499762e+00,4.32179737e+00,2.82266585e-01,1.91881362e+00,3.37284970e+00,3.98224015e+00,4.11961143e+00,4.14892869e+00
1.94000000e+00,2.82042682e-01,1.86771524e+00,3.28883505e+00,3.86104202e+00,4.04180098e+00,4.23142385e+00,2.76170394e-01,1.88099918e+00,3.30399647e+00,3.89903757e+00,4.03306957e+00,4.06166951e+00
1.96000000e+00,2.75969237e-01,1.82963085e+00,3.22046304e+00,3.78273988e+00,3.96048450e+00,4.14306593e+00,2.70217544e-01,1.84398620e+00,3.23672820e+00,3.81784011e+00,3.94863517e+00,3.97653996e+00
1.98000000e+00,2.70034134e-01,1.79239643e+00,3.15381312e+00,3.70635819e+00,3.88098645e+00,4.05668068e+00,2.64404151e-01,1.80775475e+00,3.17099997e+00,3.73858703e+00,3.86624344e+00,3.89347439e+00
2.00000000e+00,2.64234781e-01,1.75598383e+00,3.08881021e+00,3.63182592e+00,3.80326462e+00,3.97217560e+00,2.58726457e-01,1.77228552e+00,3.10676850e+00,3.66121999e+00,3.78583218e+00,3.81240974e+00
2.02000000e+00,2.58566678e-01,1.72037816e+00,3.02543664e+00,3.55908346e+00,3.72727180e+00,3.88954282e+00,2.53180829e-01,1.73755979e+00,3.04399203e+00,3.58568287e+00,3.70734163e+00,3.73328545e+00
2.04000000e+00,2.53025472e-01,1.68555832e+00,2.96360230e+00,3.48807669e+00,3.65293789e+00,3.80871010e+00,2.47763749e-01,1.70355946e+00,2.98263034e+00,3.51192173e+00,3.63071434e+00,3.65604333e+00
2.06000000e+00,2.47610182e-01,1.65151381e+00,2.90329194e+00,3.41873693e+00,3.58022189e+00,3.72965121e+00,2.42471814e-01,1.67026694e+00,2.92264459e+00,3.43988465e+00,3.55589508e+00,3.58062741e+00
2.08000000e+00,2.42316216e-01,1.61821198e+00,2.84444475e+00,3.35102391e+00,3.50907588e+00,3.65231514e+00,2.37301730e-01,1.63766522e+00,2.86399732e+00,3.36952167e+00,3.48283074e+00,3.50698388e+00
2.10000000e+00,2.37141684e-01,1.58564603e+00,2.78702998e+00,3.28488636e+00,3.43946600e+00,3.57664847e+00,2.32250306e-01,1.60573778e+00,2.80665237e+00,3.30078469e+00,3.41147021e+00,3.43506098e+00
2.12000000e+00,2.32082516e-01,1.55378592e+00,2.73098087e+00,3.22027111e+00,3.37134433e+00,3.50262904e+00,2.27314451e-01,1.57446860e+00,2.75057481e+00,3.23362738e+00,3.34176427e+00,3.36480887e+00
2.14000000e+00,2.27136686e-01,1.52262902e+00,2.67627287e+00,3.15712023e+00,3.30466342e+00,3.43019366e+00,2.22491171e-01,1.54384214e+00,2.69573093e+00,3.16800512e+00,3.27366554e+00,3.29617957e+00
2.16000000e+00,2.22301409e-01,1.49215233e+00,2.62286282e+00,3.09540653e+00,3.23938441e+00,3.35933042e+00,2.17777565e-01,1.51384330e+00,2.64208812e+00,3.10387486e+00,3.20712840e+00,3.22912687e+00
2.18000000e+00,2.17573360e-01,1.46233988e+00,2.57070518e+00,3.03507519e+00,3.17548490e+00,3.28997779e+00,2.13170821e-01,1.48445745e+00,2.58961489e+00,3.04119513e+00,3.14210885e+00,3.16360625e+00
2.20000000e+00,2.12950930e-01,1.43317115e+00,2.51977801e+00,2.97609544e+00,3.11292291e+00,3.22211790e+00,2.08668212e-01,1.45567037e+00,2.53828078e+00,2.97992592e+00,3.07856450e+00,3.09957479e+00
2.22000000e+00,2.08430916e-01,1.40463769e+00,2.47002959e+00,2.91841888e+00,3.05165863e+00,3.15570855e+00,2.04267095e-01,1.42746824e+00,2.48805636e+00,2.92002862e+00,3.01645447e+00,3.03699111e+00
2.24000000e+00,2.04010695e-01,1.37672031e+00,2.42143273e+00,2.86200571e+00,2.99165511e+00,3.09071136e+00,1.99964905e-01,1.39983765e+00,2.43891312e+00,2.86146599e+00,2.95573931e+00,2.97581530e+00
2.26000000e+00,1.99688941e-01,1.34940660e+00,2.37395668e+00,2.80683041e+00,2.93289137e+00,3.02709889e+00,1.95759154e-01,1.37276556e+00,2.39082351e+00,2.80420206e+00,2.89638098e+00,2.91600885e+00
2.28000000e+00,1.95462555e-01,1.32267976e+00,2.32755733e+00,2.75284243e+00,2.87532759e+00,2.96483469e+00,1.91647429e-01,1.34623929e+00,2.34376085e+00,2.74820208e+00,2.83834275e+00,2.85753459e+00
2.30000000e+00,1.91328764e-01,1.29652405e+00,2.28221822e+00,2.70002055e+00,2.81894493e+00,2.90389538e+00,1.87627388e-01,1.32024652e+00,2.29769929e+00,2.69343251e+00,2.78158914e+00,2.80035664e+00
2.32000000e+00,1.87286437e-01,1.27093005e+00,2.23789859e+00,2.64832282e+00,2.76370335e+00,2.84424686e+00,1.83696755e-01,1.29477528e+00,2.25261384e+00,2.63986091e+00,2.72608591e+00,2.74444035e+00
2.34000000e+00,1.83332890e-01,1.24588406e+00,2.19457173e+00,2.59771943e+00,2.70957899e+00,2.78585458e+00,1.79853324e-01,1.26981391e+00,2.20848025e+00,2.58745594e+00,2.67179994e+00,2.68975224e+00
2.36000000e+00,1.79466382e-01,1.22137105e+00,2.15221524e+00,2.54818273e+00,2.65655494e+00,2.72870755e+00,1.76094950e-01,1.24535108e+00,2.16527504e+00,2.53618730e+00,2.61869926e+00,2.63625996e+00
2.38000000e+00,1.75684601e-01,1.19737589e+00,2.11079431e+00,2.49968243e+00,2.60459137e+00,2.67275548e+00,1.72419551e-01,1.22137575e+00,2.12297547e+00,2.48602567e+00,2.56675295e+00,2.58393224e+00
2.40000000e+00,1.71985611e-01,1.17389131e+00,2.07028341e+00,2.45219469e+00,2.55366731e+00,2.61799192e+00,1.68825103e-01,1.19787720e+00,2.08155947e+00,2.43694269e+00,2.51593109e+00,2.53273883e+00
2.42000000e+00,1.68368176e-01,1.15090334e+00,2.03066063e+00,2.40568590e+00,2.50375986e+00,2.56437135e+00,1.65309643e-01,1.17484497e+00,2.04100566e+00,2.38891092e+00,2.46620477e+00,2.48265049e+00
2.44000000e+00,1.64829284e-01,1.12840033e+00,1.99190068e+00,2.36013508e+00,2.45485568e+00,2.51188374e+00,1.61871258e-01,1.15226890e+00,2.00129328e+00,2.34190380e+00,2.41754600e+00,2.43363892e+00
2.46000000e+00,1.61367580e-01,1.10636890e+00,1.95397556e+00,2.31551147e+00,2.40691185e+00,2.46049643e+00,1.58508093e-01,1.13013907e+00,1.96240221e+00,2.29589559e+00,2.36992769e+00,2.38567675e+00
2.48000000e+00,1.57981634e-01,1.08479953e+00,1.91686738e+00,2.27179718e+00,2.35992432e+00,2.41018987e+00,1.55218344e-01,1.10844583e+00,1.92431292e+00,2.25086140e+00,2.32332361e+00,2.33873746e+00
2.50000000e+00,1.54669523e-01,1.06368244e+00,1.88055468e+00,2.22895789e+00,2.31386352e+00,2.36093712e+00,1.52000254e-01,1.08717980e+00,1.88700647e+00,2.20677708e+00,2.27770838e+00,2.29279539e+00
2.52000000e+00,1.51429608e-01,1.04300249e+00,1.84501040e+00,2.18699074e+00,2.26871729e+00,2.31271648e+00,1.48852119e-01,1.06633180e+00,1.85046443e+00,2.16361925e+00,2.23305740e+00,2.24782568e+00
2.54000000e+00,1.48260131e-01,1.02275431e+00,1.81021953e+00,2.14585519e+00,2.22445226e+00,2.26550484e+00,1.45772277e-01,1.04589292e+00,1.81466895e+00,2.12136523e+00,2.18934683e+00,2.20380424e+00
2.56000000e+00,1.45159379e-01,1.00292563e+00,1.77615798e+00,2.10553908e+00,2.18106413e+00,2.21927691e+00,1.42759115e-01,1.02585445e+00,1.77960268e+00,2.07999306e+00,2.14655358e+00,2.16070775e+00
2.58000000e+00,1.42126083e-01,9.83506739e-01,1.74280643e+00,2.06601954e+00,2.13851571e+00,2.17402053e+00,1.39811063e-01,1.00620792e+00,1.74524874e+00,2.03948143e+00,2.10465527e+00,2.11851357e+00
2.60000000e+00,1.39158472e-01,9.64488029e-01,1.71015108e+00,2.02727938e+00,2.09680820e+00,2.12970591e+00,1.36926591e-01,9.86945053e-01,1.71159077e+00,1.99980965e+00,2.06363018e+00,2.07719978e+00
2.62000000e+00,1.36255726e-01,9.45859969e-01,1.67817509e+00,1.98930037e+00,2.05591011e+00,2.08632731e+00,1.34104212e-01,9.68057791e-01,1.67861284e+00,1.96095767e+00,2.02345726e+00,2.03674511e+00
2.64000000e+00,1.33415267e-01,9.27612960e-01,1.64684951e+00,1.95205784e+00,2.01582170e+00,2.04384422e+00,1.31342480e-01,9.49538267e-01,1.64629948e+00,1.92290603e+00,1.98411610e+00,1.99712893e+00
2.66000000e+00,1.30636632e-01,9.09741342e-01,1.61616409e+00,1.91554117e+00,1.97650552e+00,2.00224900e+00,1.28639983e-01,9.31378808e-01,1.61463563e+00,1.88563585e+00,1.94558687e+00,1.95833123e+00
2.68000000e+00,1.27918139e-01,8.92231941e-01,1.58610237e+00,1.87973297e+00,1.93795788e+00,1.96152234e+00,1.25995351e-01,9.13571930e-01,1.58360667e+00,1.84912876e+00,1.90785035e+00,1.92033257e+00
2.70000000e+00,1.25258058e-01,8.75078917e-01,1.55665445e+00,1.84461367e+00,1.90016055e+00,1.92164779e+00,1.23407247e-01,8.96110327e-01,1.55319837e+00,1.81336698e+00,1.87088787e+00,1.88311412e+00
2.72000000e+00,1.22655600e-01,8.58274877e-01,1.52779460e+00,1.81016529e+00,1.86309779e+00,1.88259506e+00,1.20874370e-01,8.78986871e-01,1.52339688e+00,1.77833319e+00,1.83468129e+00,1.84665756e+00
2.74000000e+00,1.20109335e-01,8.41809034e-01,1.49951267e+00,1.77637529e+00,1.82674682e+00,1.84436440e+00,1.18395453e-01,8.62194603e-01,1.49418873e+00,1.74401058e+00,1.79921302e+00,1.81094511e+00
2.76000000e+00,1.17618144e-01,8.25674713e-01,1.47179639e+00,1.74323058e+00,1.79111183e+00,1.80693269e+00,1.15969261e-01,8.45726730e-01,1.46556081e+00,1.71038283e+00,1.76446595e+00,1.77595951e+00
2.78000000e+00,1.15180328e-01,8.09865057e-01,1.44462633e+00,1.71071553e+00,1.75616431e+00,1.77027178e+00,1.13594591e-01,8.29576618e-01,1.43750036e+00,1.67743407e+00,1.73042347e+00,1.74168399e+00
2.80000000e+00,1.12795189e-01,7.94373155e-01,1.41799355e+00,1.67881441e+00,1.72188890e+00,1.73437703e+00,1.11270272e-01,8.13737791e-01,1.40999494e+00,1.64514885e+00,1.69706943e+00,1.70810224e+00
2.82000000e+00,1.10461235e-01,7.79192984e-01,1.39188731e+00,1.64751804e+00,1.68828118e+00,1.69923246e+00,1.08995162e-01,7.98203921e-01,1.38303247e+00,1.61351217e+00,1.66438814e+00,1.67519842e+00
2.84000000e+00,1.08177662e-01,7.64313400e-01,1.36628759e+00,1.61680973e+00,1.65532458e+00,1.66481638e+00,1.06768147e-01,7.82968830e-01,1.35660116e+00,1.58250945e+00,1.63236434e+00,1.64295712e+00
2.86000000e+00,1.05943032e-01,7.49729991e-01,1.34118676e+00,1.58667338e+00,1.62300265e+00,1.63111377e+00,1.04588143e-01,7.68026481e-01,1.33068953e+00,1.55212650e+00,1.60098319e+00,1.61136338e+00
2.88000000e+00,1.03756383e-01,7.35434890e-01,1.31657255e+00,1.55710173e+00,1.59131002e+00,1.59811580e+00,1.02454092e-01,7.53370975e-01,1.30528640e+00,1.52234949e+00,1.57023027e+00,1.58040263e+00
2.90000000e+00,1.01616666e-01,7.21426189e-01,1.29243052e+00,1.52808452e+00,1.56023085e+00,1.56580365e+00,1.00364964e-01,7.38996548e-01,1.28038088e+00,1.49316499e+00,1.54009153e+00,1.55006070e+00
2.92000000e+00,9.95229483e-02,7.07692623e-01,1.26875567e+00,1.49960136e+00,1.52974701e+00,1.53415906e+00,9.83197520e-02,7.24897568e-01,1.25596234e+00,1.46455994e+00,1.51055331e+00,1.52032381e+00
2.94000000e+00,9.74740684e-02,6.94228292e-01,1.24553084e+00,1.47165024e+00,1.49986148e+00,1.50317550e+00,9.63174770e-02,7.11068528e-01,1.23202043e+00,1.43652158e+00,1.48160233e+00,1.49117854e+00
2.96000000e+00,9.54689234e-02,6.81029439e-01,1.22274745e+00,1.44421625e+00,1.47054195e+00,1.47283328e+00,9.43571826e-02,6.97504047e-01,1.20854506e+00,1.40903754e+00,1.45322565e+00,1.46261184e+00
2.98000000e+00,9.35068205e-02,6.68088675e-01,1.20039928e+00,1.41729259e+00,1.44179726e+00,1.44312263e+00,9.24379363e-02,6.84198863e-01,1.18552640e+00,1.38209574e+00,1.42541066e+00,1.43461100e+00
3.00000000e+00,9.15865377e-02,6.55402541e-01,1.17847133e+00,1.39086032e+00,1.41360641e+00,1.41402745e+00,9.05588285e-02,6.71147831e-01,1.16295484e+00,1.35568443e+00,1.39814512e+00,1.40716365e+00
3.02000000e+00,8.97073150e-02,6.42962873e-01,1.15695739e+00,1.36491466e+00,1.38596284e+00,1.38553822e+00,8.87189718e-02,6.58345920e-01,1.14082103e+00,1.32979215e+00,1.37141707e+00,1.38025775e+00
3.04000000e+00,8.78681093e-02,6.30766094e-01,1.13584578e+00,1.33945024e+00,1.35885000e+00,1.35763812e+00,8.69175006e-02,6.45788209e-01,1.11911583e+00,1.30440775e+00,1.34521489e+00,1.35388155e+00
3.06000000e+00,8.60683024e-02,6.18806243e-01,1.11512876e+00,1.31444919e+00,1.33226454e+00,1.33031893e+00,8.51535701e-02,6.33469887e-01,1.09783034e+00,1.27952035e+00,1.31952723e+00,1.32802363e+00
3.08000000e+00,8.43068361e-02,6.07078254e-01,1.09479606e+00,1.28990614e+00,1.30619395e+00,1.30356133e+00,8.34263560e-02,6.21386246e-01,1.07695587e+00,1.25511935e+00,1.29434307e+00,1.30267285e+00
3.10000000e+00,8.25829729e-02,5.95578194e-01,1.07484245e+00,1.26581645e+00,1.28062606e+00,1.27736509e+00,8.17350538e-02,6.09532680e-01,1.05648393e+00,1.23119444e+00,1.26965163e+00,1.27781835e+00
3.12000000e+00,8.08957443e-02,5.84299386e-01,1.05525601e+00,1.24216020e+00,1.25555348e+00,1.25170946e+00,8.00788783e-02,5.97904684e-01,1.03640625e+00,1.20773553e+00,1.24544243e+00,1.25344955e+00
3.14000000e+00,7.92444050e-02,5.73236704e-01,1.03603029e+00,1.21893883e+00,1.23096859e+00,1.22658527e+00,7.84570633e-02,5.86497849e-01,1.01671473e+00,1.18473281e+00,1.22170525e+00,1.22955615e+00
3.16000000e+00,7.76282921e-02,5.62389672e-01,1.01715863e+00,1.19614208e+00,1.20685887e+00,1.20198488e+00,7.68688605e-02,5.75307861e-01,9.97401493e-01,1.16217670e+00,1.19843011e+00,1.20612809e+00
3.18000000e+00,7.60463551e-02,5.51747680e-01,9.98632371e-01,1.17375553e+00,1.18321502e+00,1.17789054e+00,7.53135395e-02,5.64330496e-01,9.78458824e-01,1.14005786e+00,1.17560730e+00,1.18315557e+00
3.20000000e+00,7.44981766e-02,5.41312456e-01,9.80444193e-01,1.15177858e+00,1.16003025e+00,1.15429449e+00,7.37903873e-02,5.53561623e-01,9.59879200e-01,1.11836717e+00,1.15322733e+00,1.16062902e+00
3.22000000e+00,7.29826093e-02,5.31076431e-01,9.62589979e-01,1.13020420e+00,1.13729787e+00,1.13118744e+00,7.22987076e-02,5.42997195e-01,9.41655269e-01,1.09709575e+00,1.13128095e+00,1.13853913e+00
3.24000000e+00,7.14993253e-02,5.21034658e-01,9.45055068e-01,1.10901845e+00,1.11500454e+00,1.10856378e+00,7.08378204e-02,5.32633253e-01,9.23779851e-01,1.07623492e+00,1.10975914e+00,1.11687679e+00
3.26000000e+00,7.00474977e-02,5.11185527e-01,9.27839398e-01,1.08822095e+00,1.09314680e+00,1.08640361e+00,6.94070618e-02,5.22465920e-01,9.06245929e-01,1.05577621e+00,1.08865310e+00,1.09563312e+00
3.28000000e+00,6.86263219e-02,5.01523912e-01,9.10936534e-01,1.06779504e+00,1.07171154e+00,1.06470430e+00,6.80057832e-02,5.12491398e-01,8.89046649e-01,1.03571136e+00,1.06795423e+00,1.07479947e+00
3.30000000e+00,6.72352090e-02,4.92044717e-01,8.94335687e-01,1.04774296e+00,1.05069602e+00,1.04345059e+00,6.66333512e-02,5.02705972e-01,8.72175310e-01,1.01603229e+00,1.04765415e+00,1.05436738e+00
3.32000000e+00,6.58734962e-02,4.82747048e-01,8.78037155e-01,1.02805841e+00,1.03008604e+00,1.02263820e+00,6.52891470e-02,4.93106000e-01,8.55625367e-01,9.96731129e-01,1.02774467e+00,1.03432860e+00
3.34000000e+00,6.45403787e-02,4.73626196e-01,8.62025678e-01,1.00872433e+00,1.00987923e+00,1.00225484e+00,6.39725664e-02,4.83687918e-01,8.39390419e-01,9.77800183e-01,1.00821779e+00,1.01467507e+00
3.36000000e+00,6.32355064e-02,4.64675814e-01,8.46304834e-01,9.89743769e-01,9.90065634e-01,9.82294559e-01,6.26830187e-02,4.74448235e-01,8.23464209e-01,9.59231937e-01,9.89065729e-01,9.95398924e-01
3.38000000e+00,6.19581901e-02,4.55896229e-01,8.30863237e-01,9.71107244e-01,9.70639229e-01,9.62746620e-01,6.14199272e-02,4.65383529e-01,8.07840623e-01,9.41019053e-01,9.70280849e-01,9.76492485e-01
3.40000000e+00,6.07077256e-02,4.47280705e-01,8.15696895e-01,9.52808619e-01,9.51590836e-01,9.43600357e-01,6.01827280e-02,4.56490451e-01,7.92513677e-01,9.23154360e-01,9.51855709e-01,9.57948248e-01
3.42000000e+00,5.94835430e-02,4.38829094e-01,8.00803602e-01,9.34841752e-01,9.32913125e-01,9.24851298e-01,5.89708704e-02,4.47765720e-01,7.77477526e-01,9.05630854e-01,9.33783040e-01,9.39758887e-01
3.44000000e+00,5.82850389e-02,4.30536836e-01,7.86171257e-01,9.17199731e-01,9.14602399e-01,9.06485021e-01,5.77838162e-02,4.39206119e-01,7.62726447e-01,8.88441690e-01,9.16055739e-01,9.21917243e-01
3.46000000e+00,5.71118630e-02,4.22400922e-01,7.71799922e-01,8.99879217e-01,8.96648765e-01,8.88501763e-01,5.66210393e-02,4.30808498e-01,7.48254847e-01,8.71580179e-01,8.98666865e-01,9.04416322e-01
3.48000000e+00,5.59631065e-02,4.14416492e-01,7.57682502e-01,8.82871866e-01,8.79047394e-01,8.70886445e-01,5.54820256e-02,4.22569771e-01,7.34057252e-01,8.55039783e-01,8.81609637e-01,8.87249290e-01
3.50000000e+00,5.48384748e-02,4.06584084e-01,7.43815064e-01,8.66173267e-01,8.61788332e-01,8.53635490e-01,5.43662727e-02,4.14486913e-01,7.20128309e-01,8.38814113e-01,8.64877426e-01,8.70409468e-01
3.52000000e+00,5.37375771e-02,3.98896992e-01,7.30194509e-01,8.49777639e-01,8.44867468e-01,8.36739302e-01,5.32732894e-02,4.06556959e-01,7.06462779e-01,8.22896920e-01,8.48463755e-01,8.53890328e-01
3.54000000e+00,5.26595823e-02,3.91354859e-01,7.16811419e-01,8.33681047e-01,8.28277767e-01,8.20193052e-01,5.22025957e-02,3.98777004e-01,6.93055537e-01,8.07282098e-01,8.32362292e-01,8.37685491e-01
3.56000000e+00,5.16040586e-02,3.83954138e-01,7.03666210e-01,8.17875147e-01,8.12014818e-01,8.03983271e-01,5.11537220e-02,3.91144203e-01,6.79901566e-01,7.91963673e-01,8.16566844e-01,8.21788718e-01
3.58000000e+00,5.05707487e-02,3.76691431e-01,6.90750599e-01,8.02359045e-01,7.96071112e-01,7.88107812e-01,5.01262098e-02,3.83655763e-01,6.66995957e-01,7.76935805e-01,8.01071360e-01,8.06193911e-01
3.60000000e+00,4.95589487e-02,3.69564712e-01,6.78066075e-01,7.87122965e-01,7.80439258e-01,7.72559762e-01,4.91196103e-02,3.76308950e-01,6.54333904e-01,7.62192782e-01,7.85869919e-01,7.90895105e-01
3.62000000e+00,4.85681184e-02,3.62571746e-01,6.65600359e-01,7.72166908e-01,7.65114665e-01,7.57330656e-01,4.81334849e-02,3.69101082e-01,6.41910705e-01,7.47729016e-01,7.70956733e-01,7.75886470e-01
3.64000000e+00,4.75979261e-02,3.55708390e-01,6.53355658e-01,7.57481277e-01,7.50090122e-01,7.42413104e-01,4.71674047e-02,3.62029531e-01,6.29721755e-01,7.33539041e-01,7.56326140e-01,7.61162302e-01
3.66000000e+00,4.66480106e-02,3.48974258e-01,6.41326249e-01,7.43065715e-01,7.35363781e-01,7.27803767e-01,4.62209505e-02,3.55091720e-01,6.17762545e-01,7.19617512e-01,7.41972602e-01,7.46717021e-01
3.68000000e+00,4.57178764e-02,3.42365474e-01,6.29505754e-01,7.28911161e-01,7.20925808e-01,7.13490248e-01,4.52937121e-02,3.48285123e-01,6.06028662e-01,7.05959195e-01,7.27890702e-01,7.32545170e-01
3.70000000e+00,4.48069498e-02,3.35879564e-01,6.17895603e-01,7.15017498e-01,7.06771374e-01,6.99473798e-01,4.43852884e-02,3.41607263e-01,5.94515784e-01,6.92558971e-01,7.14075138e-01,7.18641409e-01
3.72000000e+00,4.39149626e-02,3.29514652e-01,6.06486380e-01,7.01375425e-01,6.92896485e-01,6.85741723e-01,4.34952873e-02,3.35055711e-01,5.83219678e-01,6.79411830e-01,7.00520723e-01,7.05000514e-01
3.74000000e+00,4.30414416e-02,3.23269278e-01,5.95279276e-01,6.87982917e-01,6.79294765e-01,6.72290862e-01,4.26233251e-02,3.28628086e-01,5.72136199e-01,6.66512869e-01,6.87222384e-01,6.91617374e-01
3.76000000e+00,4.21860218e-02,3.17139685e-01,5.84268570e-01,6.74837649e-01,6.65960491e-01,6.59116626e-01,4.17690267e-02,3.22322053e-01,5.61261287e-01,6.53857288e-01,6.74175151e-01,6.78486985e-01
3.78000000e+00,4.13482897e-02,3.11124295e-01,5.73450267e-01,6.61932051e-01,6.52889907e-01,6.46211565e-01,4.09320250e-02,3.16135322e-01,5.50590965e-01,6.41440389e-01,6.61374166e-01,6.65604451e-01
3.80000000e+00,4.05278951e-02,3.05220038e-01,5.62821329e-01,6.49263620e-01,6.40076756e-01,6.33567631e-01,4.01119610e-02,3.10065647e-01,5.40121337e-01,6.29257574e-01,6.48814667e-01,6.52964980e-01
3.82000000e+00,3.97244543e-02,2.99427241e-01,5.52378297e-01,6.36828542e-01,6.27516687e-01,6.21182144e-01,3.93084836e-02,3.04110827e-01,5.29848587e-01,6.17304338e-01,6.36491998e-01,6.40563880e-01
3.84000000e+00,3.89374495e-02,2.93741137e-01,5.42118430e-01,6.24622226e-01,6.15206420e-01,6.09051645e-01,3.85212493e-02,2.98268700e-01,5.19768975e-01,6.05576274e-01,6.24401599e-01,6.28396559e-01
3.86000000e+00,3.81666869e-02,2.88161337e-01,5.32039523e-01,6.12641037e-01,6.03139043e-01,5.97164869e-01,3.77499220e-02,2.92537150e-01,5.09878839e-01,5.94069063e-01,6.12539003e-01,6.16458519e-01
3.88000000e+00,3.74118052e-02,2.82685727e-01,5.22135854e-01,6.00880086e-01,5.91308296e-01,5.85523486e-01,3.69941728e-02,2.86914097e-01,5.00174589e-01,5.82778478e-01,6.00899839e-01,6.04745358e-01
3.90000000e+00,3.66724804e-02,2.77311116e-01,5.12406588e-01,5.89336693e-01,5.79713285e-01,5.74114978e-01,3.62536801e-02,2.81397505e-01,4.90652706e-01,5.71700377e-01,5.89479826e-01,5.93252766e-01
3.92000000e+00,3.59482542e-02,2.72037089e-01,5.02848983e-01,5.78006685e-01,5.68347812e-01,5.62941313e-01,3.55281291e-02,2.75985373e-01,4.81309744e-01,5.60830705e-01,5.78274771e-01,5.81976519e-01
3.94000000e+00,3.52388844e-02,2.66861081e-01,4.93456930e-01,5.66885591e-01,5.57206094e-01,5.51993906e-01,3.48172118e-02,2.70675742e-01,4.72142323e-01,5.50165490e-01,5.67280567e-01,5.70912482e-01
3.96000000e+00,3.45439911e-02,2.61781633e-01,4.84231800e-01,5.55971861e-01,5.46286643e-01,5.41268229e-01,3.41206270e-02,2.65466688e-01,4.63147133e-01,5.39700839e-01,5.56493191e-01,5.60056606e-01
3.98000000e+00,3.38634402e-02,2.56796509e-01,4.75168943e-01,5.45259774e-01,5.35581768e-01,5.30759275e-01,3.34380796e-02,2.60356324e-01,4.54320928e-01,5.29432940e-01,5.45908705e-01,5.49404923e-01
4.00000000e+00,3.31966951e-02,2.51904279e-01,4.66264755e-01,5.34746051e-01,5.25090218e-01,5.20464838e-01,3.27692812e-02,2.55342798e-01,4.45660525e-01,5.19358058e-01,5.35523248e-01,5.38953547e-01
4.02000000e+00,3.25435959e-02,2.47103274e-01,4.57518190e-01,5.24428725e-01,5.14806747e-01,5.10376513e-01,3.21139493e-02,2.50424294e-01,4.37162807e-01,5.09472532e-01,5.25333038e-01,5.28698670e-01
4.04000000e+00,3.19038294e-02,2.42391378e-01,4.48925287e-01,5.14303327e-01,5.04727304e-01,5.00493407e-01,3.14718075e-02,2.45599032e-01,4.28824714e-01,4.99772776e-01,5.15334370e-01,5.18636563e-01
4.06000000e+00,3.12770791e-02,2.37767249e-01,4.40483630e-01,5.04367650e-01,4.94848162e-01,4.90810007e-01,3.08425854e-02,2.40865263e-01,4.20643251e-01,4.90255276e-01,5.05523616e-01,5.08763570e-01
4.08000000e+00,3.06629576e-02,2.33229354e-01,4.32191551e-01,4.94615912e-01,4.85162765e-01,4.81322497e-01,3.02260182e-02,2.36221272e-01,4.12615477e-01,4.80916588e-01,4.95897216e-01,4.99076109e-01
4.10000000e+00,3.00614536e-02,2.28775889e-01,4.24045891e-01,4.85047549e-01,4.75672454e-01,4.72024739e-01,2.96218469e-02,2.31665376e-01,4.04738512e-01,4.71753335e-01,4.86451685e-01,4.89570672e-01
4.12000000e+00,2.94721182e-02,2.24405587e-01,4.16044176e-01,4.75657374e-01,4.66367602e-01,4.62915838e-01,2.90298178e-02,2.27195925e-01,3.97009528e-01,4.62762211e-01,4.77183606e-01,4.80243818e-01
4.14000000e+00,2.88947653e-02,2.20116273e-01,4.08184648e-01,4.66443032e-01,4.57249314e-01,4.53988701e-01,2.84496828e-02,2.22811299e-01,3.89425755e-01,4.53939971e-01,4.68089631e-01,4.71092177e-01
4.16000000e+00,2.83290744e-02,2.15907976e-01,4.00463223e-01,4.57402676e-01,4.48312372e-01,4.45242107e-01,2.78811988e-02,2.18509908e-01,3.81984477e-01,4.45283438e-01,4.59166479e-01,4.62112444e-01
4.18000000e+00,2.77747959e-02,2.11777240e-01,3.92880380e-01,4.48531419e-01,4.39552546e-01,4.36670482e-01,2.73241281e-02,2.14290193e-01,3.74683027e-01,4.36789494e-01,4.50410931e-01,4.53301382e-01
4.20000000e+00,2.72317901e-02,2.07723260e-01,3.85431379e-01,4.39827412e-01,4.30966407e-01,4.28270847e-01,2.67782377e-02,2.10150624e-01,3.67518793e-01,4.28455085e-01,4.41819835e-01,4.44655816e-01
4.22000000e+00,2.66997050e-02,2.03746065e-01,3.78115356e-01,4.31287378e-01,4.22550410e-01,4.20039773e-01,2.62432998e-02,2.06089698e-01,3.60489211e-01,4.20277216e-01,4.33390098e-01,4.36172632e-01
4.24000000e+00,2.61783209e-02,1.99842691e-01,3.70930344e-01,4.22907919e-01,4.14302498e-01,4.11973625e-01,2.57190912e-02,2.02105943e-01,3.53591768e-01,4.12252950e-01,4.25118691e-01,4.27848782e-01
4.26000000e+00,2.56674830e-02,1.96012169e-01,3.63872558e-01,4.14686710e-01,4.06218141e-01,4.04068172e-01,2.52053935e-02,1.98197912e-01,3.46823997e-01,4.04379407e-01,4.17002640e-01,4.19681273e-01
4.28000000e+00,2.51668505e-02,1.92252889e-01,3.56940627e-01,4.06621039e-01,3.98294210e-01,3.96320730e-01,2.47019930e-02,1.94364187e-01,3.40183479e-01,3.96653765e-01,4.09039034e-01,4.11667172e-01
4.30000000e+00,2.46763229e-02,1.88564360e-01,3.50134164e-01,3.98708194e-01,3.90527755e-01,3.88727427e-01,2.42086801e-02,1.90603374e-01,3.33667841e-01,3.89073254e-01,4.01225015e-01,4.03803605e-01
4.32000000e+00,2.41955686e-02,1.84944764e-01,3.43449414e-01,3.90944809e-01,3.82915109e-01,3.81286412e-01,2.37252499e-02,1.86914108e-01,3.27274757e-01,3.81635160e-01,3.93557781e-01,3.96087750e-01
4.34000000e+00,2.37245411e-02,1.81392550e-01,3.36883694e-01,3.83328646e-01,3.75454456e-01,3.73993069e-01,2.32515017e-02,1.83295048e-01,3.21001942e-01,3.74336820e-01,3.86034586e-01,3.88516844e-01
4.36000000e+00,2.32628714e-02,1.77907422e-01,3.30437005e-01,3.75858158e-01,3.68141770e-01,3.66845012e-01,2.27872390e-02,1.79744876e-01,3.14847157e-01,3.67175621e-01,3.78652735e-01,3.81088175e-01
4.38000000e+00,2.28104685e-02,1.74487099e-01,3.24105740e-01,3.68529767e-01,3.60973895e-01,3.59837741e-01,2.23322695e-02,1.76262303e-01,3.08808203e-01,3.60149004e-01,3.71409586e-01,3.73799083e-01
4.40000000e+00,2.23670769e-02,1.71131477e-01,3.17888558e-01,3.61339748e-01,3.53948891e-01,3.52971315e-01,2.18864046e-02,1.72846060e-01,3.02882925e-01,3.53254455e-01,3.64302549e-01,3.66646960e-01
4.42000000e+00,2.19325554e-02,1.67838231e-01,3.11784863e-01,3.54287386e-01,3.47063154e-01,3.46238732e-01,2.14494599e-02,1.69494904e-01,2.97069207e-01,3.46489511e-01,3.57329081e-01,3.59629249e-01
4.44000000e+00,2.15067212e-02,1.64606616e-01,3.05789798e-01,3.47369909e-01,3.40313435e-01,3.39640051e-01,2.10212547e-02,1.66207614e-01,2.91364973e-01,3.39851754e-01,3.50486690e-01,3.52743440e-01
4.46000000e+00,2.10892800e-02,1.61435813e-01,2.99904197e-01,3.40585172e-01,3.33699197e-01,3.33172768e-01,2.06016123e-02,1.62982991e-01,2.85768187e-01,3.33338814e-01,3.43772931e-01,3.45987073e-01
4.48000000e+00,2.06802376e-02,1.58324867e-01,2.94125348e-01,3.33929449e-01,3.27215761e-01,3.26832950e-01,2.01903593e-02,1.59819860e-01,2.80276849e-01,3.26948364e-01,3.37185405e-01,3.39357733e-01
4.50000000e+00,2.02792492e-02,1.55272126e-01,2.88451999e-01,3.27400863e-01,3.20860207e-01,3.20617616e-01,1.97873261e-02,1.56717067e-01,2.74889000e-01,3.20678123e-01,3.30721759e-01,3.32853052e-01
4.52000000e+00,1.98862255e-02,1.52277350e-01,2.82882005e-01,3.20998371e-01,3.14631522e-01,3.14525217e-01,1.93923465e-02,1.53673479e-01,2.69602714e-01,3.14525852e-01,3.24379685e-01,3.26470708e-01
4.54000000e+00,1.95009876e-02,1.49338320e-01,2.77412415e-01,3.14718366e-01,3.08525503e-01,3.08552295e-01,1.90052580e-02,1.50687985e-01,2.64416104e-01,3.08489355e-01,3.18156919e-01,3.20208422e-01
4.56000000e+00,1.91233661e-02,1.46454781e-01,2.72043705e-01,3.08558404e-01,3.02541167e-01,3.02696526e-01,1.86259011e-02,1.47759493e-01,2.59327316e-01,3.02566478e-01,3.12051239e-01,3.14063957e-01
4.58000000e+00,1.87532734e-02,1.43625557e-01,2.66773373e-01,3.02518040e-01,2.96675473e-01,2.96956062e-01,1.82541198e-02,1.44886934e-01,2.54334532e-01,2.96755105e-01,3.06060466e-01,3.08035122e-01
4.60000000e+00,1.83904544e-02,1.40849620e-01,2.61599898e-01,2.96593308e-01,2.90926099e-01,2.91327685e-01,1.78897614e-02,1.42069255e-01,2.49435968e-01,2.91053164e-01,3.00182461e-01,3.02119763e-01
4.62000000e+00,1.80347674e-02,1.38126031e-01,2.56520987e-01,2.90782869e-01,2.85289764e-01,2.85810024e-01,1.75326761e-02,1.39305426e-01,2.44629872e-01,2.85458618e-01,2.94415126e-01,2.96315769e-01
4.64000000e+00,1.76860634e-02,1.35453761e-01,2.51535743e-01,2.85084456e-01,2.79765636e-01,2.80400276e-01,1.71827173e-02,1.36594434e-01,2.39914525e-01,2.79969470e-01,2.88756403e-01,2.90621068e-01
4.66000000e+00,1.73442140e-02,1.32832408e-01,2.46642321e-01,2.79496014e-01,2.74350196e-01,2.75095582e-01,1.68397414e-02,1.33935286e-01,2.35288240e-01,2.74583761e-01,2.83204272e-01,2.85033628e-01
4.68000000e+00,1.70091204e-02,1.30260125e-01,2.41839871e-01,2.74015486e-01,2.69043058e-01,2.69894332e-01,1.65036079e-02,1.31327007e-01,2.30749362e-01,2.69299567e-01,2.77756750e-01,2.79551455e-01
4.70000000e+00,1.66806448e-02,1.27736643e-01,2.37124920e-01,2.68641531e-01,2.63840288e-01,2.64794171e-01,1.61741790e-02,1.28768639e-01,2.26296265e-01,2.64115002e-01,2.72411893e-01,2.74172590e-01
4.72000000e+00,1.63585655e-02,1.25260666e-01,2.32498467e-01,2.63371259e-01,2.58739918e-01,2.59793699e-01,1.58513198e-02,1.26259243e-01,2.21927356e-01,2.59028214e-01,2.67167792e-01,2.68895114e-01
4.74000000e+00,1.60428341e-02,1.22832239e-01,2.27957666e-01,2.58203089e-01,2.53740847e-01,2.54890501e-01,1.55348981e-02,1.23797897e-01,2.17641068e-01,2.54037385e-01,2.62022574e-01,2.63717141e-01
4.76000000e+00,1.57332569e-02,1.20449275e-01,2.23500893e-01,2.53135830e-01,2.48840526e-01,2.50082076e-01,1.52247845e-02,1.21383696e-01,2.13435865e-01,2.49140732e-01,2.56974401e-01,2.58636822e-01
4.78000000e+00,1.54296989e-02,1.18111432e-01,2.19127133e-01,2.48166412e-01,2.44036764e-01,2.45366246e-01,1.49208522e-02,1.19015753e-01,2.09310240e-01,2.44336504e-01,2.52021471e-01,2.53652343e-01
4.80000000e+00,1.51321208e-02,1.15817785e-01,2.14835420e-01,2.43293718e-01,2.39327341e-01,2.40742519e-01,1.46229770e-02,1.16693195e-01,2.05262711e-01,2.39622984e-01,2.47162011e-01,2.48761921e-01
4.82000000e+00,1.48403030e-02,1.13568150e-01,2.10623890e-01,2.38515556e-01,2.34710976e-01,2.36207411e-01,1.43310372e-02,1.14415166e-01,2.01291827e-01,2.34998486e-01,2.42394286e-01,2.43963808e-01
4.84000000e+00,1.45542501e-02,1.11360937e-01,2.06491172e-01,2.33830333e-01,2.30186194e-01,2.31760666e-01,1.40449137e-02,1.12180828e-01,1.97396161e-01,2.30461356e-01,2.37716590e-01,2.39256290e-01
4.86000000e+00,1.42736696e-02,1.09195955e-01,2.02435911e-01,2.29236513e-01,2.25749105e-01,2.27398992e-01,1.37644896e-02,1.09989355e-01,1.93574313e-01,2.26009968e-01,2.33127250e-01,2.34637682e-01
4.88000000e+00,1.39985941e-02,1.07071891e-01,1.98456973e-01,2.24732041e-01,2.21400321e-01,2.23121792e-01,1.34896508e-02,1.07839940e-01,1.89824910e-01,2.21642730e-01,2.28624624e-01,2.30106332e-01
4.90000000e+00,1.37288654e-02,1.04988135e-01,1.94552898e-01,2.20315725e-01,2.17136726e-01,2.18925893e-01,1.32202850e-02,1.05731787e-01,1.86146602e-01,2.17358077e-01,2.24207099e-01,2.25660618e-01
4.92000000e+00,1.34643577e-02,1.02944374e-01,1.90722287e-01,2.15985477e-01,2.12957218e-01,2.14810893e-01,1.29562826e-02,1.03664119e-01,1.82538067e-01,2.13154474e-01,2.19873094e-01,2.21298947e-01
4.94000000e+00,1.32049862e-02,1.00939319e-01,1.86964020e-01,2.11739704e-01,2.08859578e-01,2.10775062e-01,1.26975361e-02,1.01636169e-01,1.78998003e-01,2.09030412e-01,2.15621057e-01,2.17019758e-01
4.96000000e+00,1.29506271e-02,9.89724845e-02,1.83276668e-01,2.07576662e-01,2.04842299e-01,2.06816152e-01,1.24439400e-02,9.96471886e-02,1.75525136e-01,2.04984414e-01,2.11449462e-01,2.12821517e-01
4.98000000e+00,1.27011938e-02,9.70431864e-02,1.79659516e-01,2.03495085e-01,2.00903535e-01,2.02933282e-01,1.21953913e-02,9.76964396e-02,1.72118213e-01,2.01015027e-01,2.07356814e-01,2.08702718e-01
5.00000000e+00,1.24565698e-02,9.51507017e-02,1.76110730e-01,1.99493110e-01,1.97042331e-01,1.99124649e-01,1.19517887e-02,9.57831995e-02,1.68776006e-01,1.97120825e-01,2.03341646e-01,2.04661885e-01
5.02000000e+00,1.22166732e-02,9.32942852e-02,1.72629476e-01,1.95570439e-01,1.93256393e-01,1.95388317e-01,1.17130334e-02,9.39067585e-02,1.65497307e-01,1.93300410e-01,1.99402514e-01,2.00697566e-01
5.04000000e+00,1.19814230e-02,9.14731473e-02,1.69214532e-01,1.91723481e-01,1.89545125e-01,1.91722840e-01,1.14790282e-02,9.20664203e-02,1.62280932e-01,1.89552409e-01,1.95538005e-01,1.96808339e-01
5.06000000e+00,1.17506720e-02,8.96874145e-02,1.65864736e-01,1.87951833e-01,1.85905442e-01,1.88127428e-01,1.12496781e-02,9.02615014e-02,1.59125719e-01,1.85875473e-01,1.91746730e-01,1.92992805e-01
5.08000000e+00,1.15243830e-02,8.79353806e-02,1.62578762e-01,1.84254900e-01,1.82337373e-01,1.84600115e-01,1.10248899e-02,8.84913308e-02,1.56030526e-01,1.82268279e-01,1.88027327e-01,1.89249594e-01
5.10000000e+00,1.13024293e-02,8.62169191e-02,1.59355700e-01,1.80630013e-01,1.78838983e-01,1.81139976e-01,1.08045725e-02,8.67552503e-02,1.52994232e-01,1.78729529e-01,1.84378456e-01,1.85577360e-01
5.12000000e+00,1.10847708e-02,8.45313221e-02,1.56194851e-01,1.77075773e-01,1.75409049e-01,1.77745223e-01,1.05886363e-02,8.50526135e-02,1.50015738e-01,1.75257947e-01,1.80798805e-01,1.81974780e-01
5.14000000e+00,1.08712297e-02,8.28782097e-02,1.53093725e-01,1.73591867e-01,1.72045439e-01,1.74414635e-01,1.03769938e-02,8.33827865e-02,1.47093963e-01,1.71852282e-01,1.77287084e-01,1.78440558e-01
5.16000000e+00,1.06618553e-02,8.12565461e-02,1.50052831e-01,1.70175985e-01,1.68747514e-01,1.71147391e-01,1.01695591e-02,8.17451467e-02,1.44227849e-01,1.68511306e-01,1.73842028e-01,1.74973420e-01
5.18000000e+00,1.04564494e-02,7.96663389e-02,1.47069737e-01,1.66827515e-01,1.65513724e-01,1.67941168e-01,9.96624826e-03,8.01390835e-02,1.41416355e-01,1.65233811e-01,1.70462395e-01,1.71572115e-01
5.20000000e+00,1.02549996e-02,7.81063735e-02,1.44144565e-01,1.63544312e-01,1.62342846e-01,1.64795816e-01,9.76697879e-03,7.85639972e-02,1.38658458e-01,1.62018616e-01,1.67146965e-01,1.68235418e-01
5.22000000e+00,1.00573692e-02,7.65762702e-02,1.41275972e-01,1.60325631e-01,1.59233347e-01,1.61709487e-01,9.57166998e-03,7.70192997e-02,1.35953157e-01,1.58864556e-01,1.63894540e-01,1.64962124e-01
5.24000000e+00,9.86351445e-03,7.50757307e-02,1.38462901e-01,1.57169834e-01,1.56184018e-01,1.58680931e-01,9.38024273e-03,7.55044135e-02,1.33299468e-01,1.55770492e-01,1.60703947e-01,1.61751049e-01
5.26000000e+00,9.67337471e-03,7.36040398e-02,1.35703564e-01,1.54076889e-01,1.53193846e-01,1.55709848e-01,9.19261955e-03,7.40187721e-02,1.30696424e-01,1.52735304e-01,1.57574030e-01,1.58601034e-01
5.28000000e+00,9.48684756e-03,7.21604601e-02,1.32997930e-01,1.51043922e-01,1.50261655e-01,1.52793854e-01,9.00872449e-03,7.25618194e-02,1.28143076e-01,1.49757892e-01,1.54503659e-01,1.55510939e-01
5.30000000e+00,9.30389296e-03,7.07447231e-02,1.30344838e-01,1.48071080e-01,1.47386253e-01,1.49932519e-01,8.82848315e-03,7.11330097e-02,1.25638494e-01,1.46837177e-01,1.51491721e-01,1.52479645e-01
5.32000000e+00,9.12439637e-03,6.93562999e-02,1.27743348e-01,1.45155996e-01,1.44566104e-01,1.47125140e-01,8.65182262e-03,6.97318074e-02,1.23181764e-01,1.43972100e-01,1.48537124e-01,1.49506055e-01
5.34000000e+00,8.94835405e-03,6.79946691e-02,1.25192240e-01,1.42299101e-01,1.41800612e-01,1.44369885e-01,8.47867147e-03,6.83576870e-02,1.20771988e-01,1.41161621e-01,1.45638799e-01,1.46589091e-01
5.36000000e+00,8.77561979e-03,6.66589960e-02,1.22690693e-01,1.39497414e-01,1.39088556e-01,1.41666159e-01,8.30895969e-03,6.70101327e-02,1.18408286e-01,1.38404718e-01,1.42795693e-01,1.43727694e-01
5.38000000e+00,8.60617124e-03,6.53493181e-02,1.20237932e-01,1.36751294e-01,1.36428341e-01,1.39012679e-01,8.14261868e-03,6.56886385e-02,1.16089792e-01,1.35700390e-01,1.40006774e-01,1.40920826e-01
5.40000000e+00,8.43993854e-03,6.40648678e-02,1.17833197e-01,1.34059027e-01,1.33820072e-01,1.36408731e-01,7.97958124e-03,6.43927076e-02,1.13815660e-01,1.33047654e-01,1.37271029e-01,1.38167468e-01
5.42000000e+00,8.27685278e-03,6.28049672e-02,1.15475282e-01,1.31419405e-01,1.31260902e-01,1.33853257e-01,7.81978151e-03,6.31218527e-02,1.11585054e-01,1.30445542e-01,1.34587462e-01,1.35466618e-01
5.44000000e+00,8.11685342e-03,6.15694784e-02,1.13163166e-01,1.28831878e-01,1.28751665e-01,1.31345019e-01,7.66315495e-03,6.18755954e-02,1.09397158e-01,1.27893108e-01,1.31955098e-01,1.32817293e-01
5.46000000e+00,7.95989297e-03,6.03579134e-02,1.10896654e-01,1.26295298e-01,1.26290232e-01,1.28883392e-01,7.50963832e-03,6.06534663e-02,1.07251169e-01,1.25389420e-01,1.29372977e-01,1.30218531e-01
5.48000000e+00,7.80589040e-03,5.91695681e-02,1.08674347e-01,1.23808108e-01,1.23876147e-01,1.26467556e-01,7.35916965e-03,5.94550050e-02,1.05146299e-01,1.22933565e-01,1.26840160e-01,1.27669382e-01
5.50000000e+00,7.65478658e-03,5.80042489e-02,1.06495671e-01,1.21370345e-01,1.21508166e-01,1.24095835e-01,7.21168822e-03,5.82797594e-02,1.03081773e-01,1.20524647e-01,1.24355721e-01,1.25168919e-01
5.52000000e+00,7.50655774e-03,5.68614118e-02,1.04359366e-01,1.18980162e-01,1.19185291e-01,1.21768594e-01,7.06713452e-03,5.71272859e-02,1.01056834e-01,1.18161784e-01,1.21918754e-01,1.22716228e-01
5.54000000e+00,7.36111496e-03,5.57406321e-02,1.02265380e-01,1.16636634e-01,1.16907164e-01,1.19484149e-01,6.92545024e-03,5.59971495e-02,9.90707349e-02,1.15844113e-01,1.19528370e-01,1.20310414e-01
5.56000000e+00,7.21839722e-03,5.46415597e-02,1.00212581e-01,1.14339404e-01,1.14672400e-01,1.17241636e-01,6.78657823e-03,5.48889231e-02,9.71227447e-02,1.13570786e-01,1.17183693e-01,1.17950598e-01
5.58000000e+00,7.07837613e-03,5.35637513e-02,9.82001424e-02,1.12087272e-01,1.12480067e-01,1.15040697e-01,6.65046251e-03,5.38021875e-02,9.52121452e-02,1.11340969e-01,1.14883867e-01,1.15635916e-01
5.60000000e+00,6.94098510e-03,5.25067747e-02,9.62270349e-02,1.09879032e-01,1.10329472e-01,1.12880260e-01,6.51704819e-03,5.27365316e-02,9.33382315e-02,1.09153845e-01,1.12628049e-01,1.13365521e-01
5.62000000e+00,6.80620456e-03,5.14701419e-02,9.42928270e-02,1.07714452e-01,1.08220018e-01,1.10759735e-01,6.38628151e-03,5.16915520e-02,9.15003115e-02,1.07008612e-01,1.10415413e-01,1.11138582e-01
5.64000000e+00,6.67394325e-03,5.04536927e-02,9.23970193e-02,1.05592094e-01,1.06150538e-01,1.08677588e-01,6.25810977e-03,5.06668527e-02,8.96977061e-02,1.04904482e-01,1.08245148e-01,1.08954282e-01
5.66000000e+00,6.54416531e-03,4.94568087e-02,9.05382410e-02,1.03511393e-01,1.04120336e-01,1.06634058e-01,6.13248133e-03,4.96620452e-02,8.79297486e-02,1.02840682e-01,1.06116456e-01,1.06811820e-01
5.68000000e+00,6.41682139e-03,4.84792851e-02,8.87164325e-02,1.01471171e-01,1.02128744e-01,1.04627863e-01,6.00934557e-03,4.86767484e-02,8.61957847e-02,1.00816453e-01,1.04028556e-01,1.04710409e-01
5.70000000e+00,6.29185047e-03,4.75206114e-02,8.69304016e-02,9.94714126e-02,1.00174606e-01,1.02658495e-01,5.88865292e-03,4.77105882e-02,8.44951719e-02,9.88310501e-02,1.01980680e-01,1.02649276e-01
5.72000000e+00,6.16924046e-03,4.65806425e-02,8.51799026e-02,9.75104272e-02,9.82577726e-02,1.00725144e-01,5.77035476e-03,4.67631978e-02,8.28272798e-02,9.68837415e-02,9.99720756e-02,1.00627664e-01
5.74000000e+00,6.04892382e-03,4.56587039e-02,8.34638253e-02,9.55879688e-02,9.63770375e-02,9.88272056e-02,5.65440348e-03,4.58342169e-02,8.11914896e-02,9.49738096e-02,9.80020028e-02,9.86448287e-02
5.76000000e+00,5.93087217e-03,4.47546989e-02,8.17817450e-02,9.37030464e-02,9.45318416e-02,9.69638824e-02,5.54075239e-03,4.49232923e-02,7.95871940e-02,9.31005497e-02,9.60697357e-02,9.67000396e-02
5.78000000e+00,5.81499701e-03,4.38680984e-02,8.01330358e-02,9.18550044e-02,9.27215964e-02,9.51346382e-02,5.42935575e-03,4.40300775e-02,7.80137968e-02,9.12632702e-02,9.41745617e-02,9.47925797e-02
5.80000000e+00,5.70132304e-03,4.29987684e-02,7.85166845e-02,9.00429860e-02,9.09452215e-02,9.33385119e-02,5.32016873e-03,4.31542321e-02,7.64707127e-02,8.94612922e-02,9.23157815e-02,9.29217452e-02
5.82000000e+00,5.58975898e-03,4.21462841e-02,7.69326016e-02,8.82665440e-02,8.92023593e-02,9.15754810e-02,5.21314741e-03,4.22954226e-02,7.49573676e-02,8.76939493e-02,9.04927085e-02,9.10868453e-02
5.84000000e+00,5.48026618e-03,4.13101986e-02,7.53798038e-02,8.65245089e-02,8.74922797e-02,8.98442864e-02,5.10824873e-03,4.14533216e-02,7.34731977e-02,8.59605873e-02,8.87046688e-02,8.92872020e-02
5.86000000e+00,5.37283812e-03,4.04905193e-02,7.38578141e-02,8.48167241e-02,8.58143941e-02,8.81447420e-02,5.00543050e-03,4.06276077e-02,7.20176498e-02,8.42605643e-02,8.69510010e-02,8.75221496e-02
5.88000000e+00,5.26740821e-03,3.96865420e-02,7.23660663e-02,8.31421465e-02,8.41680542e-02,8.64759386e-02,4.90465136e-03,3.98179659e-02,7.05901809e-02,8.25932499e-02,8.52310558e-02,8.57910350e-02
5.90000000e+00,5.16393920e-03,3.88982072e-02,7.09037483e-02,8.15000907e-02,8.25525150e-02,8.48375559e-02,4.80587080e-03,3.90240869e-02,6.91902581e-02,8.09580257e-02,8.35441959e-02,8.40932167e-02
5.92000000e+00,5.06241014e-03,3.81251387e-02,6.94706216e-02,7.98901170e-02,8.09671804e-02,8.32289755e-02,4.70904909e-03,3.82456674e-02,6.78173583e-02,7.93542845e-02,8.18897958e-02,8.24280655e-02
5.94000000e+00,4.96277167e-03,3.73671241e-02,6.80658668e-02,7.83115849e-02,7.94116035e-02,8.16495419e-02,4.61414732e-03,3.74824096e-02,6.64709682e-02,7.77814304e-02,8.02672415e-02,8.07949635e-02
5.96000000e+00,4.86498512e-03,3.66236717e-02,6.66889399e-02,7.67634884e-02,7.78851658e-02,8.00987631e-02,4.52112733e-03,3.67340217e-02,6.51505839e-02,7.62388785e-02,7.86759305e-02,7.91933044e-02
5.98000000e+00,4.76902490e-03,3.58945988e-02,6.53393790e-02,7.52457380e-02,7.63871372e-02,7.85760731e-02,4.42995176e-03,3.60002171e-02,6.38557110e-02,7.47260548e-02,7.71152711e-02,7.76224929e-02
6.00000000e+00,4.67484398e-03,3.51797640e-02,6.40166327e-02,7.37573281e-02,7.49170706e-02,7.70810619e-02,4.34058394e-03,3.52807148e-02,6.25858643e-02,7.32423956e-02,7.55846830e-02,7.60819449e-02
6.02000000e+00,4.58242418e-03,3.44787575e-02,6.27201796e-02,7.22980648e-02,7.34743401e-02,7.56130368e-02,4.25298799e-03,3.45752390e-02,6.13405675e-02,7.17873481e-02,7.40835963e-02,7.45710871e-02
6.04000000e+00,4.49172454e-03,3.37913521e-02,6.14494383e-02,7.08669275e-02,7.20586777e-02,7.41715208e-02,4.16712870e-03,3.38835192e-02,6.01193532e-02,7.03603695e-02,7.26114516e-02,7.30893566e-02
6.06000000e+00,4.40269848e-03,3.31172347e-02,6.02039285e-02,6.94633871e-02,7.06694350e-02,7.27561936e-02,4.08297158e-03,3.32052901e-02,5.89217627e-02,6.89609270e-02,7.11677002e-02,7.16362012e-02
6.08000000e+00,4.31533856e-03,3.24561447e-02,5.89831769e-02,6.80873245e-02,6.93057403e-02,7.13664144e-02,4.00048284e-03,3.25402912e-02,5.77473459e-02,6.75884978e-02,6.97518033e-02,7.02110787e-02
6.10000000e+00,4.22960240e-03,3.18078585e-02,5.77865727e-02,6.67379871e-02,6.79675639e-02,7.00017512e-02,3.91962935e-03,3.18882673e-02,5.65956610e-02,6.62425688e-02,6.83632322e-02,6.88134571e-02
6.12000000e+00,4.14545974e-03,3.11721563e-02,5.66139705e-02,6.54146373e-02,6.66543171e-02,6.86617121e-02,3.84037863e-03,3.12489677e-02,5.54662745e-02,6.49226363e-02,6.70014678e-02,6.74428143e-02
6.14000000e+00,4.06288775e-03,3.05487607e-02,5.54644428e-02,6.41167983e-02,6.53652772e-02,6.73459098e-02,3.76269887e-03,3.06221466e-02,5.43587610e-02,6.36282061e-02,6.56660010e-02,6.60986376e-02
6.16000000e+00,3.98184313e-03,2.99373791e-02,5.43377064e-02,6.28441125e-02,6.41000941e-02,6.60539493e-02,3.68655888e-03,3.00075629e-02,5.32727030e-02,6.23587931e-02,6.43563318e-02,6.47804242e-02
6.18000000e+00,3.90230678e-03,2.93379072e-02,5.32335378e-02,6.15961365e-02,6.28585219e-02,6.47852719e-02,3.61192809e-03,2.94049801e-02,5.22076907e-02,6.11139213e-02,6.30719697e-02,6.34876804e-02
6.20000000e+00,3.82425729e-03,2.87500322e-02,5.21512553e-02,6.03722371e-02,6.16398565e-02,6.35393336e-02,3.53877654e-03,2.88141661e-02,5.11633222e-02,5.98931234e-02,6.18124333e-02,6.22199217e-02
6.22000000e+00,3.74764018e-03,2.81735212e-02,5.10904677e-02,5.91718033e-02,6.04436994e-02,6.23159446e-02,3.46707488e-03,2.82348933e-02,5.01392029e-02,5.86959409e-02,6.05772500e-02,6.09766727e-02
6.24000000e+00,3.67245497e-03,2.76081469e-02,5.00506125e-02,5.79946078e-02,5.92696220e-02,6.11148104e-02,3.39679433e-03,2.76669385e-02,4.91349457e-02,5.75219239e-02,5.93659561e-02,5.97574667e-02
6.26000000e+00,3.59866791e-03,2.70537902e-02,4.90315743e-02,5.68402261e-02,5.81173711e-02,5.99352606e-02,3.32790668e-03,2.71100825e-02,4.81501706e-02,5.63706308e-02,5.81780967e-02,5.85618458e-02
6.28000000e+00,3.52624780e-03,2.65100636e-02,4.80326340e-02,5.57079278e-02,5.69863208e-02,5.87770455e-02,3.26038429e-03,2.65641105e-02,4.71845049e-02,5.52416283e-02,5.70132249e-02,5.73893607e-02
6.30000000e+00,3.45518091e-03,2.59768646e-02,4.70535755e-02,5.45974933e-02,5.58761805e-02,5.76396100e-02,3.19420008e-03,2.60288118e-02,4.62375827e-02,5.41344909e-02,5.58709027e-02,5.62395701e-02
6.32000000e+00,3.38543952e-03,2.54540145e-02,4.60939370e-02,5.35083525e-02,5.47864251e-02,5.65226600e-02,3.12932748e-03,2.55039796e-02,4.53090452e-02,5.30488015e-02,5.47506999e-02,5.51120415e-02
6.34000000e+00,3.31697497e-03,2.49412972e-02,4.51533236e-02,5.24402410e-02,5.37167899e-02,5.54260202e-02,3.06574048e-03,2.49894111e-02,4.43985401e-02,5.19841505e-02,5.36521944e-02,5.40063500e-02
6.36000000e+00,3.24980193e-03,2.44384389e-02,4.42314856e-02,5.13926037e-02,5.26669323e-02,5.43489382e-02,3.00341357e-03,2.44849073e-02,4.35057218e-02,5.09401360e-02,5.25749720e-02,5.29220788e-02
6.38000000e+00,3.18387523e-03,2.39453111e-02,4.33277898e-02,5.03651612e-02,5.16362600e-02,5.32914586e-02,2.94232174e-03,2.39902732e-02,4.26302511e-02,4.99163636e-02,5.15186263e-02,5.18588189e-02
6.40000000e+00,3.11916694e-03,2.34616864e-02,4.24419381e-02,4.93573435e-02,5.06246723e-02,5.22531085e-02,2.88244050e-03,2.35053174e-02,4.17717954e-02,4.89124463e-02,5.04827583e-02,5.08161689e-02
6.42000000e+00,3.05566913e-03,2.29874756e-02,4.15737890e-02,4.83688787e-02,4.96316850e-02,5.12335002e-02,2.82374584e-03,2.30298520e-02,4.09300281e-02,4.79280043e-02,4.94669767e-02,4.97937349e-02
6.44000000e+00,2.99335364e-03,2.25223862e-02,4.07228023e-02,4.73994464e-02,4.86569889e-02,5.02321720e-02,2.76621421e-03,2.25636930e-02,4.01046290e-02,4.69626650e-02,4.84708974e-02,4.87911304e-02
6.46000000e+00,2.93219881e-03,2.20662616e-02,3.98886390e-02,4.64485139e-02,4.77001294e-02,4.92489748e-02,2.70982254e-03,2.21066597e-02,3.92952836e-02,4.60160628e-02,4.74941435e-02,4.78079762e-02
6.48000000e+00,2.87217950e-03,2.16189697e-02,3.90710309e-02,4.55158427e-02,4.67609316e-02,4.82835546e-02,2.65454824e-03,2.16585750e-02,3.85016836e-02,4.50878388e-02,4.65363452e-02,4.68439000e-02
6.50000000e+00,2.81328848e-03,2.11803187e-02,3.82695645e-02,4.46009710e-02,4.58389446e-02,4.73355800e-02,2.60036912e-03,2.12192650e-02,3.77235263e-02,4.41776409e-02,4.55971394e-02,4.58985367e-02
6.52000000e+00,2.75548408e-03,2.07501538e-02,3.74839790e-02,4.37036306e-02,4.49339226e-02,4.64048870e-02,2.54726349e-03,2.07885594e-02,3.69605150e-02,4.32851236e-02,4.46761702e-02,4.49715278e-02
6.54000000e+00,2.69877305e-03,2.03282349e-02,3.67139056e-02,4.28235270e-02,4.40454669e-02,4.54908386e-02,2.49521004e-03,2.03662909e-02,3.62123583e-02,4.24099481e-02,4.37730882e-02,4.40625218e-02
6.56000000e+00,2.64310604e-03,1.99145507e-02,3.59591320e-02,4.19601463e-02,4.31734324e-02,4.45933752e-02,2.44418790e-03,1.99522956e-02,3.54787704e-02,4.15517815e-02,4.28875503e-02,4.31711735e-02
6.58000000e+00,2.58848583e-03,1.95087586e-02,3.52192447e-02,4.11132909e-02,4.23173308e-02,4.37122360e-02,2.39417664e-03,1.95464126e-02,3.47594709e-02,4.07102977e-02,4.20192202e-02,4.22971446e-02
6.60000000e+00,2.53488799e-03,1.91108603e-02,3.44940461e-02,4.02825922e-02,4.14769985e-02,4.28470448e-02,2.34515621e-03,1.91484842e-02,3.40541847e-02,3.98851762e-02,4.11677679e-02,4.14401026e-02
6.62000000e+00,2.48229108e-03,1.87206082e-02,3.37830894e-02,3.94678153e-02,4.06519957e-02,4.19975445e-02,2.29710695e-03,1.87583558e-02,3.33626419e-02,3.90761031e-02,4.03328694e-02,4.05997218e-02
6.64000000e+00,2.43068114e-03,1.83378980e-02,3.30861844e-02,3.86685915e-02,3.98422852e-02,4.11634557e-02,2.25000962e-03,1.83758754e-02,3.26845778e-02,3.82827698e-02,3.95142068e-02,3.97756822e-02
6.66000000e+00,2.38003791e-03,1.79625824e-02,3.24030779e-02,3.78845818e-02,3.90474163e-02,4.03444543e-02,2.20384533e-03,1.80008944e-02,3.20197325e-02,3.75048740e-02,3.87114684e-02,3.89676701e-02
6.68000000e+00,2.33034161e-03,1.75944604e-02,3.17334756e-02,3.71155292e-02,3.82670388e-02,3.95403728e-02,2.15859560e-03,1.76332667e-02,3.13678511e-02,3.67421189e-02,3.79243483e-02,3.81753775e-02
6.70000000e+00,2.28158548e-03,1.72334723e-02,3.10770869e-02,3.63611504e-02,3.75011079e-02,3.87509204e-02,2.11424228e-03,1.72728492e-02,3.07286836e-02,3.59942133e-02,3.71525461e-02,3.73985024e-02
6.72000000e+00,2.23373924e-03,1.68794245e-02,3.04336585e-02,3.56211774e-02,3.67492102e-02,3.79759222e-02,2.07076761e-03,1.69195014e-02,3.01019848e-02,3.52608715e-02,3.63957675e-02,3.66367483e-02
6.74000000e+00,2.18679546e-03,1.65322423e-02,2.98029222e-02,3.48953456e-02,3.60110886e-02,3.72148864e-02,2.02815417e-03,1.65730858e-02,2.94875140e-02,3.45418132e-02,3.56537234e-02,3.58898245e-02
6.76000000e+00,2.14073621e-03,1.61917284e-02,2.91845649e-02,3.41833346e-02,3.52865532e-02,3.64678539e-02,1.98638489e-03,1.62334671e-02,2.88850350e-02,3.38367635e-02,3.49261303e-02,3.51574456e-02
6.78000000e+00,2.09554611e-03,1.58577897e-02,2.85784695e-02,3.34848315e-02,3.45753990e-02,3.57343815e-02,1.94544303e-03,1.59005130e-02,2.82943162e-02,3.31454524e-02,3.42127101e-02,3.44393316e-02
6.80000000e+00,2.05120631e-03,1.55303087e-02,2.79842895e-02,3.27997357e-02,3.38772982e-02,3.50144133e-02,1.90531219e-03,1.55740935e-02,2.77151306e-02,3.24676153e-02,3.35131898e-02,3.37352080e-02
6.82000000e+00,2.00770888e-03,1.52091114e-02,2.74018645e-02,3.21276300e-02,3.31920683e-02,3.43074873e-02,1.86597630e-03,1.52540813e-02,2.71472551e-02,3.18029926e-02,3.28273016e-02,3.30448053e-02
6.84000000e+00,1.96503452e-03,1.48941241e-02,2.68309321e-02,3.14683691e-02,3.25193964e-02,3.36136296e-02,1.82741960e-03,1.49403515e-02,2.65904711e-02,3.11513294e-02,3.21547830e-02,3.23678590e-02
6.86000000e+00,1.92316924e-03,1.45852417e-02,2.62711924e-02,3.08217444e-02,3.18591781e-02,3.29324529e-02,1.78962665e-03,1.46327814e-02,2.60445641e-02,3.05123757e-02,3.14953761e-02,3.17041099e-02
6.88000000e+00,1.88209524e-03,1.42823039e-02,2.57225614e-02,3.01873758e-02,3.12111042e-02,3.22637409e-02,1.75258231e-03,1.43312509e-02,2.55093237e-02,2.98858864e-02,3.08488282e-02,3.10533035e-02
6.90000000e+00,1.84180099e-03,1.39852185e-02,2.51847170e-02,2.95650959e-02,3.05750296e-02,3.16073596e-02,1.71627173e-03,1.40356421e-02,2.49845435e-02,2.92716209e-02,3.02148912e-02,3.04151901e-02
6.92000000e+00,1.80227926e-03,1.36938542e-02,2.46574581e-02,2.89546791e-02,2.99506430e-02,3.09630558e-02,1.68068039e-03,1.37458395e-02,2.44700210e-02,2.86693433e-02,2.95933217e-02,2.97895249e-02
6.94000000e+00,1.76350796e-03,1.34081254e-02,2.41405759e-02,2.83559021e-02,2.93378141e-02,3.03306319e-02,1.64579402e-03,1.34617298e-02,2.39655576e-02,2.80788218e-02,2.89838810e-02,2.91760675e-02
6.96000000e+00,1.72547693e-03,1.31279081e-02,2.36338824e-02,2.77685914e-02,2.87362784e-02,2.97098719e-02,1.61159866e-03,1.31832018e-02,2.34709584e-02,2.74998295e-02,2.83863350e-02,2.85745824e-02
6.98000000e+00,1.68817607e-03,1.28530981e-02,2.31372230e-02,2.71924939e-02,2.81460304e-02,2.91006044e-02,1.57808061e-03,1.29101464e-02,2.29860323e-02,2.69321436e-02,2.78004538e-02,2.79848382e-02
7.00000000e+00,1.65158615e-03,1.25836283e-02,2.26503070e-02,2.66273953e-02,2.75665689e-02,2.85025854e-02,1.54522645e-03,1.26424568e-02,2.25105919e-02,2.63755453e-02,2.72260120e-02,2.74066081e-02
7.02000000e+00,1.61570124e-03,1.23193441e-02,2.21729800e-02,2.60730945e-02,2.69978624e-02,2.79156175e-02,1.51302302e-03,1.23800282e-02,2.20444533e-02,2.58298204e-02,2.66627887e-02,2.68396696e-02
7.04000000e+00,1.58050668e-03,1.20601961e-02,2.17051264e-02,2.55294275e-02,2.64397580e-02,2.73396242e-02,1.48145743e-03,1.21227577e-02,2.15874361e-02,2.52947585e-02,2.61105668e-02,2.62838044e-02
7.06000000e+00,1.54598930e-03,1.18060494e-02,2.12464426e-02,2.49960534e-02,2.58919932e-02,2.67743301e-02,1.45051704e-03,1.18705445e-02,2.11393633e-02,2.47701532e-02,2.55691335e-02,2.57387983e-02
7.08000000e+00,1.51213876e-03,1.15568172e-02,2.07968410e-02,2.44729817e-02,2.53544524e-02,2.62195691e-02,1.42018946e-03,1.16232898e-02,2.07000614e-02,2.42558022e-02,2.50382802e-02,2.52044413e-02
7.10000000e+00,1.47894246e-03,1.13124372e-02,2.03561410e-02,2.39599310e-02,2.48269122e-02,2.56751049e-02,1.39046255e-03,1.13808966e-02,2.02693601e-02,2.37515068e-02,2.45178021e-02,2.46805273e-02
7.12000000e+00,1.44639227e-03,1.10727856e-02,1.99240595e-02,2.34566983e-02,2.43092589e-02,2.51408648e-02,1.36132440e-03,1.11432698e-02,1.98470926e-02,2.32570723e-02,2.40074983e-02,2.41668541e-02
7.14000000e+00,1.41447061e-03,1.08377831e-02,1.95005499e-02,2.29631104e-02,2.38012187e-02,2.46166158e-02,1.33276336e-03,1.09103163e-02,1.94330949e-02,2.27723077e-02,2.35071718e-02,2.36632235e-02
7.16000000e+00,1.38317188e-03,1.06073432e-02,1.90854073e-02,2.24789903e-02,2.33026631e-02,2.41022334e-02,1.30476798e-03,1.06819445e-02,1.90272066e-02,2.22970256e-02,2.30166293e-02,2.31694410e-02
7.18000000e+00,1.35248573e-03,1.03813708e-02,1.86784863e-02,2.20042057e-02,2.28134692e-02,2.35975012e-02,1.27732706e-03,1.04580649e-02,1.86292699e-02,2.18310420e-02,2.25356812e-02,2.26853156e-02
7.20000000e+00,1.32239948e-03,1.01598063e-02,1.82795785e-02,2.15385370e-02,2.23334711e-02,2.31021959e-02,1.25042962e-03,1.02385896e-02,1.82391304e-02,2.13741768e-02,2.20641417e-02,2.22106603e-02
7.22000000e+00,1.29290507e-03,9.94254928e-03,1.78885926e-02,2.10818406e-02,2.18625180e-02,2.26163305e-02,1.22406488e-03,1.00234322e-02,1.78566365e-02,2.09262530e-02,2.16018281e-02,2.17452915e-02
7.24000000e+00,1.26398623e-03,9.72953718e-03,1.75053533e-02,2.06339527e-02,2.14003213e-02,2.21396144e-02,1.19822229e-03,9.81250840e-03,1.74816395e-02,2.04870972e-02,2.11485617e-02,2.12890291e-02
7.26000000e+00,1.23564026e-03,9.52067785e-03,1.71297193e-02,2.01946422e-02,2.09469907e-02,2.16719192e-02,1.17289152e-03,9.60573516e-03,1.71139936e-02,2.00565391e-02,2.07041669e-02,2.08416964e-02
7.28000000e+00,1.20785262e-03,9.31590050e-03,1.67615153e-02,1.97639484e-02,2.05021240e-02,2.12130677e-02,1.14806241e-03,9.40303125e-03,1.67535557e-02,1.96344119e-02,2.02684716e-02,2.04031202e-02
7.30000000e+00,1.18061679e-03,9.11510736e-03,1.64006166e-02,1.93414800e-02,2.00656895e-02,2.07630061e-02,1.12372503e-03,9.20431695e-03,1.64001856e-02,1.92205518e-02,1.98413069e-02,1.99731305e-02
7.32000000e+00,1.15392020e-03,8.91825464e-03,1.60468817e-02,1.89272594e-02,1.96375418e-02,2.03214735e-02,1.09986964e-03,9.00951411e-03,1.60537458e-02,1.88147983e-02,1.94225071e-02,1.95515606e-02
7.34000000e+00,1.12775958e-03,8.72527435e-03,1.57001931e-02,1.85210332e-02,1.92174856e-02,1.98883880e-02,1.07648669e-03,8.81854609e-03,1.57141013e-02,1.84169937e-02,1.90119098e-02,1.91382470e-02
7.36000000e+00,1.10211421e-03,8.53605475e-03,1.53604075e-02,1.81227159e-02,1.88054591e-02,1.94635894e-02,1.05356682e-03,8.63133775e-03,1.53811197e-02,1.80269838e-02,1.86093557e-02,1.87330293e-02
7.38000000e+00,1.07698934e-03,8.35058000e-03,1.50274038e-02,1.77321862e-02,1.84012707e-02,1.90469231e-02,1.03110086e-03,8.44781540e-03,1.50546713e-02,1.76446168e-02,1.82146884e-02,1.83357503e-02
7.40000000e+00,1.05236715e-03,8.16874672e-03,1.47010311e-02,1.73492189e-02,1.80047881e-02,1.86382886e-02,1.00907981e-03,8.26790678e-03,1.47346287e-02,1.72697442e-02,1.78277547e-02,1.79462556e-02
7.42000000e+00,1.02823996e-03,7.99049810e-03,1.43811833e-02,1.69737563e-02,1.76159162e-02,1.82374846e-02,9.87494865e-04,8.09154105e-03,1.44208672e-02,1.69022203e-02,1.74484042e-02,1.75643939e-02
7.44000000e+00,1.00460195e-03,7.81575311e-03,1.40677243e-02,1.66056324e-02,1.72344763e-02,1.78444292e-02,9.66337384e-04,7.91864874e-03,1.41132643e-02,1.65419020e-02,1.70764894e-02,1.71900167e-02
7.46000000e+00,9.81442630e-04,7.64448615e-03,1.37605462e-02,1.62447095e-02,1.68604013e-02,1.74589641e-02,9.45598899e-04,7.74916173e-03,1.38116999e-02,1.61886492e-02,1.67118657e-02,1.68229786e-02
7.48000000e+00,9.58754157e-04,7.47659709e-03,1.34595186e-02,1.58908907e-02,1.64935272e-02,1.70809515e-02,9.25271110e-04,7.58301323e-03,1.35160563e-02,1.58423242e-02,1.63543912e-02,1.64631366e-02
7.50000000e+00,9.36527678e-04,7.31204031e-03,1.31645547e-02,1.55440290e-02,1.61337182e-02,1.67103373e-02,9.05345883e-04,7.42013774e-03,1.32262179e-02,1.55027923e-02,1.60039268e-02,1.61103508e-02
7.52000000e+00,9.14758013e-04,7.15076132e-03,1.28755243e-02,1.52039910e-02,1.57808866e-02,1.63468979e-02,8.85815243e-04,7.26047106e-03,1.29420715e-02,1.51699211e-02,1.56603360e-02,1.57644839e-02
7.54000000e+00,8.93433928e-04,6.99269166e-03,1.25923092e-02,1.48706697e-02,1.54348509e-02,1.59905478e-02,8.66671374e-04,7.10395021e-03,1.26635060e-02,1.48435809e-02,1.53234850e-02,1.54254010e-02
7.56000000e+00,8.72549368e-04,6.83777127e-03,1.23148281e-02,1.45439198e-02,1.50956037e-02,1.56411678e-02,8.47906616e-04,6.95051346e-03,1.23904125e-02,1.45236444e-02,1.49932425e-02,1.50929701e-02
7.58000000e+00,8.52096302e-04,6.68595824e-03,1.20429220e-02,1.42236715e-02,1.47629408e-02,1.52986264e-02,8.29513458e-04,6.80010028e-03,1.21226842e-02,1.42099868e-02,1.46694797e-02,1.47670616e-02
7.60000000e+00,8.32070247e-04,6.53718505e-03,1.17765544e-02,1.39098251e-02,1.44367944e-02,1.49628231e-02,8.11484542e-04,6.65265132e-03,1.18602163e-02,1.39024858e-02,1.43520705e-02,1.44475484e-02
7.62000000e+00,8.12457409e-04,6.39140513e-03,1.15156053e-02,1.36021832e-02,1.41170062e-02,1.46336434e-02,7.93812652e-04,6.50810836e-03,1.16029060e-02,1.36010213e-02,1.40408909e-02,1.41343059e-02
7.64000000e+00,7.93253945e-04,6.24855421e-03,1.12599330e-02,1.33006740e-02,1.38035072e-02,1.43109215e-02,7.76490718e-04,6.36641436e-03,1.13506526e-02,1.33054755e-02,1.37358196e-02,1.38272118e-02
7.66000000e+00,7.74454908e-04,6.10858761e-03,1.10094976e-02,1.30052334e-02,1.34961633e-02,1.39945690e-02,7.59511806e-04,6.22751337e-03,1.11033573e-02,1.30157331e-02,1.34367374e-02,1.35261463e-02
7.68000000e+00,7.56051682e-04,5.97145734e-03,1.07641546e-02,1.27156833e-02,1.31949149e-02,1.36845000e-02,7.42869124e-04,6.09135052e-03,1.08609232e-02,1.27316808e-02,1.31435275e-02,1.32309918e-02
7.70000000e+00,7.38035014e-04,5.83709357e-03,1.05238268e-02,1.24319680e-02,1.28995953e-02,1.33806085e-02,7.26556012e-04,5.95787204e-03,1.06232552e-02,1.24532075e-02,1.28560753e-02,1.29416330e-02
7.72000000e+00,7.20403041e-04,5.70547581e-03,1.02884481e-02,1.21539747e-02,1.26101431e-02,1.30827380e-02,7.10565943e-04,5.82702519e-03,1.03902602e-02,1.21802044e-02,1.25742686e-02,1.26579568e-02
7.74000000e+00,7.03145401e-04,5.57653792e-03,1.00579122e-02,1.18816085e-02,1.23264436e-02,1.27908159e-02,6.94892518e-04,5.69875825e-03,1.01618469e-02,1.19125647e-02,1.22979970e-02,1.23798523e-02
7.76000000e+00,6.86254061e-04,5.45021612e-03,9.83209070e-03,1.16147259e-02,1.20483954e-02,1.25047145e-02,6.79529466e-04,5.57302054e-03,9.93792551e-03,1.16501836e-02,1.20271527e-02,1.21072108e-02
7.78000000e+00,6.69725647e-04,5.32651646e-03,9.61097330e-03,1.13532795e-02,1.17758904e-02,1.22243250e-02,6.64470640e-04,5.44976235e-03,9.71840828e-03,1.13929584e-02,1.17616296e-02,1.18399256e-02
7.80000000e+00,6.53553579e-04,5.20533603e-03,9.39442124e-03,1.10971527e-02,1.15088532e-02,1.19495858e-02,6.49710015e-04,5.32893493e-03,9.50320901e-03,1.11407884e-02,1.15013238e-02,1.15778921e-02
7.82000000e+00,6.37730642e-04,5.08666085e-03,9.18236747e-03,1.08462712e-02,1.12471832e-02,1.16803627e-02,6.35241685e-04,5.21049052e-03,9.29224321e-03,1.08935749e-02,1.12461333e-02,1.13210078e-02
7.84000000e+00,6.22251129e-04,4.97043272e-03,8.97470303e-03,1.06004914e-02,1.09907612e-02,1.14165414e-02,6.21059860e-04,5.09438226e-03,9.08542802e-03,1.06512209e-02,1.09959584e-02,1.10691720e-02
7.86000000e+00,6.07108464e-04,4.85661486e-03,8.77138972e-03,1.03597762e-02,1.07395556e-02,1.11580612e-02,6.07158867e-04,4.98056422e-03,8.88268218e-03,1.04136316e-02,1.07507008e-02,1.08222861e-02
7.88000000e+00,5.92295313e-04,4.74517047e-03,8.57233722e-03,1.01239951e-02,1.04934061e-02,1.09047834e-02,5.93533144e-04,4.86899137e-03,8.68392603e-03,1.01807136e-02,1.05102646e-02,1.05802533e-02
7.90000000e+00,5.77807252e-04,4.63604229e-03,8.37744493e-03,9.89308674e-03,1.02522271e-02,1.06566548e-02,5.80177239e-04,4.75961954e-03,8.48908143e-03,9.95237577e-03,1.02745555e-02,1.03429789e-02
7.92000000e+00,5.63639740e-04,4.52919956e-03,8.18666816e-03,9.66695044e-03,1.00159571e-02,1.04135135e-02,5.67085809e-04,4.65240545e-03,8.29807177e-03,9.72852842e-03,1.00434811e-02,1.01103697e-02
7.94000000e+00,5.49784920e-04,4.42459900e-03,7.99989235e-03,9.44547914e-03,9.78449825e-03,1.01753408e-02,5.54253616e-04,4.54730666e-03,8.11082194e-03,9.50908374e-03,9.81695071e-03,9.88233461e-03
7.96000000e+00,5.36237552e-04,4.32220194e-03,7.81707931e-03,9.22864582e-03,9.55777708e-03,9.94199421e-03,5.41675526e-04,4.44428155e-03,7.92725826e-03,9.29395558e-03,9.59487546e-03,9.65878409e-03
7.98000000e+00,5.22991002e-04,4.22196370e-03,7.63812754e-03,9.01627541e-03,9.33568925e-03,9.71341133e-03,5.29346506e-04,4.34328933e-03,7.74730850e-03,9.08305949e-03,9.37716821e-03,9.43963042e-03
8.00000000e+00,5.10040554e-04,4.12384328e-03,7.46298023e-03,8.80837068e-03,9.11816396e-03,9.48945433e-03,5.17261624e-04,4.24428999e-03,7.57090185e-03,8.87631263e-03,9.16374349e-03,9.22478759e-03
8.02000000e+00,4.97382309e-04,4.02780948e-03,7.29157496e-03,8.60480964e-03,8.90508108e-03,9.27007664e-03,5.05416045e-04,4.14724432e-03,7.39796884e-03,8.67363377e-03,8.95451750e-03,9.01417124e-03
8.04000000e+00,4.85007709e-04,3.93382460e-03,7.12383352e-03,8.40553083e-03,8.69640708e-03,9.05519444e-03,4.93805030e-04,4.05211387e-03,7.22844138e-03,8.47494326e-03,8.74940804e-03,8.80769863e-03
8.06000000e+00,4.72914835e-04,3.84185137e-03,6.95968326e-03,8.21042899e-03,8.49203859e-03,8.84470996e-03,4.82423934e-04,3.95886094e-03,7.06225269e-03,8.28016302e-03,8.54833452e-03,8.60528867e-03
8.08000000e+00,4.61095740e-04,3.75184231e-03,6.79904921e-03,8.01942404e-03,8.29190295e-03,8.63852073e-03,4.71268204e-04,3.86744858e-03,6.89933730e-03,8.08921644e-03,8.35121793e-03,8.40686179e-03
8.10000000e+00,4.49546322e-04,3.66377039e-03,6.64187875e-03,7.83245917e-03,8.09589028e-03,8.43652617e-03,4.60333376e-04,3.77784055e-03,6.73963100e-03,7.90202844e-03,8.15798077e-03,8.21234001e-03
8.12000000e+00,4.38260729e-04,3.57760419e-03,6.48810016e-03,7.64943007e-03,7.90393539e-03,8.23870488e-03,4.49615076e-04,3.69000134e-03,6.58307085e-03,7.71852537e-03,7.96854706e-03,8.02164684e-03
8.14000000e+00,4.27234394e-04,3.49328457e-03,6.33763988e-03,7.47030787e-03,7.71599356e-03,8.04492552e-03,4.39109016e-04,3.60389610e-03,6.42959512e-03,7.53863503e-03,7.78284228e-03,7.83470727e-03
8.16000000e+00,4.16463648e-04,3.41081107e-03,6.19044527e-03,7.29496218e-03,7.53193581e-03,7.85509497e-03,4.28810993e-04,3.51949071e-03,6.27914329e-03,7.36228661e-03,7.60079337e-03,7.65144777e-03
8.18000000e+00,4.05941915e-04,3.33012198e-03,6.04645535e-03,7.12335110e-03,7.35172164e-03,7.66917411e-03,4.18716887e-04,3.43675168e-03,6.13165601e-03,7.18941069e-03,7.42232869e-03,7.47179623e-03
8.20000000e+00,3.95663053e-04,3.25120008e-03,5.90558397e-03,6.95538707e-03,7.17525790e-03,7.48706050e-03,4.08822659e-04,3.35564619e-03,5.98707510e-03,7.01993919e-03,7.24737799e-03,7.29568193e-03
8.22000000e+00,3.85624211e-04,3.17399646e-03,5.76778781e-03,6.79099420e-03,7.00246822e-03,7.30867311e-03,3.99124353e-04,3.27614208e-03,5.84534350e-03,6.85380535e-03,7.07587239e-03,7.12303553e-03
8.24000000e+00,3.75821401e-04,3.09848762e-03,5.63300634e-03,6.63011102e-03,6.83329673e-03,7.13392626e-03,3.89618088e-04,3.19820779e-03,5.70640527e-03,6.69094373e-03,6.90774434e-03,6.95378906e-03
8.26000000e+00,3.66247608e-04,3.02462908e-03,5.50117204e-03,6.47266489e-03,6.66765822e-03,6.96277339e-03,3.80300060e-04,3.12181240e-03,5.57020557e-03,6.53129014e-03,6.74292761e-03,6.78787583e-03
8.28000000e+00,3.56898905e-04,2.95240642e-03,5.37221599e-03,6.31856080e-03,6.50546094e-03,6.79511111e-03,3.71166543e-04,3.04692559e-03,5.43669061e-03,6.37478165e-03,6.58135725e-03,6.62523050e-03
8.30000000e+00,3.47772293e-04,2.88177445e-03,5.24609722e-03,6.16775174e-03,6.34666439e-03,6.63084723e-03,3.62213883e-04,2.97351765e-03,5.30580767e-03,6.22135657e-03,6.42296961e-03,6.46578895e-03
8.32000000e+00,3.38860991e-04,2.81269662e-03,5.12273191e-03,6.02015527e-03,6.19118894e-03,6.46995567e-03,3.53438498e-04,2.90155942e-03,5.17750504e-03,6.07095437e-03,6.26770223e-03,6.30948835e-03
8.34000000e+00,3.30161012e-04,2.74515222e-03,5.00207674e-03,5.87570295e-03,6.03894051e-03,6.31233584e-03,3.44836877e-04,2.83102234e-03,5.05173204e-03,5.92351575e-03,6.11549390e-03,6.15626706e-03
8.36000000e+00,3.21668747e-04,2.67909956e-03,4.88406327e-03,5.73434867e-03,5.88988326e-03,6.15792768e-03,3.36405580e-04,2.76187840e-03,4.92843895e-03,5.77898254e-03,5.96628458e-03,6.00606468e-03
8.38000000e+00,3.13379336e-04,2.61451607e-03,4.76864493e-03,5.59598068e-03,5.74392965e-03,6.00665202e-03,3.28141234e-04,2.69410015e-03,4.80757705e-03,5.63729769e-03,5.82001543e-03,5.85882194e-03
8.40000000e+00,3.05288442e-04,2.55136308e-03,4.65574581e-03,5.46056358e-03,5.60102379e-03,5.85841108e-03,3.20040533e-04,2.62766067e-03,4.68909856e-03,5.49840529e-03,5.67662872e-03,5.71448076e-03
8.42000000e+00,2.97391962e-04,2.48960988e-03,4.54531098e-03,5.32801030e-03,5.46108466e-03,5.71318017e-03,3.12100237e-04,2.56253356e-03,4.57295663e-03,5.36225052e-03,5.53606788e-03,5.57298419e-03
8.44000000e+00,2.89684540e-04,2.42922269e-03,4.43729898e-03,5.19827660e-03,5.32405823e-03,5.57087734e-03,3.04317168e-04,2.49869296e-03,4.45910533e-03,5.22877959e-03,5.39827741e-03,5.43427636e-03
8.46000000e+00,2.82163965e-04,2.37017800e-03,4.33162926e-03,5.07127261e-03,5.18987095e-03,5.43142762e-03,2.96688214e-04,2.43611350e-03,4.34749963e-03,5.09793982e-03,5.26320293e-03,5.29830253e-03
8.48000000e+00,2.74823949e-04,2.31243949e-03,4.22826596e-03,4.94693266e-03,5.05845062e-03,5.29476628e-03,2.89210322e-04,2.37477031e-03,4.23809538e-03,4.96967950e-03,5.13079108e-03,5.16500901e-03
8.50000000e+00,2.67661817e-04,2.25597410e-03,4.12712852e-03,4.82519437e-03,4.92975162e-03,5.16082579e-03,2.81880502e-04,2.31463903e-03,4.13084928e-03,4.84394797e-03,5.00098958e-03,5.03434314e-03
8.52000000e+00,2.60672939e-04,2.20075529e-03,4.02817689e-03,4.70601255e-03,4.80367942e-03,5.02955774e-03,2.74695821e-04,2.25569574e-03,4.02571889e-03,4.72069553e-03,4.87374713e-03,4.90625331e-03
8.54000000e+00,2.53853243e-04,2.14675395e-03,3.93134169e-03,4.58928617e-03,4.68021398e-03,4.90088575e-03,2.67653406e-04,2.19791704e-03,3.92266261e-03,4.59987349e-03,4.74901348e-03,4.78068892e-03
8.56000000e+00,2.47199205e-04,2.09392887e-03,3.83658241e-03,4.47498308e-03,4.55927709e-03,4.77474974e-03,2.60750438e-04,2.14127994e-03,3.82163963e-03,4.48143406e-03,4.62673932e-03,4.65760035e-03
8.58000000e+00,2.40705616e-04,2.04226468e-03,3.74381244e-03,4.36301762e-03,4.44079377e-03,4.65110363e-03,2.53984157e-04,2.08576193e-03,3.72260995e-03,4.36533042e-03,4.50687631e-03,4.53693894e-03
8.60000000e+00,2.34369858e-04,1.99171435e-03,3.65300197e-03,4.25334042e-03,4.32472350e-03,4.52986686e-03,2.47351857e-04,2.03134094e-03,3.62553435e-03,4.25151665e-03,4.38937708e-03,4.41865700e-03
8.62000000e+00,2.28187797e-04,1.94225973e-03,3.56407976e-03,4.14587278e-03,4.21098992e-03,4.41098865e-03,2.40850883e-04,1.97799532e-03,3.53037439e-03,4.13994775e-03,4.27419516e-03,4.30270774e-03
8.64000000e+00,2.22154587e-04,1.89386157e-03,3.47699714e-03,4.04056581e-03,4.09955578e-03,4.29442944e-03,2.34478636e-04,1.92570388e-03,3.43709237e-03,4.03057956e-03,4.16128499e-03,4.18904533e-03
8.66000000e+00,2.16267304e-04,1.84649497e-03,3.39169265e-03,3.93735617e-03,3.99033912e-03,4.18010913e-03,2.28232567e-04,1.87444580e-03,3.34565132e-03,3.92336881e-03,4.05060191e-03,4.07762480e-03
8.68000000e+00,2.10522179e-04,1.80012605e-03,3.30810086e-03,3.83618171e-03,3.88330640e-03,4.06798441e-03,2.22110177e-04,1.82420070e-03,3.25601502e-03,3.81827308e-03,3.94210213e-03,3.96840207e-03
8.70000000e+00,2.04915414e-04,1.75472570e-03,3.22617101e-03,3.73696536e-03,3.77839664e-03,3.95800080e-03,2.16109017e-04,1.77494860e-03,3.16814793e-03,3.71525076e-03,3.83574271e-03,3.86133392e-03
8.72000000e+00,1.99442569e-04,1.71026622e-03,3.14585632e-03,3.63968173e-03,3.67556070e-03,3.85012571e-03,2.10226686e-04,1.72666990e-03,3.08201524e-03,3.61426108e-03,3.73148157e-03,3.75637798e-03
8.74000000e+00,1.94100721e-04,1.66670617e-03,3.06708575e-03,3.54424771e-03,3.57473781e-03,3.74428392e-03,2.04460832e-04,1.67934539e-03,2.99758279e-03,3.51526403e-03,3.62927743e-03,3.65349271e-03
8.76000000e+00,1.88886232e-04,1.62402866e-03,2.98980880e-03,3.45061673e-03,3.47587815e-03,3.64043168e-03,1.98809147e-04,1.63295625e-03,2.91481710e-03,3.41822043e-03,3.52908982e-03,3.55263737e-03
8.78000000e+00,1.83794502e-04,1.58219121e-03,2.91397190e-03,3.35872243e-03,3.37894494e-03,3.53854336e-03,1.93269372e-04,1.58748401e-03,2.83368535e-03,3.32309183e-03,3.43087907e-03,3.45377203e-03
8.80000000e+00,1.78822826e-04,1.54117122e-03,2.83951638e-03,3.26851266e-03,3.28387739e-03,3.43855238e-03,1.87839291e-04,1.54291058e-03,2.75415538e-03,3.22984054e-03,3.33460629e-03,3.35685754e-03
8.82000000e+00,1.73967506e-04,1.50093855e-03,2.76638614e-03,3.17994691e-03,3.19063361e-03,3.34043126e-03,1.82516730e-04,1.49921822e-03,2.67619562e-03,3.13842963e-03,3.24023335e-03,3.26185551e-03
8.84000000e+00,1.69224688e-04,1.46145571e-03,2.69452459e-03,3.09295626e-03,3.09917028e-03,3.24412575e-03,1.77299562e-04,1.45638953e-03,2.59977515e-03,3.04882286e-03,3.14772285e-03,3.16872831e-03
8.86000000e+00,1.64591067e-04,1.42269745e-03,2.62388284e-03,3.00749089e-03,3.00943851e-03,3.14960117e-03,1.72185699e-04,1.41440748e-03,2.52486364e-03,2.96098473e-03,3.05703814e-03,3.07743903e-03
8.88000000e+00,1.60063093e-04,1.38463278e-03,2.55441130e-03,2.92350957e-03,2.92140269e-03,3.05683049e-03,1.67173096e-04,1.37325535e-03,2.45143138e-03,2.87488042e-03,2.96814329e-03,2.98795151e-03
8.90000000e+00,1.55636968e-04,1.34723471e-03,2.48604966e-03,2.84096436e-03,2.83502718e-03,2.96575273e-03,1.62259748e-04,1.33291674e-03,2.37944922e-03,2.79047578e-03,2.88100305e-03,2.90023028e-03
8.92000000e+00,1.51310000e-04,1.31047156e-03,2.41874950e-03,2.75980495e-03,2.75026611e-03,2.87636649e-03,1.57443688e-04,1.29337562e-03,2.30888859e-03,2.70773737e-03,2.79558290e-03,2.81424056e-03
8.94000000e+00,1.47078244e-04,1.27431424e-03,2.35245656e-03,2.67998991e-03,2.66708084e-03,2.78861052e-03,1.52722992e-04,1.25461622e-03,2.23972146e-03,2.62663235e-03,2.71184895e-03,2.72994826e-03
8.96000000e+00,1.42938370e-04,1.23873632e-03,2.28713173e-03,2.60146847e-03,2.58544390e-03,2.70247017e-03,1.48095770e-04,1.21662311e-03,2.17192040e-03,2.54712857e-03,2.62976801e-03,2.64731997e-03
8.98000000e+00,1.38887219e-04,1.20370719e-03,2.22272542e-03,2.52421550e-03,2.50532245e-03,2.61791190e-03,1.43560172e-04,1.17938117e-03,2.10545846e-03,2.46919450e-03,2.54930753e-03,2.56632292e-03
9.00000000e+00,1.34921414e-04,1.16920692e-03,2.15918920e-03,2.44818884e-03,2.42667901e-03,2.53490964e-03,1.39114382e-04,1.14287556e-03,2.04030926e-03,2.39279920e-03,2.47043559e-03,2.48692497e-03
9.02000000e+00,1.31037727e-04,1.13520073e-03,2.09648535e-03,2.37334659e-03,2.34948448e-03,2.45343475e-03,1.34756624e-04,1.10709174e-03,1.97644692e-03,2.31791238e-03,2.39312091e-03,2.40909464e-03
9.04000000e+00,1.27233056e-04,1.10166962e-03,2.03456846e-03,2.29966850e-03,2.27371999e-03,2.37347139e-03,1.30485154e-04,1.07201546e-03,1.91384608e-03,2.24450431e-03,2.31733280e-03,2.33280105e-03
9.06000000e+00,1.23504113e-04,1.06858776e-03,1.97341223e-03,2.22712080e-03,2.19935365e-03,2.29499117e-03,1.26298263e-04,1.03763274e-03,1.85248186e-03,2.17254586e-03,2.24304121e-03,2.25801393e-03
9.08000000e+00,1.19847988e-04,1.03593117e-03,1.91296858e-03,2.15566996e-03,2.12636311e-03,2.21797591e-03,1.22194277e-04,1.00392989e-03,1.79232989e-03,2.10200846e-03,2.17021664e-03,2.18470360e-03
9.10000000e+00,1.16261734e-04,1.00368168e-03,1.85321830e-03,2.08530296e-03,2.05473346e-03,2.14240700e-03,1.18171553e-04,9.70893477e-04,1.73336626e-03,2.03286412e-03,2.09883020e-03,2.11284096e-03
9.12000000e+00,1.12742018e-04,9.71815898e-04,1.79412740e-03,2.01599160e-03,1.98443211e-03,2.06826814e-03,1.14228484e-04,9.38510341e-04,1.67556754e-03,1.96508539e-03,2.02885354e-03,2.04239749e-03
9.14000000e+00,1.09286659e-04,9.40320548e-04,1.73567573e-03,1.94772612e-03,1.91544404e-03,1.99554348e-03,1.10363491e-04,9.06767579e-04,1.61891076e-03,1.89864534e-03,1.96025889e-03,1.97334522e-03
9.16000000e+00,1.05892643e-04,9.09178809e-04,1.67784106e-03,1.88048417e-03,1.84776145e-03,1.92422874e-03,1.06575028e-04,8.75652540e-04,1.56337340e-03,1.83351760e-03,1.89301901e-03,1.90565674e-03
9.18000000e+00,1.02557184e-04,8.78374616e-04,1.62060955e-03,1.81426026e-03,1.78136269e-03,1.85429829e-03,1.02861581e-04,8.45152825e-04,1.50893339e-03,1.76967629e-03,1.82710719e-03,1.83930518e-03
9.20000000e+00,9.92778150e-05,8.47895746e-04,1.56396767e-03,1.74904009e-03,1.71623565e-03,1.78574421e-03,9.92216635e-05,8.15256279e-04,1.45556907e-03,1.70709607e-03,1.76249727e-03,1.77426417e-03
9.22000000e+00,9.60524558e-05,8.17739463e-04,1.50791206e-03,1.68482005e-03,1.65236578e-03,1.71856233e-03,9.56538199e-05,7.85950985e-04,1.40325923e-03,1.64575206e-03,1.69916358e-03,1.71050789e-03
9.24000000e+00,9.28788140e-05,7.87890458e-04,1.45243807e-03,1.62159814e-03,1.58974377e-03,1.65274099e-03,9.21566230e-05,7.57225263e-04,1.35198308e-03,1.58561990e-03,1.63708096e-03,1.64801101e-03
9.26000000e+00,8.97544523e-05,7.58353097e-04,1.39755162e-03,1.55937613e-03,1.52836065e-03,1.58827007e-03,8.87286740e-05,7.29067663e-04,1.30172021e-03,1.52667569e-03,1.57622475e-03,1.58674871e-03
9.28000000e+00,8.66779083e-05,7.29121559e-04,1.34325761e-03,1.49815204e-03,1.46821141e-03,1.52515003e-03,8.53686016e-05,7.01466960e-04,1.25245065e-03,1.46889600e-03,1.51657077e-03,1.52669664e-03
9.30000000e+00,8.36474355e-05,7.00200326e-04,1.28956791e-03,1.43793307e-03,1.40928547e-03,1.46337051e-03,8.20750618e-05,6.74412150e-04,1.20415478e-03,1.41225788e-03,1.45809531e-03,1.46783095e-03
9.32000000e+00,8.06615062e-05,6.71594520e-04,1.23649964e-03,1.37872575e-03,1.35157548e-03,1.40293175e-03,7.88467373e-05,6.47892448e-04,1.15681340e-03,1.35673881e-03,1.40077513e-03,1.41012823e-03
9.34000000e+00,7.77186142e-05,6.43308857e-04,1.18407269e-03,1.32053823e-03,1.29508064e-03,1.34382141e-03,7.56823367e-05,6.21897279e-04,1.11040768e-03,1.30231672e-03,1.34458746e-03,1.35356556e-03
9.36000000e+00,7.48180755e-05,6.15359575e-04,1.13231374e-03,1.26338610e-03,1.23979512e-03,1.28604798e-03,7.25805942e-05,5.96416280e-04,1.06491915e-03,1.24896998e-03,1.28950995e-03,1.29812045e-03
9.38000000e+00,7.19586969e-05,5.87756047e-04,1.08125515e-03,1.20727462e-03,1.18571136e-03,1.22960040e-03,6.95402692e-05,5.71439288e-04,1.02032972e-03,1.19667737e-03,1.23552072e-03,1.24377087e-03
9.40000000e+00,6.91401947e-05,5.60517830e-04,1.03092357e-03,1.15222239e-03,1.13283121e-03,1.17448077e-03,6.65601455e-05,5.46956346e-04,9.76621626e-04,1.14541810e-03,1.18259829e-03,1.19049520e-03
9.42000000e+00,6.63620522e-05,5.33664774e-04,9.81358462e-04,1.09824259e-03,1.08115305e-03,1.12068991e-03,6.36390311e-05,5.22957687e-04,9.33777489e-04,1.09517179e-03,1.13072162e-03,1.13827226e-03
9.44000000e+00,6.36238401e-05,5.07218414e-04,9.32598079e-04,1.04535220e-03,1.03067677e-03,1.06822606e-03,6.07757576e-05,4.99433743e-04,8.91780254e-04,1.04591844e-03,1.07987009e-03,1.08708128e-03
9.46000000e+00,6.09259951e-05,4.81205352e-04,8.84687295e-04,9.93574271e-04,9.81400488e-04,1.01708388e-03,5.79691796e-05,4.76375131e-04,8.50613203e-04,9.97638478e-04,1.03002347e-03,1.03690192e-03
9.48000000e+00,5.82685934e-05,4.55650414e-04,8.37664236e-04,9.42921964e-04,9.33326781e-04,9.67268541e-04,5.52181745e-05,4.53772653e-04,8.10259949e-04,9.50312689e-04,9.81161941e-04,9.87714203e-04
9.50000000e+00,5.56519553e-05,4.30585613e-04,7.91582395e-04,8.93415185e-04,8.86454887e-04,9.18776263e-04,5.25216419e-05,4.31617295e-04,7.70704427e-04,9.03922247e-04,9.33266057e-04,9.39498573e-04
9.52000000e+00,5.30767829e-05,4.06040694e-04,7.46484846e-04,8.45079892e-04,8.40789580e-04,8.71611352e-04,4.98785033e-05,4.09900219e-04,7.31930889e-04,8.58448695e-04,8.86316770e-04,8.92235848e-04
9.54000000e+00,5.05433491e-05,3.82048631e-04,7.02419551e-04,7.97933142e-04,7.96334352e-04,8.25766590e-04,4.72877013e-05,3.88612761e-04,6.93923896e-04,8.13873938e-04,8.40295400e-04,8.45907226e-04
9.56000000e+00,4.80521812e-05,3.58642777e-04,6.59438141e-04,7.52001011e-04,7.53086177e-04,7.81236566e-04,4.47481997e-05,3.67746430e-04,6.56668315e-04,7.70180239e-04,7.95183636e-04,8.00494274e-04
9.58000000e+00,4.56039234e-05,3.35858611e-04,6.17593003e-04,7.07307830e-04,7.11055356e-04,7.38023024e-04,4.22589827e-05,3.47292901e-04,6.20149308e-04,7.27350209e-04,7.50963528e-04,7.55978921e-04
9.60000000e+00,4.31987937e-05,3.13729222e-04,5.76932856e-04,6.63877174e-04,6.70236826e-04,6.96112285e-04,3.98190546e-05,3.27244014e-04,5.84352332e-04,6.85366800e-04,7.07617479e-04,7.12343453e-04
9.62000000e+00,4.08366614e-05,2.92288634e-04,5.37509855e-04,6.21733197e-04,6.30635826e-04,6.55494863e-04,3.74274393e-05,3.07591770e-04,5.49263129e-04,6.44213303e-04,6.65128236e-04,6.69570505e-04
9.64000000e+00,3.85172680e-05,2.71570578e-04,4.99374757e-04,5.80900756e-04,5.92247350e-04,6.16157544e-04,3.50831804e-05,2.88328327e-04,5.14867723e-04,6.03873335e-04,6.23478889e-04,6.27643052e-04
9.66000000e+00,3.62394676e-05,2.51603808e-04,4.62577853e-04,5.41401736e-04,5.55064820e-04,5.78075065e-04,3.27853401e-05,2.69446000e-04,4.81152413e-04,5.64330836e-04,5.82652859e-04,5.86544406e-04
9.68000000e+00,3.40015504e-05,2.32416030e-04,4.27163497e-04,5.03254938e-04,5.19077468e-04,5.41221059e-04,3.05329992e-05,2.50937253e-04,4.48103767e-04,5.25570063e-04,5.42633894e-04,5.46258205e-04
9.70000000e+00,3.18008642e-05,2.14028812e-04,3.93172581e-04,4.66471858e-04,4.84259886e-04,5.05555712e-04,2.83252568e-05,2.32794700e-04,4.15708619e-04,4.87575583e-04,5.03406061e-04,5.06768413e-04
9.72000000e+00,2.96335220e-05,1.96456880e-04,3.60639271e-04,4.31056484e-04,4.50583786e-04,4.71029343e-04,2.61612299e-05,2.15011102e-04,3.83954061e-04,4.50332266e-04,4.64953742e-04,4.68059306e-04
9.74000000e+00,2.74942267e-05,1.79706491e-04,3.29586241e-04,3.96999152e-04,4.17997944e-04,4.37575829e-04,2.40400528e-05,1.97579362e-04,3.52827441e-04,4.13825282e-04,4.27261625e-04,4.30115473e-04
9.76000000e+00,2.53762573e-05,1.63772944e-04,3.00019572e-04,3.64271458e-04,3.86433763e-04,4.05110040e-04,2.19608771e-05,1.80492522e-04,3.22316356e-04,3.78040091e-04,3.90314703e-04,3.92921802e-04
9.78000000e+00,2.32706698e-05,1.48633670e-04,2.71925383e-04,3.32819996e-04,3.55795812e-04,3.73524963e-04,1.99228711e-05,1.63743762e-04,2.92408646e-04,3.42962440e-04,3.54098260e-04,3.56463484e-04
9.80000000e+00,2.11666757e-05,1.34251663e-04,2.45261937e-04,3.02558998e-04,3.25947185e-04,3.42678861e-04,1.79252196e-05,1.47326399e-04,2.63092394e-04,3.08578357e-04,3.18597874e-04,3.20725998e-04
9.82000000e+00,1.90508526e-05,1.20560209e-04,2.19950147e-04,2.73352809e-04,2.96702725e-04,3.12390184e-04,1.59671235e-05,1.31233879e-04,2.34355913e-04,2.74874146e-04,2.83799403e-04,2.85695110e-04
9.84000000e+00,1.69080377e-05,1.07462613e-04,1.95858243e-04,2.45000352e-04,2.67800206e-04,2.82424298e-04,1.40477997e-05,1.15459778e-04,2.06187752e-04,2.41836379e-04,2.49688987e-04,2.51356866e-04
9.86000000e+00,1.47217925e-05,9.48144298e-05,1.72783490e-04,2.17205088e-04,2.38871595e-04,2.52468861e-04,1.21664804e-05,9.99978006e-05,1.78576681e-04,2.09451895e-04,2.16253039e-04,2.17697589e-04
9.88000000e+00,1.24780527e-05,8.24050439e-05,1.50425025e-04,1.89534388e-04,2.09394071e-04,2.22119430e-04,1.03224130e-05,8.48417739e-05,1.51511695e-04,1.77707791e-04,1.83478237e-04,1.84703869e-04
9.90000000e+00,1.01724872e-05,6.99179145e-05,1.28319531e-04,1.61333097e-04,1.78597664e-04,1.90862673e-04,8.51486003e-06,6.99856478e-05,1.24982003e-04,1.46591418e-04,1.51351524e-04,1.52362562e-04
9.92000000e+00,7.83080395e-06,5.68770774e-05,1.05770014e-04,1.31638692e-04,1.45383310e-04,1.58119859e-04,6.74309838e-06,5.54234913e-05,9.89770301e-05,1.16090377e-04,1.19860099e-04,1.20660782e-04
9.94000000e+00,5.55040970e-06,4.25823491e-05,8.17500404e-05,9.91403358e-05,1.08311120e-04,1.23506936e-04,5.00641937e-06,4.11494911e-05,7.34864068e-05,8.61925122e-05,8.89914140e-05,8.95858967e-05
9.96000000e+00,3.49959851e-06,2.64016835e-05,5.53138379e-05,6.31406947e-05,6.67027780e-05,8.75472906e-05,3.30412833e-06,2.71579481e-05,4.84999700e-05,5.68859099e-05,5.87331686e-05,5.91255238e-05
9.98000000e+00,3.06287347e-07,1.05438821e-05,2.75488983e-05,1.98371090e-05,2.68663680e-05,2.19529666e-05,1.63554435e-06,1.34432764e-05,2.40077566e-05,2.81588891e-05,2.90733042e-05,2.92675247e-05
1.00000000e+01,2.36773703e-15,1.28705111e-15,7.74927521e-16,8.43138766e-16,9.14258882e-16,1.98044011e-15,0.00000000e+00,0.00000000e+00,0.00000000e+00,0.00000000e+00,0.00000000e+00,0.00000000e+00
