D,NN_E_z1.93,Num_E_z1.93,NN_E_z3.87,Num_E_z3.87,NN_E_z5.80,Num_E_z5.80,NN_E_z7.74,Num_E_z7.74,NN_E_z9.67,Num_E_z9.67
2.00000000e-02,3.16753340e+00,4.28909755e+00,2.27078342e+01,1.89140711e+01,7.47203293e+01,6.16459724e+01,1.80241013e+02,1.65992543e+02,3.43103027e+02,3.49107936e+02
4.00000000e-02,3.54593921e+00,4.23388649e+00,2.23882122e+01,1.84880769e+01,6.65614624e+01,5.84286961e+01,1.48711823e+02,1.44563936e+02,2.56969116e+02,2.59875258e+02
6.00000000e-02,3.67953062e+00,4.17872792e+00,2.12505226e+01,1.80640496e+01,5.97458267e+01,5.53097364e+01,1.26684845e+02,1.26429940e+02,2.04598709e+02,2.03929211e+02
8.00000000e-02,3.72221684e+00,4.12364788e+00,2.01453171e+01,1.76429298e+01,5.44287872e+01,5.23246653e+01,1.10577019e+02,1.11500338e+02,1.69343536e+02,1.66848107e+02
1.00000000e-01,3.72696018e+00,4.06867218e+00,1.91776886e+01,1.72256090e+01,5.01562042e+01,4.94970647e+01,9.81870193e+01,9.92543670e+01,1.43915710e+02,1.40696673e+02
1.20000000e-01,3.71540570e+00,4.01382632e+00,1.83365135e+01,1.68129173e+01,4.66101341e+01,4.68393809e+01,8.82926254e+01,8.91399611e+01,1.24683907e+02,1.21321220e+02
1.40000000e-01,3.69687867e+00,3.95913544e+00,1.75946770e+01,1.64056127e+01,4.35895424e+01,4.43550988e+01,8.01683350e+01,8.06964267e+01,1.09623520e+02,1.06409041e+02
1.60000000e-01,3.67528629e+00,3.90462419e+00,1.69289093e+01,1.60043748e+01,4.09648323e+01,4.20412599e+01,7.33546753e+01,7.35665709e+01,9.75130844e+01,9.45846733e+01
1.80000000e-01,3.65213060e+00,3.85031673e+00,1.63216858e+01,1.56098001e+01,3.86491432e+01,3.98907251e+01,6.75439835e+01,6.74792584e+01,8.75695267e+01,8.49825832e+01
2.00000000e-01,3.62779665e+00,3.79623664e+00,1.57605038e+01,1.52224009e+01,3.65819435e+01,3.78939456e+01,6.25219688e+01,6.22288878e+01,7.92647247e+01,7.70320879e+01
2.20000000e-01,3.60219741e+00,3.74240686e+00,1.52366114e+01,1.48426058e+01,3.47193832e+01,3.60402284e+01,5.81327896e+01,5.76584146e+01,7.22306366e+01,7.03420827e+01
2.40000000e-01,3.57514048e+00,3.68884964e+00,1.47437811e+01,1.44707631e+01,3.30287552e+01,3.43185803e+01,5.42612534e+01,5.36466094e+01,6.62013779e+01,6.46357264e+01
2.60000000e-01,3.54638648e+00,3.63558650e+00,1.42776108e+01,1.41071444e+01,3.14847469e+01,3.27182352e+01,5.08186951e+01,5.00987943e+01,6.09807663e+01,5.97116264e+01
2.80000000e-01,3.51574016e+00,3.58263819e+00,1.38348370e+01,1.37519511e+01,3.00673885e+01,3.12289616e+01,4.77363358e+01,4.69401602e+01,5.64202080e+01,5.54198093e+01
3.00000000e-01,3.48310089e+00,3.53002463e+00,1.34131241e+01,1.34053196e+01,2.87605934e+01,2.98412214e+01,4.49599037e+01,4.41109295e+01,5.24056358e+01,5.16463111e+01
3.20000000e-01,3.44842172e+00,3.47776491e+00,1.30105848e+01,1.30673285e+01,2.75511189e+01,2.85462352e+01,4.24455910e+01,4.15628268e+01,4.88474922e+01,4.83029903e+01
3.40000000e-01,3.41172433e+00,3.42587723e+00,1.26257715e+01,1.27380050e+01,2.64279690e+01,2.73359893e+01,4.01575813e+01,3.92564788e+01,4.56748009e+01,4.53206105e+01
3.60000000e-01,3.37309670e+00,3.37437892e+00,1.22574949e+01,1.24173315e+01,2.53818111e+01,2.62032077e+01,3.80667114e+01,3.71594761e+01,4.28301353e+01,4.26440323e+01
3.80000000e-01,3.33262634e+00,3.32328639e+00,1.19047546e+01,1.21052517e+01,2.44046307e+01,2.51413071e+01,3.61485977e+01,3.52449144e+01,4.02673378e+01,4.02288006e+01
4.00000000e-01,3.29047322e+00,3.27261513e+00,1.15666399e+01,1.18016763e+01,2.34895763e+01,2.41443422e+01,3.43826370e+01,3.34902820e+01,3.79480553e+01,3.80386769e+01
4.20000000e-01,3.24680281e+00,3.22237971e+00,1.12423830e+01,1.15064889e+01,2.26308270e+01,2.32069487e+01,3.27514610e+01,3.18766057e+01,3.58406677e+01,3.60438256e+01
4.40000000e-01,3.20178008e+00,3.17259379e+00,1.09312401e+01,1.12195500e+01,2.18229942e+01,2.23242875e+01,3.12405052e+01,3.03877851e+01,3.39187164e+01,3.42194596e+01
4.60000000e-01,3.15560770e+00,3.12327007e+00,1.06325941e+01,1.09407019e+01,2.10616245e+01,2.14919915e+01,2.98369160e+01,2.90100723e+01,3.21598740e+01,3.25448162e+01
4.80000000e-01,3.10843825e+00,3.07442036e+00,1.03458090e+01,1.06697725e+01,2.03426743e+01,2.07061165e+01,2.85300407e+01,2.77316590e+01,3.05452499e+01,3.10023722e+01
5.00000000e-01,3.06044769e+00,3.02605557e+00,1.00702381e+01,1.04065782e+01,1.96624908e+01,1.99630968e+01,2.73101368e+01,2.65423476e+01,2.90585976e+01,2.95772361e+01
5.20000000e-01,3.01182342e+00,2.97818569e+00,9.80539799e+00,1.01509274e+01,1.90179615e+01,1.92597045e+01,2.61690693e+01,2.54332866e+01,2.76861610e+01,2.82566714e+01
5.40000000e-01,2.96272326e+00,2.93081987e+00,9.55073643e+00,9.90262265e+00,1.84062347e+01,1.85930138e+01,2.50996017e+01,2.43967561e+01,2.64158726e+01,2.70297212e+01
5.60000000e-01,2.91326928e+00,2.88396637e+00,9.30577755e+00,9.66146267e+00,1.78247051e+01,1.79603683e+01,2.40954227e+01,2.34259935e+01,2.52374363e+01,2.58869073e+01
5.80000000e-01,2.86362481e+00,2.83763264e+00,9.07000637e+00,9.42724447e+00,1.72711067e+01,1.73593530e+01,2.31507816e+01,2.25150495e+01,2.41417122e+01,2.48199889e+01
6.00000000e-01,2.81392479e+00,2.79182530e+00,8.84297943e+00,9.19976468e+00,1.67434120e+01,1.67877687e+01,2.22608433e+01,2.16586700e+01,2.31207848e+01,2.38217674e+01
6.20000000e-01,2.76426339e+00,2.74655021e+00,8.62429523e+00,8.97882083e+00,1.62396889e+01,1.62436093e+01,2.14210224e+01,2.08521976e+01,2.21676502e+01,2.28859265e+01
6.40000000e-01,2.71475935e+00,2.70181243e+00,8.41348553e+00,8.76421240e+00,1.57582512e+01,1.57250420e+01,2.06275349e+01,2.00914891e+01,2.12762051e+01,2.20069010e+01
6.60000000e-01,2.66549587e+00,2.65761633e+00,8.21024036e+00,8.55574165e+00,1.52976685e+01,1.52303900e+01,1.98766270e+01,1.93728469e+01,2.04409294e+01,2.11797684e+01
6.80000000e-01,2.61657047e+00,2.61396555e+00,8.01410961e+00,8.35321431e+00,1.48564138e+01,1.47581161e+01,1.91652012e+01,1.86929608e+01,1.96570263e+01,2.04001588e+01
7.00000000e-01,2.56804514e+00,2.57086307e+00,7.82479048e+00,8.15644011e+00,1.44333162e+01,1.43068098e+01,1.84904022e+01,1.80488583e+01,1.89201565e+01,1.96641793e+01
7.20000000e-01,2.51998878e+00,2.52831122e+00,7.64192247e+00,7.96523318e+00,1.40271711e+01,1.38751739e+01,1.78496094e+01,1.74378629e+01,1.82264385e+01,1.89683509e+01
7.40000000e-01,2.47246194e+00,2.48631170e+00,7.46522856e+00,7.77941239e+00,1.36369276e+01,1.34620144e+01,1.72404251e+01,1.68575581e+01,1.75723400e+01,1.83095546e+01
7.60000000e-01,2.42551017e+00,2.44486566e+00,7.29437637e+00,7.59880156e+00,1.32616301e+01,1.30662302e+01,1.66607208e+01,1.63057566e+01,1.69548779e+01,1.76849863e+01
7.80000000e-01,2.37917399e+00,2.40397366e+00,7.12908268e+00,7.42322959e+00,1.29003820e+01,1.26868047e+01,1.61085949e+01,1.57804739e+01,1.63711472e+01,1.70921178e+01
8.00000000e-01,2.33349252e+00,2.36363575e+00,6.96911049e+00,7.25253059e+00,1.25524111e+01,1.23227978e+01,1.55821791e+01,1.52799053e+01,1.58185978e+01,1.65286639e+01
8.20000000e-01,2.28849244e+00,2.32385150e+00,6.81417608e+00,7.08654389e+00,1.22169056e+01,1.19733391e+01,1.50798950e+01,1.48024058e+01,1.52949553e+01,1.59925535e+01
8.40000000e-01,2.24419999e+00,2.28461997e+00,6.66403961e+00,6.92511405e+00,1.18932199e+01,1.16376216e+01,1.46002846e+01,1.43464732e+01,1.47981129e+01,1.54819057e+01
8.60000000e-01,2.20062470e+00,2.24593981e+00,6.51851416e+00,6.76809083e+00,1.15807114e+01,1.13148960e+01,1.41418524e+01,1.39107327e+01,1.43261881e+01,1.49950079e+01
8.80000000e-01,2.15779948e+00,2.20780925e+00,6.37733316e+00,6.61532913e+00,1.12788048e+01,1.10044661e+01,1.37034531e+01,1.34939237e+01,1.38774014e+01,1.45302976e+01
9.00000000e-01,2.11571836e+00,2.17022614e+00,6.24034977e+00,6.46668889e+00,1.09869442e+01,1.07056838e+01,1.32838249e+01,1.30948881e+01,1.34502583e+01,1.40863464e+01
9.20000000e-01,2.07439899e+00,2.13318794e+00,6.10734034e+00,6.32203498e+00,1.07046299e+01,1.04179453e+01,1.28819532e+01,1.27125604e+01,1.30432138e+01,1.36618457e+01
9.40000000e-01,2.03384376e+00,2.09669181e+00,5.97814608e+00,6.18123713e+00,1.04314175e+01,1.01406872e+01,1.24968386e+01,1.23459583e+01,1.26549740e+01,1.32555947e+01
9.60000000e-01,1.99405229e+00,2.06073458e+00,5.85256624e+00,6.04416975e+00,1.01668663e+01,9.87338362e+00,1.21275034e+01,1.19941751e+01,1.22843456e+01,1.28664890e+01
9.80000000e-01,1.95502937e+00,2.02531278e+00,5.73047161e+00,5.91071185e+00,9.91056442e+00,9.61554278e+00,1.17731218e+01,1.16563720e+01,1.19301701e+01,1.24935118e+01
1.00000000e+00,1.91676319e+00,1.99042268e+00,5.61170578e+00,5.78074684e+00,9.66213799e+00,9.36670445e+00,1.14328918e+01,1.13317726e+01,1.15914469e+01,1.21357247e+01
1.02000000e+00,1.87925744e+00,1.95606032e+00,5.49612188e+00,5.65416246e+00,9.42127228e+00,9.12643749e+00,1.11060610e+01,1.10196564e+01,1.12671938e+01,1.17922610e+01
1.04000000e+00,1.84250689e+00,1.92222148e+00,5.38359547e+00,5.53085056e+00,9.18760490e+00,8.89433757e+00,1.07919569e+01,1.07193546e+01,1.09565496e+01,1.14623182e+01
1.06000000e+00,1.80650008e+00,1.88890175e+00,5.27398491e+00,5.41070704e+00,8.96087170e+00,8.67002515e+00,1.04899015e+01,1.04302450e+01,1.06587172e+01,1.11451529e+01
1.08000000e+00,1.77122557e+00,1.85609653e+00,5.16717768e+00,5.29363162e+00,8.74075508e+00,8.45314364e+00,1.01992922e+01,1.01517484e+01,1.03729172e+01,1.08400747e+01
1.10000000e+00,1.73668194e+00,1.82380106e+00,5.06306648e+00,5.17952778e+00,8.52700996e+00,8.24335765e+00,9.91954231e+00,9.88332466e+00,1.00984650e+01,1.05464423e+01
1.12000000e+00,1.70286131e+00,1.79201039e+00,4.96154547e+00,5.06830256e+00,8.31938744e+00,8.04035153e+00,9.65017986e+00,9.62446960e+00,9.83470917e+00,1.02636588e+01
1.14000000e+00,1.66974044e+00,1.76071945e+00,4.86250734e+00,4.95986646e+00,8.11762619e+00,7.84382785e+00,9.39066601e+00,9.37471204e+00,9.58106518e+00,9.99116791e+00
1.16000000e+00,1.63731647e+00,1.72992306e+00,4.76586866e+00,4.85413329e+00,7.92154741e+00,7.65350619e+00,9.14050293e+00,9.13361113e+00,9.33697891e+00,9.72845072e+00
1.18000000e+00,1.60557377e+00,1.69961591e+00,4.67152262e+00,4.75102005e+00,7.73090792e+00,7.46912190e+00,8.89928913e+00,8.90075394e+00,9.10190678e+00,9.47502247e+00
1.20000000e+00,1.57450151e+00,1.66979258e+00,4.57940483e+00,4.65044680e+00,7.54554462e+00,7.29042505e+00,8.66662407e+00,8.67575331e+00,8.87537575e+00,9.23042989e+00
1.22000000e+00,1.54409289e+00,1.64044758e+00,4.48941326e+00,4.55233653e+00,7.36525297e+00,7.11717938e+00,8.44205475e+00,8.45824585e+00,8.65695095e+00,8.99424861e+00
1.24000000e+00,1.51432252e+00,1.61157535e+00,4.40149546e+00,4.45661507e+00,7.18984318e+00,6.94916142e+00,8.22526836e+00,8.24789015e+00,8.44617367e+00,8.76608092e+00
1.26000000e+00,1.48519099e+00,1.58317026e+00,4.31555986e+00,4.36321094e+00,7.01919270e+00,6.78615962e+00,8.01589489e+00,8.04436513e+00,8.24267292e+00,8.54555371e+00
1.28000000e+00,1.45667446e+00,1.55522661e+00,4.23155260e+00,4.27205526e+00,6.85310555e+00,6.62797358e+00,7.81358671e+00,7.84736856e+00,8.04609394e+00,8.33231659e+00
1.30000000e+00,1.42876506e+00,1.52773869e+00,4.14940453e+00,4.18308166e+00,6.69144917e+00,6.47441332e+00,7.61806250e+00,7.65661569e+00,7.85608721e+00,8.12604017e+00
1.32000000e+00,1.40145290e+00,1.50070072e+00,4.06905460e+00,4.09622615e+00,6.53408003e+00,6.32529860e+00,7.42900753e+00,7.47183802e+00,7.67231941e+00,7.92641454e+00
1.34000000e+00,1.37471819e+00,1.47410692e+00,3.99043822e+00,4.01142702e+00,6.38085604e+00,6.18045833e+00,7.24617147e+00,7.29278213e+00,7.49448252e+00,7.73314783e+00
1.36000000e+00,1.34855115e+00,1.44795147e+00,3.91351461e+00,3.92862480e+00,6.23166466e+00,6.03973000e+00,7.06924105e+00,7.11920866e+00,7.32231760e+00,7.54596491e+00
1.38000000e+00,1.32293928e+00,1.42222856e+00,3.83823061e+00,3.84776209e+00,6.08636475e+00,5.90295912e+00,6.89800835e+00,6.95089130e+00,7.15554523e+00,7.36460623e+00
1.40000000e+00,1.29787016e+00,1.39693236e+00,3.76452470e+00,3.76878354e+00,5.94484138e+00,5.76999875e+00,6.73221636e+00,6.78761600e+00,6.99389172e+00,7.18882669e+00
1.42000000e+00,1.27333188e+00,1.37205705e+00,3.69236112e+00,3.69163574e+00,5.80698824e+00,5.64070905e+00,6.57165051e+00,6.62918005e+00,6.83717728e+00,7.01839470e+00
1.44000000e+00,1.24931300e+00,1.34759680e+00,3.62167788e+00,3.61626714e+00,5.67269564e+00,5.51495687e+00,6.41608906e+00,6.47539141e+00,6.68513441e+00,6.85309121e+00
1.46000000e+00,1.22579801e+00,1.32354582e+00,3.55246091e+00,3.54262797e+00,5.54186201e+00,5.39261530e+00,6.26531792e+00,6.32606798e+00,6.53755522e+00,6.69270891e+00
1.48000000e+00,1.20277548e+00,1.29989832e+00,3.48464894e+00,3.47067020e+00,5.41437864e+00,5.27356338e+00,6.11916351e+00,6.18103698e+00,6.39427853e+00,6.53705143e+00
1.50000000e+00,1.18023908e+00,1.27664854e+00,3.41821551e+00,3.40034744e+00,5.29015493e+00,5.15768570e+00,5.97743607e+00,6.04013436e+00,6.25509405e+00,6.38593264e+00
1.52000000e+00,1.15816736e+00,1.25379073e+00,3.35310960e+00,3.33161485e+00,5.16910934e+00,5.04487212e+00,5.83995438e+00,5.90320424e+00,6.11983776e+00,6.23917598e+00
1.54000000e+00,1.13656032e+00,1.23131920e+00,3.28930950e+00,3.26442916e+00,5.05112743e+00,4.93501746e+00,5.70654917e+00,5.77009842e+00,5.98832798e+00,6.09661386e+00
1.56000000e+00,1.11540270e+00,1.20922827e+00,3.22676826e+00,3.19874851e+00,4.93614912e+00,4.82802122e+00,5.57707214e+00,5.64067592e+00,5.86043882e+00,5.95808708e+00
1.58000000e+00,1.09468222e+00,1.18751230e+00,3.16546774e+00,3.13453248e+00,4.82407093e+00,4.72378732e+00,5.45136929e+00,5.51480252e+00,5.73600483e+00,5.82344434e+00
1.60000000e+00,1.07438850e+00,1.16616570e+00,3.10537386e+00,3.07174195e+00,4.71482754e+00,4.62222388e+00,5.32927179e+00,5.39235037e+00,5.61488867e+00,5.69254173e+00
1.62000000e+00,1.05451083e+00,1.14518292e+00,3.04645252e+00,3.01033913e+00,4.60835075e+00,4.52324297e+00,5.21068478e+00,5.27319764e+00,5.49696827e+00,5.56524230e+00
1.64000000e+00,1.03504252e+00,1.12455845e+00,2.98867941e+00,2.95028744e+00,4.50453758e+00,4.42676042e+00,5.09544849e+00,5.15722813e+00,5.38210249e+00,5.44141562e+00
1.66000000e+00,1.01597118e+00,1.10428684e+00,2.93202710e+00,2.89155152e+00,4.40332794e+00,4.33269559e+00,4.98343039e+00,5.04433097e+00,5.27020884e+00,5.32093744e+00
1.68000000e+00,9.97288346e-01,1.08436267e+00,2.87646842e+00,2.83409713e+00,4.30466557e+00,4.24097124e+00,4.87453985e+00,4.93440032e+00,5.16112471e+00,5.20368926e+00
1.70000000e+00,9.78985369e-01,1.06478059e+00,2.82197762e+00,2.77789115e+00,4.20846415e+00,4.15151329e+00,4.76864195e+00,4.82733506e+00,5.05479479e+00,5.08955806e+00
1.72000000e+00,9.61050391e-01,1.04553529e+00,2.76853395e+00,2.72290150e+00,4.11467361e+00,4.06425069e+00,4.66563654e+00,4.72303858e+00,4.95107317e+00,4.97843598e+00
1.74000000e+00,9.43477809e-01,1.02662153e+00,2.71611285e+00,2.66909713e+00,4.02321482e+00,3.97911530e+00,4.56540489e+00,4.62141847e+00,4.84990311e+00,4.87021999e+00
1.76000000e+00,9.26256239e-01,1.00803411e+00,2.66469407e+00,2.61644797e+00,3.93403411e+00,3.89604166e+00,4.46786165e+00,4.52238635e+00,4.75119257e+00,4.76481166e+00
1.78000000e+00,9.09378290e-01,9.89767900e-01,2.61424899e+00,2.56492488e+00,3.84708047e+00,3.81496694e+00,4.37290239e+00,4.42585761e+00,4.65482140e+00,4.66211688e+00
1.80000000e+00,8.92837107e-01,9.71817815e-01,2.56476688e+00,2.51449965e+00,3.76227808e+00,3.73583077e+00,4.28044319e+00,4.33175123e+00,4.56073809e+00,4.56204564e+00
1.82000000e+00,8.76624763e-01,9.54178840e-01,2.51622272e+00,2.46514490e+00,3.67956877e+00,3.65857512e+00,4.19038010e+00,4.23998958e+00,4.46887112e+00,4.46451182e+00
1.84000000e+00,8.60730886e-01,9.36846013e-01,2.46859670e+00,2.41683414e+00,3.59891081e+00,3.58314421e+00,4.10265064e+00,4.15049827e+00,4.37912655e+00,4.36943294e+00
1.86000000e+00,8.45149159e-01,9.19814434e-01,2.42187023e+00,2.36954166e+00,3.52024770e+00,3.50948437e+00,4.01717758e+00,4.06320595e+00,4.29145241e+00,4.27673000e+00
1.88000000e+00,8.29874754e-01,9.03079265e-01,2.37602615e+00,2.32324252e+00,3.44352460e+00,3.43754397e+00,3.93385863e+00,3.97804417e+00,4.20576000e+00,4.18632732e+00
1.90000000e+00,8.14897001e-01,8.86635727e-01,2.33104992e+00,2.27791255e+00,3.36869431e+00,3.36727329e+00,3.85263944e+00,3.89494724e+00,4.12198544e+00,4.09815232e+00
1.92000000e+00,8.00211549e-01,8.70479103e-01,2.28691030e+00,2.23352829e+00,3.29569316e+00,3.29862448e+00,3.77344584e+00,3.81385208e+00,4.04010582e+00,4.01213537e+00
1.94000000e+00,7.85807967e-01,8.54604736e-01,2.24361372e+00,2.19006699e+00,3.22449183e+00,3.23155143e+00,3.69621181e+00,3.73469810e+00,3.96002650e+00,3.92820968e+00
1.96000000e+00,7.71684945e-01,8.39008034e-01,2.20112753e+00,2.14750656e+00,3.15503240e+00,3.16600971e+00,3.62086201e+00,3.65742707e+00,3.88170457e+00,3.84631111e+00
1.98000000e+00,7.57832587e-01,8.23684462e-01,2.15943789e+00,2.10582555e+00,3.08727336e+00,3.10195650e+00,3.54734302e+00,3.58198300e+00,3.80509472e+00,3.76637806e+00
2.00000000e+00,7.44243681e-01,8.08629549e-01,2.11853814e+00,2.06500316e+00,3.02117348e+00,3.03935050e+00,3.47560239e+00,3.50831207e+00,3.73013687e+00,3.68835137e+00
2.02000000e+00,7.30915904e-01,7.93838886e-01,2.07840848e+00,2.02501916e+00,2.95667601e+00,2.97815187e+00,3.40557408e+00,3.43636248e+00,3.65678000e+00,3.61217414e+00
2.04000000e+00,7.17840612e-01,7.79308123e-01,2.03902650e+00,1.98585392e+00,2.89375043e+00,2.91832217e+00,3.33720016e+00,3.36608438e+00,3.58498955e+00,3.53779167e+00
2.06000000e+00,7.05013514e-01,7.65032973e-01,2.00038648e+00,1.94748837e+00,2.83234620e+00,2.85982429e+00,3.27043390e+00,3.29742975e+00,3.51471329e+00,3.46515135e+00
2.08000000e+00,6.92425668e-01,7.51009209e-01,1.96247602e+00,1.90990398e+00,2.77244377e+00,2.80262243e+00,3.20522666e+00,3.23035238e+00,3.44590855e+00,3.39420254e+00
2.10000000e+00,6.80075705e-01,7.37232664e-01,1.92527938e+00,1.87308273e+00,2.71398449e+00,2.74668196e+00,3.14152908e+00,3.16480772e+00,3.37853694e+00,3.32489649e+00
2.12000000e+00,6.67956769e-01,7.23699233e-01,1.88878298e+00,1.83700711e+00,2.65693402e+00,2.69196947e+00,3.07928944e+00,3.10075283e+00,3.31256914e+00,3.25718627e+00
2.14000000e+00,6.56063735e-01,7.10404867e-01,1.85297287e+00,1.80166010e+00,2.60125661e+00,2.63845265e+00,3.01846528e+00,3.03814630e+00,3.24795389e+00,3.19102665e+00
2.16000000e+00,6.44391358e-01,6.97345581e-01,1.81783533e+00,1.76702516e+00,2.54692435e+00,2.58610026e+00,2.95901799e+00,2.97694822e+00,3.18465734e+00,3.12637403e+00
2.18000000e+00,6.32936120e-01,6.84517444e-01,1.78336215e+00,1.73308619e+00,2.49388981e+00,2.53488211e+00,2.90090704e+00,2.91712006e+00,3.12265897e+00,3.06318642e+00
2.20000000e+00,6.21691108e-01,6.71916588e-01,1.74953926e+00,1.69982753e+00,2.44212317e+00,2.48476898e+00,2.84408498e+00,2.85862462e+00,3.06191421e+00,3.00142328e+00
2.22000000e+00,6.10653400e-01,6.59539201e-01,1.71635592e+00,1.66723394e+00,2.39159369e+00,2.43573262e+00,2.78852081e+00,2.80142602e+00,3.00239992e+00,2.94104552e+00
2.24000000e+00,5.99815369e-01,6.47381526e-01,1.68379700e+00,1.63529061e+00,2.34226131e+00,2.38774565e+00,2.73417473e+00,2.74548959e+00,2.94407272e+00,2.88201542e+00
2.26000000e+00,5.89178383e-01,6.35439866e-01,1.65185475e+00,1.60398311e+00,2.29410815e+00,2.34078161e+00,2.68101168e+00,2.69078182e+00,2.88691497e+00,2.82429658e+00
2.28000000e+00,5.78732252e-01,6.23710580e-01,1.62052035e+00,1.57329739e+00,2.24708915e+00,2.29481485e+00,2.62900138e+00,2.63727036e+00,2.83088899e+00,2.76785381e+00
2.30000000e+00,5.68476200e-01,6.12190082e-01,1.58977509e+00,1.54321979e+00,2.20118165e+00,2.24982053e+00,2.57810664e+00,2.58492392e+00,2.77597117e+00,2.71265316e+00
2.32000000e+00,5.58405221e-01,6.00874840e-01,1.55961263e+00,1.51373699e+00,2.15635300e+00,2.20577460e+00,2.52830005e+00,2.53371225e+00,2.72215128e+00,2.65866181e+00
2.34000000e+00,5.48515618e-01,5.89761379e-01,1.53002203e+00,1.48483602e+00,2.11257386e+00,2.16265373e+00,2.47955036e+00,2.48360608e+00,2.66937828e+00,2.60584804e+00
2.36000000e+00,5.38803816e-01,5.78846275e-01,1.50099635e+00,1.45650427e+00,2.06982827e+00,2.12043531e+00,2.43182516e+00,2.43457710e+00,2.61764431e+00,2.55418117e+00
2.38000000e+00,5.29265881e-01,5.68126160e-01,1.47251976e+00,1.42872942e+00,2.02808118e+00,2.07909744e+00,2.38509655e+00,2.38659793e+00,2.56691718e+00,2.50363156e+00
2.40000000e+00,5.19897699e-01,5.57597717e-01,1.44458473e+00,1.40149949e+00,1.98729944e+00,2.03861886e+00,2.33934546e+00,2.33964205e+00,2.51718330e+00,2.45417050e+00
2.42000000e+00,5.10695636e-01,5.47257681e-01,1.41718400e+00,1.37480280e+00,1.94746590e+00,1.99897895e+00,2.29453874e+00,2.29368377e+00,2.46841359e+00,2.40577025e+00
2.44000000e+00,5.01657009e-01,5.37102840e-01,1.39030194e+00,1.34862796e+00,1.90855074e+00,1.96015770e+00,2.25065780e+00,2.24869822e+00,2.42058825e+00,2.35840392e+00
2.46000000e+00,4.92778450e-01,5.27130031e-01,1.36393392e+00,1.32296388e+00,1.87052786e+00,1.92213570e+00,2.20767140e+00,2.20466132e+00,2.37369323e+00,2.31204550e+00
2.48000000e+00,4.84055102e-01,5.17336142e-01,1.33806753e+00,1.29779972e+00,1.83338761e+00,1.88489412e+00,2.16555929e+00,2.16154972e+00,2.32769370e+00,2.26666979e+00
2.50000000e+00,4.75486726e-01,5.07718109e-01,1.31269729e+00,1.27312494e+00,1.79708886e+00,1.84841464e+00,2.12430072e+00,2.11934077e+00,2.28258753e+00,2.22225240e+00
2.52000000e+00,4.67067212e-01,4.98272920e-01,1.28780866e+00,1.24892925e+00,1.76162589e+00,1.81267950e+00,2.08386993e+00,2.07801256e+00,2.23834682e+00,2.17876967e+00
2.54000000e+00,4.58794296e-01,4.88997608e-01,1.26339614e+00,1.22520262e+00,1.72696364e+00,1.77767144e+00,2.04424858e+00,2.03754379e+00,2.19495249e+00,2.13619869e+00
2.56000000e+00,4.50666755e-01,4.79889255e-01,1.23945534e+00,1.20193524e+00,1.69308722e+00,1.74337369e+00,2.00541997e+00,1.99791382e+00,2.15239429e+00,2.09451724e+00
2.58000000e+00,4.42680955e-01,4.70944989e-01,1.21596968e+00,1.17911756e+00,1.65997219e+00,1.70976996e+00,1.96736228e+00,1.95910265e+00,2.11064911e+00,2.05370377e+00
2.60000000e+00,4.34832454e-01,4.62161985e-01,1.19293356e+00,1.15674027e+00,1.62760150e+00,1.67684440e+00,1.93004572e+00,1.92109082e+00,2.06970334e+00,2.01373739e+00
2.62000000e+00,4.27120566e-01,4.53537464e-01,1.17034018e+00,1.13479426e+00,1.59596074e+00,1.64458161e+00,1.89347386e+00,1.88385949e+00,2.02954173e+00,1.97459783e+00
2.64000000e+00,4.19540882e-01,4.45068690e-01,1.14817786e+00,1.11327065e+00,1.56501901e+00,1.61296663e+00,1.85761118e+00,1.84739034e+00,1.99013960e+00,1.93626542e+00
2.66000000e+00,4.12092417e-01,4.36752973e-01,1.12644124e+00,1.09216077e+00,1.53476584e+00,1.58198489e+00,1.82245195e+00,1.81166557e+00,1.95149326e+00,1.89872106e+00
2.68000000e+00,4.04772162e-01,4.28587667e-01,1.10512292e+00,1.07145617e+00,1.50518274e+00,1.55162223e+00,1.78797090e+00,1.77666793e+00,1.91357744e+00,1.86194624e+00
2.70000000e+00,3.97576869e-01,4.20570168e-01,1.08421588e+00,1.05114856e+00,1.47624993e+00,1.52186486e+00,1.75415897e+00,1.74238063e+00,1.87639308e+00,1.82592294e+00
2.72000000e+00,3.90504658e-01,4.12697914e-01,1.06370723e+00,1.03122989e+00,1.44795108e+00,1.49269937e+00,1.72099340e+00,1.70878735e+00,1.83990872e+00,1.79063369e+00
2.74000000e+00,3.83553922e-01,4.04968386e-01,1.04359496e+00,1.01169226e+00,1.42027092e+00,1.46411271e+00,1.68847203e+00,1.67587226e+00,1.80412197e+00,1.75606151e+00
2.76000000e+00,3.76721799e-01,3.97379105e-01,1.02386689e+00,9.92527981e-01,1.39319313e+00,1.43609217e+00,1.65656841e+00,1.64361994e+00,1.76901579e+00,1.72218990e+00
2.78000000e+00,3.70004982e-01,3.89927635e-01,1.00451815e+00,9.73729524e-01,1.36669970e+00,1.40862538e+00,1.62527382e+00,1.61201540e+00,1.73457360e+00,1.68900283e+00
2.80000000e+00,3.63403767e-01,3.82611577e-01,9.85543370e-01,9.55289538e-01,1.34078181e+00,1.38170030e+00,1.59457338e+00,1.58104409e+00,1.70079315e+00,1.65648472e+00
2.82000000e+00,3.56913328e-01,3.75428572e-01,9.66930211e-01,9.37200841e-01,1.31541729e+00,1.35530518e+00,1.56445622e+00,1.55069182e+00,1.66765201e+00,1.62462040e+00
2.84000000e+00,3.50532532e-01,3.68376302e-01,9.48677361e-01,9.19456411e-01,1.29059184e+00,1.32942859e+00,1.53490484e+00,1.52094481e+00,1.63514245e+00,1.59339515e+00
2.86000000e+00,3.44260782e-01,3.61452486e-01,9.30774868e-01,9.02049387e-01,1.26629794e+00,1.30405940e+00,1.50591636e+00,1.49178963e+00,1.60324883e+00,1.56279463e+00
2.88000000e+00,3.38095069e-01,3.54654878e-01,9.13215995e-01,8.84973062e-01,1.24251771e+00,1.27918674e+00,1.47746587e+00,1.46321324e+00,1.57196176e+00,1.53280490e+00
2.90000000e+00,3.32032531e-01,3.47981273e-01,8.95993948e-01,8.68220879e-01,1.21923840e+00,1.25480005e+00,1.44955444e+00,1.43520291e+00,1.54127717e+00,1.50341239e+00
2.92000000e+00,3.26073438e-01,3.41429501e-01,8.79104733e-01,8.51786424e-01,1.19644558e+00,1.23088901e+00,1.42216229e+00,1.40774628e+00,1.51117110e+00,1.47460389e+00
2.94000000e+00,3.20213467e-01,3.34997427e-01,8.62538040e-01,8.35663431e-01,1.17413139e+00,1.20744355e+00,1.39528358e+00,1.38083127e+00,1.48163867e+00,1.44636656e+00
2.96000000e+00,3.14453214e-01,3.28682952e-01,8.46290112e-01,8.19845766e-01,1.15227878e+00,1.18445389e+00,1.36890566e+00,1.35444617e+00,1.45267200e+00,1.41868789e+00
2.98000000e+00,3.08789313e-01,3.22484014e-01,8.30354869e-01,8.04327433e-01,1.13088012e+00,1.16191045e+00,1.34301591e+00,1.32857952e+00,1.42425525e+00,1.39155569e+00
3.00000000e+00,3.03219974e-01,3.16398581e-01,8.14723492e-01,7.89102568e-01,1.10992098e+00,1.13980390e+00,1.31760883e+00,1.30322019e+00,1.39638519e+00,1.36495809e+00
3.02000000e+00,2.97744811e-01,3.10424659e-01,7.99392104e-01,7.74165431e-01,1.08939445e+00,1.11812516e+00,1.29267251e+00,1.27835732e+00,1.36904907e+00,1.33888354e+00
3.04000000e+00,2.92361349e-01,3.04560284e-01,7.84354627e-01,7.59510409e-01,1.06928158e+00,1.09686533e+00,1.26819527e+00,1.25398033e+00,1.34223235e+00,1.31332078e+00
3.06000000e+00,2.87068933e-01,2.98803528e-01,7.69605756e-01,7.45132010e-01,1.04958010e+00,1.07601576e+00,1.24417269e+00,1.23007890e+00,1.31592917e+00,1.28825883e+00
3.08000000e+00,2.81863987e-01,2.93152491e-01,7.55138040e-01,7.31024858e-01,1.03027725e+00,1.05556799e+00,1.22059536e+00,1.20664298e+00,1.29012990e+00,1.26368700e+00
3.10000000e+00,2.76747197e-01,2.87605309e-01,7.40947902e-01,7.17183694e-01,1.01135910e+00,1.03551376e+00,1.19745266e+00,1.18366275e+00,1.26482785e+00,1.23959487e+00
3.12000000e+00,2.71716118e-01,2.82160147e-01,7.27027833e-01,7.03603369e-01,9.92823780e-01,1.01584501e+00,1.17473292e+00,1.16112865e+00,1.24001324e+00,1.21597228e+00
3.14000000e+00,2.66768545e-01,2.76815201e-01,7.13372648e-01,6.90278845e-01,9.74655509e-01,9.96553887e-01,1.15243459e+00,1.13903136e+00,1.21566975e+00,1.19280932e+00
3.16000000e+00,2.61904269e-01,2.71568697e-01,6.99979484e-01,6.77205189e-01,9.56847906e-01,9.77632694e-01,1.13054657e+00,1.11736177e+00,1.19179893e+00,1.17009633e+00
3.18000000e+00,2.57122010e-01,2.66418892e-01,6.86841309e-01,6.64377572e-01,9.39390719e-01,9.59073929e-01,1.10905874e+00,1.09611100e+00,1.16838479e+00,1.14782389e+00
3.20000000e+00,2.52419621e-01,2.61364071e-01,6.73952878e-01,6.51791267e-01,9.22276497e-01,9.40870264e-01,1.08796668e+00,1.07527038e+00,1.14542234e+00,1.12598279e+00
3.22000000e+00,2.47796312e-01,2.56402548e-01,6.61308765e-01,6.39441644e-01,9.05497909e-01,9.23014536e-01,1.06726170e+00,1.05483147e+00,1.12290287e+00,1.10456408e+00
3.24000000e+00,2.43250445e-01,2.51532667e-01,6.48905814e-01,6.27324171e-01,8.89043987e-01,9.05499749e-01,1.04693615e+00,1.03478600e+00,1.10081983e+00,1.08355900e+00
3.26000000e+00,2.38780811e-01,2.46752798e-01,6.36735916e-01,6.15434408e-01,8.72910321e-01,8.88319066e-01,1.02698553e+00,1.01512592e+00,1.07916319e+00,1.06295902e+00
3.28000000e+00,2.34385937e-01,2.42061338e-01,6.24798119e-01,6.03768008e-01,8.57085586e-01,8.71465808e-01,1.00739789e+00,9.95843348e-01,1.05792689e+00,1.04275579e+00
3.30000000e+00,2.30065316e-01,2.37456715e-01,6.13085926e-01,5.92320713e-01,8.41568232e-01,8.54933442e-01,9.88170981e-01,9.76930611e-01,1.03710103e+00,1.02294117e+00
3.32000000e+00,2.25817099e-01,2.32937378e-01,6.01594985e-01,5.81088351e-01,8.26344192e-01,8.38715586e-01,9.69298184e-01,9.58380201e-01,1.01667929e+00,1.00350723e+00
3.34000000e+00,2.21640751e-01,2.28501808e-01,5.90320706e-01,5.70066837e-01,8.11409295e-01,8.22806000e-01,9.50771511e-01,9.40184787e-01,9.96653497e-01,9.84446199e-01
3.36000000e+00,2.17534900e-01,2.24148507e-01,5.79258382e-01,5.59252167e-01,7.96758652e-01,8.07198582e-01,9.32582855e-01,9.22337209e-01,9.77019072e-01,9.65750507e-01
3.38000000e+00,2.13497698e-01,2.19876005e-01,5.68404019e-01,5.48640420e-01,7.82382786e-01,7.91887366e-01,9.14729118e-01,9.04830470e-01,9.57764983e-01,9.47412751e-01
3.40000000e+00,2.09529027e-01,2.15682856e-01,5.57754993e-01,5.38227752e-01,7.68276870e-01,7.76866518e-01,8.97202671e-01,8.87657733e-01,9.38887119e-01,9.29425703e-01
3.42000000e+00,2.05627277e-01,2.11567640e-01,5.47305226e-01,5.28010399e-01,7.54434943e-01,7.62130331e-01,8.79998922e-01,8.70812318e-01,9.20379579e-01,9.11782299e-01
3.44000000e+00,2.01792076e-01,2.07528959e-01,5.37050724e-01,5.17984671e-01,7.40850568e-01,7.47673224e-01,8.63112390e-01,8.54287693e-01,9.02228951e-01,8.94475640e-01
3.46000000e+00,1.98021248e-01,2.03565441e-01,5.26988328e-01,5.08146951e-01,7.27516413e-01,7.33489737e-01,8.46533358e-01,8.38077477e-01,8.84436488e-01,8.77498982e-01
3.48000000e+00,1.94314629e-01,1.99675736e-01,5.17114282e-01,4.98493696e-01,7.14428246e-01,7.19574527e-01,8.30262423e-01,8.22175430e-01,8.66992235e-01,8.60845733e-01
3.50000000e+00,1.90671429e-01,1.95858516e-01,5.07423103e-01,4.89021432e-01,7.01581657e-01,7.05922368e-01,8.14289272e-01,8.06575449e-01,8.49889755e-01,8.44509453e-01
3.52000000e+00,1.87089622e-01,1.92112480e-01,4.97913241e-01,4.79726755e-01,6.88969672e-01,6.92528144e-01,7.98609793e-01,7.91271571e-01,8.33122551e-01,8.28483844e-01
3.54000000e+00,1.83569312e-01,1.88436344e-01,4.88579303e-01,4.70606325e-01,6.76585793e-01,6.79386852e-01,7.83220232e-01,7.76257960e-01,8.16684842e-01,8.12762749e-01
3.56000000e+00,1.80109471e-01,1.84828849e-01,4.79420513e-01,4.61656873e-01,6.64430439e-01,6.66493592e-01,7.68114209e-01,7.61528912e-01,8.00568581e-01,7.97340148e-01
3.58000000e+00,1.76707968e-01,1.81288757e-01,4.70430434e-01,4.52875190e-01,6.52491093e-01,6.53843568e-01,7.53287315e-01,7.47078844e-01,7.84771562e-01,7.82210154e-01
3.60000000e+00,1.73365027e-01,1.77814852e-01,4.61606801e-01,4.44258132e-01,6.40768409e-01,6.41432088e-01,7.38734663e-01,7.32902298e-01,7.69286990e-01,7.67367011e-01
3.62000000e+00,1.70079529e-01,1.74405938e-01,4.52945948e-01,4.35802615e-01,6.29256546e-01,6.29254555e-01,7.24450052e-01,7.18993931e-01,7.54106760e-01,7.52805087e-01
3.64000000e+00,1.66851133e-01,1.71060839e-01,4.44444269e-01,4.27505616e-01,6.17949545e-01,6.17306472e-01,7.10432827e-01,7.05348519e-01,7.39225864e-01,7.38518874e-01
3.66000000e+00,1.63678020e-01,1.67778400e-01,4.36100334e-01,4.19364171e-01,6.06844842e-01,6.05583432e-01,6.96673453e-01,6.91960947e-01,7.24638343e-01,7.24502983e-01
3.68000000e+00,1.60559669e-01,1.64557486e-01,4.27909106e-01,4.11375372e-01,5.95937133e-01,5.94081122e-01,6.83169842e-01,6.78826210e-01,7.10339487e-01,7.10752142e-01
3.70000000e+00,1.57495618e-01,1.61396983e-01,4.19868559e-01,4.03536369e-01,5.85221589e-01,5.82795318e-01,6.69916391e-01,6.65939411e-01,6.96323872e-01,6.97261192e-01
3.72000000e+00,1.54484987e-01,1.58295792e-01,4.11975145e-01,3.95844367e-01,5.74697256e-01,5.71721882e-01,6.56911731e-01,6.53295756e-01,6.82587326e-01,6.84025085e-01
3.74000000e+00,1.51526138e-01,1.55252838e-01,4.04227197e-01,3.88296622e-01,5.64358115e-01,5.60856762e-01,6.44147396e-01,6.40890550e-01,6.69122756e-01,6.71038879e-01
3.76000000e+00,1.48619041e-01,1.52267062e-01,3.96619409e-01,3.80890446e-01,5.54199696e-01,5.50195987e-01,6.31621718e-01,6.28719201e-01,6.55924916e-01,6.58297740e-01
3.78000000e+00,1.45763174e-01,1.49337423e-01,3.89151782e-01,3.73623202e-01,5.44217885e-01,5.39735670e-01,6.19330645e-01,6.16777210e-01,6.42990828e-01,6.45796932e-01
3.80000000e+00,1.42956614e-01,1.46462899e-01,3.81819963e-01,3.66492300e-01,5.34411430e-01,5.29472001e-01,6.07268631e-01,6.05060172e-01,6.30312085e-01,6.33531823e-01
3.82000000e+00,1.40199810e-01,1.43642485e-01,3.74621958e-01,3.59495205e-01,5.24775088e-01,5.19401247e-01,5.95432103e-01,5.93563775e-01,6.17886305e-01,6.21497876e-01
3.84000000e+00,1.37491673e-01,1.40875196e-01,3.67554247e-01,3.52629425e-01,5.15305758e-01,5.09519752e-01,5.83818138e-01,5.82283795e-01,6.05708241e-01,6.09690649e-01
3.86000000e+00,1.34831026e-01,1.38160060e-01,3.60615641e-01,3.45892520e-01,5.06001830e-01,4.99823931e-01,5.72422028e-01,5.71216095e-01,5.93772590e-01,5.98105792e-01
3.88000000e+00,1.32217720e-01,1.35496125e-01,3.53802532e-01,3.39282091e-01,4.96858507e-01,4.90310273e-01,5.61240494e-01,5.60356625e-01,5.82075655e-01,5.86739046e-01
3.90000000e+00,1.29650831e-01,1.32882455e-01,3.47113103e-01,3.32795790e-01,4.87872094e-01,4.80975336e-01,5.50269783e-01,5.49701415e-01,5.70611238e-01,5.75586240e-01
3.92000000e+00,1.27129689e-01,1.30318129e-01,3.40544492e-01,3.26431310e-01,4.79040295e-01,4.71815747e-01,5.39504647e-01,5.39246578e-01,5.59376061e-01,5.64643287e-01
3.94000000e+00,1.24653071e-01,1.27802245e-01,3.34094912e-01,3.20186387e-01,4.70360875e-01,4.62828200e-01,5.28943658e-01,5.28988305e-01,5.48365951e-01,5.53906187e-01
3.96000000e+00,1.22220963e-01,1.25333913e-01,3.27762038e-01,3.14058803e-01,4.61829960e-01,4.54009455e-01,5.18583059e-01,5.18922865e-01,5.37576795e-01,5.43371018e-01
3.98000000e+00,1.19832739e-01,1.22912261e-01,3.21542978e-01,3.08046378e-01,4.53445613e-01,4.45356334e-01,5.08417547e-01,5.09046601e-01,5.27001917e-01,5.33033940e-01
4.00000000e+00,1.17487401e-01,1.20536433e-01,3.15435976e-01,3.02146975e-01,4.45204616e-01,4.36865725e-01,4.98446345e-01,4.99355931e-01,5.16639829e-01,5.22891192e-01
4.02000000e+00,1.15184039e-01,1.18205586e-01,3.09440345e-01,2.96358497e-01,4.37104732e-01,4.28534573e-01,4.88663405e-01,4.89847344e-01,5.06485701e-01,5.12939086e-01
4.04000000e+00,1.12922654e-01,1.15918892e-01,3.03551584e-01,2.90678885e-01,4.29142773e-01,4.20359886e-01,4.79066342e-01,4.80517399e-01,4.96533096e-01,5.03174011e-01
4.06000000e+00,1.10702202e-01,1.13675540e-01,2.97769904e-01,2.85106121e-01,4.21316743e-01,4.12338730e-01,4.69652593e-01,4.71362724e-01,4.86780018e-01,4.93592427e-01
4.08000000e+00,1.08522169e-01,1.11474730e-01,2.92090446e-01,2.79638222e-01,4.13623929e-01,4.04468226e-01,4.60418224e-01,4.62380014e-01,4.77224201e-01,4.84190864e-01
4.10000000e+00,1.06381752e-01,1.09315679e-01,2.86514997e-01,2.74273242e-01,4.06061828e-01,3.96745553e-01,4.51360404e-01,4.53566030e-01,4.67859656e-01,4.74965924e-01
4.12000000e+00,1.04280718e-01,1.07197615e-01,2.81038910e-01,2.69009274e-01,3.98628801e-01,3.89167944e-01,4.42477465e-01,4.44917595e-01,4.58682030e-01,4.65914274e-01
4.14000000e+00,1.02218114e-01,1.05119782e-01,2.75661558e-01,2.63844444e-01,3.91322136e-01,3.81732686e-01,4.33762848e-01,4.36431597e-01,4.49689418e-01,4.57032649e-01
4.16000000e+00,1.00193441e-01,1.03081436e-01,2.70380467e-01,2.58776914e-01,3.84138852e-01,3.74437118e-01,4.25215930e-01,4.28104984e-01,4.40876991e-01,4.48317847e-01
4.18000000e+00,9.82059911e-02,1.01081848e-01,2.65194982e-01,2.53804878e-01,3.77077788e-01,3.67278629e-01,4.16834146e-01,4.19934763e-01,4.32241052e-01,4.39766730e-01
4.20000000e+00,9.62555856e-02,9.91202987e-02,2.60101825e-01,2.48926567e-01,3.70137811e-01,3.60254661e-01,4.08613026e-01,4.11918002e-01,4.23779637e-01,4.31376222e-01
4.22000000e+00,9.43411812e-02,9.71960848e-02,2.55100191e-01,2.44140242e-01,3.63315433e-01,3.53362702e-01,4.00550425e-01,4.04051822e-01,4.15487260e-01,4.23143306e-01
4.24000000e+00,9.24624056e-02,9.53085138e-02,2.50189602e-01,2.39444197e-01,3.56608272e-01,3.46600291e-01,3.92644048e-01,3.96333404e-01,4.07362908e-01,4.15065026e-01
4.26000000e+00,9.06185657e-02,9.34569059e-02,2.45366231e-01,2.34836758e-01,3.50014895e-01,3.39965010e-01,3.84889573e-01,3.88759982e-01,3.99400204e-01,4.07138481e-01
4.28000000e+00,8.88094977e-02,9.16405934e-02,2.40629688e-01,2.30316281e-01,3.43534976e-01,3.33454491e-01,3.77285242e-01,3.81328843e-01,3.91597778e-01,3.99360829e-01
4.30000000e+00,8.70341137e-02,8.98589205e-02,2.35978648e-01,2.25881153e-01,3.37163985e-01,3.27066409e-01,3.69829684e-01,3.74037327e-01,3.83952022e-01,3.91729282e-01
4.32000000e+00,8.52922946e-02,8.81112431e-02,2.31411368e-01,2.21529790e-01,3.30902696e-01,3.20798483e-01,3.62518191e-01,3.66882825e-01,3.76460314e-01,3.84241105e-01
4.34000000e+00,8.35833549e-02,8.63969285e-02,2.26926282e-01,2.17260639e-01,3.24746221e-01,3.14648477e-01,3.55348855e-01,3.59862778e-01,3.69119436e-01,3.76893618e-01
4.36000000e+00,8.19066688e-02,8.47153557e-02,2.22522348e-01,2.13072173e-01,3.18696409e-01,3.08614195e-01,3.48319173e-01,3.52974677e-01,3.61925632e-01,3.69684192e-01
4.38000000e+00,8.02619457e-02,8.30659143e-02,2.18196929e-01,2.08962895e-01,3.12749267e-01,3.02693484e-01,3.41426075e-01,3.46216059e-01,3.54875773e-01,3.62610247e-01
4.40000000e+00,7.86482468e-02,8.14480051e-02,2.13949874e-01,2.04931335e-01,3.06903929e-01,2.96884231e-01,3.34668159e-01,3.39584511e-01,3.47968072e-01,3.55669253e-01
4.42000000e+00,7.70655647e-02,7.98610398e-02,2.09779844e-01,2.00976050e-01,3.01158547e-01,2.91184362e-01,3.28042626e-01,3.33077662e-01,3.41199100e-01,3.48858731e-01
4.44000000e+00,7.55129382e-02,7.83044404e-02,2.05685288e-01,1.97095622e-01,2.95511723e-01,2.85591844e-01,3.21546197e-01,3.26693191e-01,3.34565938e-01,3.42176246e-01
4.46000000e+00,7.39901960e-02,7.67776394e-02,2.01664537e-01,1.93288663e-01,2.89961755e-01,2.80104681e-01,3.15177381e-01,3.20428816e-01,3.28065574e-01,3.35619411e-01
4.48000000e+00,7.24966377e-02,7.52800794e-02,1.97716638e-01,1.89553806e-01,2.84506828e-01,2.74720913e-01,3.08933169e-01,3.14282301e-01,3.21696341e-01,3.29185884e-01
4.50000000e+00,7.10320622e-02,7.38112133e-02,1.93840876e-01,1.85889711e-01,2.79146582e-01,2.69438618e-01,3.02812099e-01,3.08251453e-01,3.15454781e-01,3.22873368e-01
4.52000000e+00,6.95956573e-02,7.23705037e-02,1.90035358e-01,1.82295064e-01,2.73878336e-01,2.64255912e-01,2.96811700e-01,3.02334119e-01,3.09337825e-01,3.16679609e-01
4.54000000e+00,6.81872666e-02,7.09574229e-02,1.86298579e-01,1.78768573e-01,2.68700153e-01,2.59170942e-01,2.90928572e-01,2.96528186e-01,3.03343475e-01,3.10602397e-01
4.56000000e+00,6.68061003e-02,6.95714526e-02,1.82630852e-01,1.75308969e-01,2.63612986e-01,2.54181893e-01,2.85162002e-01,2.90831583e-01,2.97469139e-01,3.04639561e-01
4.58000000e+00,6.54518232e-02,6.82120842e-02,1.79029197e-01,1.71915010e-01,2.58612871e-01,2.49286981e-01,2.79509395e-01,2.85242275e-01,2.91712940e-01,2.98788974e-01
4.60000000e+00,6.41240254e-02,6.68788181e-02,1.75493985e-01,1.68585472e-01,2.53700018e-01,2.44484458e-01,2.73968279e-01,2.79758268e-01,2.86071509e-01,2.93048547e-01
4.62000000e+00,6.28221855e-02,6.55711638e-02,1.72023132e-01,1.65319157e-01,2.48873368e-01,2.39772607e-01,2.68536299e-01,2.74377604e-01,2.80543029e-01,2.87416231e-01
4.64000000e+00,6.15459159e-02,6.42886396e-02,1.68616563e-01,1.62114887e-01,2.44130492e-01,2.35149741e-01,2.63212442e-01,2.69098361e-01,2.75125653e-01,2.81890016e-01
4.66000000e+00,6.02947474e-02,6.30307727e-02,1.65272132e-01,1.58971507e-01,2.39470139e-01,2.30614209e-01,2.57993847e-01,2.63918654e-01,2.69815296e-01,2.76467928e-01
4.68000000e+00,5.90683036e-02,6.17970989e-02,1.61989316e-01,1.55887881e-01,2.34892011e-01,2.26164386e-01,2.52878755e-01,2.58836633e-01,2.64611751e-01,2.71148033e-01
4.70000000e+00,5.78659512e-02,6.05871622e-02,1.58767164e-01,1.52862897e-01,2.30394199e-01,2.21798679e-01,2.47865289e-01,2.53850483e-01,2.59511381e-01,2.65928429e-01
4.72000000e+00,5.66873215e-02,5.94005153e-02,1.55604616e-01,1.49895460e-01,2.25975424e-01,2.17515525e-01,2.42951706e-01,2.48958421e-01,2.54513115e-01,2.60807253e-01
4.74000000e+00,5.55324592e-02,5.82367187e-02,1.52500913e-01,1.46984496e-01,2.21634716e-01,2.13313388e-01,2.38134995e-01,2.44158700e-01,2.49614984e-01,2.55782676e-01
4.76000000e+00,5.44002242e-02,5.70953411e-02,1.49454743e-01,1.44128952e-01,2.17371166e-01,2.09190764e-01,2.33414263e-01,2.39449601e-01,2.44813457e-01,2.50852902e-01
4.78000000e+00,5.32906204e-02,5.59759591e-02,1.46465167e-01,1.41327794e-01,2.13183030e-01,2.05146172e-01,2.28788435e-01,2.34829443e-01,2.40108073e-01,2.46016168e-01
4.80000000e+00,5.22033051e-02,5.48781569e-02,1.43531293e-01,1.38580005e-01,2.09069148e-01,2.01178162e-01,2.24254161e-01,2.30296571e-01,2.35496223e-01,2.41270747e-01
4.82000000e+00,5.11375926e-02,5.38015264e-02,1.40652657e-01,1.35884589e-01,2.05029160e-01,1.97285308e-01,2.19810262e-01,2.25849362e-01,2.30975777e-01,2.36614940e-01
4.84000000e+00,5.00932448e-02,5.27456670e-02,1.37827769e-01,1.33240566e-01,2.01060921e-01,1.93466213e-01,2.15455756e-01,2.21486225e-01,2.26544932e-01,2.32047082e-01
4.86000000e+00,4.90700789e-02,5.17101854e-02,1.35056019e-01,1.30646976e-01,1.97164014e-01,1.89719504e-01,2.11187646e-01,2.17205597e-01,2.22202003e-01,2.27565539e-01
4.88000000e+00,4.80675064e-02,5.06946956e-02,1.32336602e-01,1.28102875e-01,1.93337470e-01,1.86043834e-01,2.07004458e-01,2.13005943e-01,2.17945233e-01,2.23168706e-01
4.90000000e+00,4.70849946e-02,4.96988186e-02,1.29668638e-01,1.25607337e-01,1.89579487e-01,1.82437880e-01,2.02905566e-01,2.08885757e-01,2.13772401e-01,2.18855008e-01
4.92000000e+00,4.61223908e-02,4.87221824e-02,1.27050892e-01,1.23159453e-01,1.85889840e-01,1.78900343e-01,1.98888287e-01,2.04843562e-01,2.09682271e-01,2.14622899e-01
4.94000000e+00,4.51792218e-02,4.77644217e-02,1.24483079e-01,1.20758331e-01,1.82266831e-01,1.75429950e-01,1.94951490e-01,2.00877908e-01,2.05672920e-01,2.10470863e-01
4.96000000e+00,4.42551859e-02,4.68251783e-02,1.21964023e-01,1.18403094e-01,1.78709671e-01,1.72025449e-01,1.91094071e-01,1.96987369e-01,2.01742619e-01,2.06397409e-01
4.98000000e+00,4.33501080e-02,4.59041002e-02,1.19492866e-01,1.16092881e-01,1.75217882e-01,1.68685612e-01,1.87313139e-01,1.93170549e-01,1.97889850e-01,2.02401078e-01
5.00000000e+00,4.24632803e-02,4.50008422e-02,1.17069595e-01,1.13826850e-01,1.71789259e-01,1.65409234e-01,1.83608025e-01,1.89426075e-01,1.94112703e-01,1.98480433e-01
5.02000000e+00,4.15945277e-02,4.41150653e-02,1.14692330e-01,1.11604170e-01,1.68423772e-01,1.62195132e-01,1.79977462e-01,1.85752601e-01,1.90410092e-01,1.94634068e-01
5.04000000e+00,4.07435074e-02,4.32464368e-02,1.12360716e-01,1.09424029e-01,1.65120408e-01,1.59042144e-01,1.76419631e-01,1.82148804e-01,1.86780006e-01,1.90860598e-01
5.06000000e+00,3.99099030e-02,4.23946301e-02,1.10074587e-01,1.07285627e-01,1.61877915e-01,1.55949129e-01,1.72933146e-01,1.78613388e-01,1.83221832e-01,1.87158668e-01
5.08000000e+00,3.90932634e-02,4.15593248e-02,1.07832216e-01,1.05188180e-01,1.58695206e-01,1.52914968e-01,1.69516370e-01,1.75145077e-01,1.79732397e-01,1.83526946e-01
5.10000000e+00,3.82933728e-02,4.07402064e-02,1.05633445e-01,1.03130919e-01,1.55571580e-01,1.49938562e-01,1.66167930e-01,1.71742622e-01,1.76311657e-01,1.79964124e-01
5.12000000e+00,3.75099517e-02,3.99369661e-02,1.03477098e-01,1.01113087e-01,1.52505949e-01,1.47018833e-01,1.62886858e-01,1.68404796e-01,1.72958091e-01,1.76468919e-01
5.14000000e+00,3.67427021e-02,3.91493010e-02,1.01363473e-01,9.91339436e-02,1.49497703e-01,1.44154721e-01,1.59671560e-01,1.65130393e-01,1.69669941e-01,1.73040071e-01
5.16000000e+00,3.59911062e-02,3.83769137e-02,9.92908701e-02,9.71927600e-02,1.46545723e-01,1.41345188e-01,1.56521291e-01,1.61918231e-01,1.66445747e-01,1.69676343e-01
5.18000000e+00,3.52550074e-02,3.76195125e-02,9.72587913e-02,9.52888217e-02,1.43648699e-01,1.38589212e-01,1.53433710e-01,1.58767149e-01,1.63284555e-01,1.66376522e-01
5.20000000e+00,3.45342010e-02,3.68768108e-02,9.52666625e-02,9.34214269e-02,1.40806437e-01,1.35885792e-01,1.50408328e-01,1.55676006e-01,1.60184726e-01,1.63139416e-01
5.22000000e+00,3.38282213e-02,3.61485276e-02,9.33138579e-02,9.15898871e-02,1.38017789e-01,1.33233944e-01,1.47443399e-01,1.52643684e-01,1.57145262e-01,1.59963855e-01
5.24000000e+00,3.31367590e-02,3.54343873e-02,9.13996324e-02,8.97935260e-02,1.35281637e-01,1.30632704e-01,1.44537717e-01,1.49669085e-01,1.54164657e-01,1.56848690e-01
5.26000000e+00,3.24595794e-02,3.47341189e-02,8.95232260e-02,8.80316803e-02,1.32597595e-01,1.28081123e-01,1.41690552e-01,1.46751131e-01,1.51241809e-01,1.53792796e-01
5.28000000e+00,3.17965150e-02,3.40474571e-02,8.76841322e-02,8.63036983e-02,1.29964441e-01,1.25578271e-01,1.38900623e-01,1.43888762e-01,1.48375317e-01,1.50795064e-01
5.30000000e+00,3.11471149e-02,3.33741410e-02,8.58816952e-02,8.46089408e-02,1.27381310e-01,1.23123236e-01,1.36166379e-01,1.41080940e-01,1.45564929e-01,1.47854408e-01
5.32000000e+00,3.05111725e-02,3.27139150e-02,8.41151550e-02,8.29467802e-02,1.24847509e-01,1.20715120e-01,1.33486792e-01,1.38326646e-01,1.42808124e-01,1.44969763e-01
5.34000000e+00,2.98885107e-02,3.20665280e-02,8.23840201e-02,8.13166005e-02,1.22362256e-01,1.18353043e-01,1.30861208e-01,1.35624877e-01,1.40104666e-01,1.42140082e-01
5.36000000e+00,2.92786863e-02,3.14317338e-02,8.06875750e-02,7.97177969e-02,1.19924739e-01,1.16036143e-01,1.28288031e-01,1.32974652e-01,1.37453064e-01,1.39364336e-01
5.38000000e+00,2.86814943e-02,3.08092906e-02,7.90252015e-02,7.81497759e-02,1.17533997e-01,1.13763570e-01,1.25766233e-01,1.30375004e-01,1.34852722e-01,1.36641518e-01
5.40000000e+00,2.80968249e-02,3.01989613e-02,7.73962662e-02,7.66119551e-02,1.15189172e-01,1.11534493e-01,1.23295210e-01,1.27824988e-01,1.32302254e-01,1.33970637e-01
5.42000000e+00,2.75242310e-02,2.96005133e-02,7.58004412e-02,7.51037625e-02,1.12889864e-01,1.09348094e-01,1.20873488e-01,1.25323672e-01,1.29800692e-01,1.31350721e-01
5.44000000e+00,2.69635767e-02,2.90137182e-02,7.42368177e-02,7.36246371e-02,1.10634945e-01,1.07203571e-01,1.18499890e-01,1.22870146e-01,1.27346575e-01,1.28780815e-01
5.46000000e+00,2.64145806e-02,2.84383520e-02,7.27049857e-02,7.21740279e-02,1.08423866e-01,1.05100137e-01,1.16173796e-01,1.20463511e-01,1.24939874e-01,1.26259983e-01
5.48000000e+00,2.58769859e-02,2.78741948e-02,7.12041408e-02,7.07513944e-02,1.06255680e-01,1.03037019e-01,1.13894247e-01,1.18102890e-01,1.22579008e-01,1.23787305e-01
5.50000000e+00,2.53506098e-02,2.73210310e-02,6.97340965e-02,6.93562057e-02,1.04129620e-01,1.01013458e-01,1.11659870e-01,1.15787418e-01,1.20263070e-01,1.21361880e-01
5.52000000e+00,2.48352196e-02,2.67786490e-02,6.82938918e-02,6.79879413e-02,1.02045350e-01,9.90287092e-02,1.09470569e-01,1.13516248e-01,1.17991336e-01,1.18982819e-01
5.54000000e+00,2.43305620e-02,2.62468411e-02,6.68833032e-02,6.66460897e-02,1.00001641e-01,9.70820420e-02,1.07324600e-01,1.11288548e-01,1.15762599e-01,1.16649255e-01
5.56000000e+00,2.38364153e-02,2.57254036e-02,6.55016229e-02,6.53301495e-02,9.79979262e-02,9.51727387e-02,1.05221383e-01,1.09103502e-01,1.13576122e-01,1.14360332e-01
5.58000000e+00,2.33525205e-02,2.52141367e-02,6.41483590e-02,6.40396282e-02,9.60334837e-02,9.33000949e-02,1.03160068e-01,1.06960307e-01,1.11430965e-01,1.12115212e-01
5.60000000e+00,2.28787232e-02,2.47128442e-02,6.28227666e-02,6.27740425e-02,9.41077471e-02,9.14634191e-02,1.01139545e-01,1.04858177e-01,1.09326907e-01,1.09913074e-01
5.62000000e+00,2.24148445e-02,2.42213338e-02,6.15247339e-02,6.15329182e-02,9.22197551e-02,8.96620327e-02,9.91591886e-02,1.02796339e-01,1.07262447e-01,1.07753108e-01
5.64000000e+00,2.19605602e-02,2.37394168e-02,6.02532551e-02,6.03157899e-02,9.03693736e-02,8.78952695e-02,9.72181708e-02,1.00774035e-01,1.05236590e-01,1.05634522e-01
5.66000000e+00,2.15157848e-02,2.32669079e-02,5.90083674e-02,5.91222007e-02,8.85550603e-02,8.61624757e-02,9.53158140e-02,9.87905210e-02,1.03249148e-01,1.03556539e-01
5.68000000e+00,2.10802350e-02,2.28036255e-02,5.77890649e-02,5.79517023e-02,8.67769867e-02,8.44630094e-02,9.34510231e-02,9.68450656e-02,1.01298988e-01,1.01518393e-01
5.70000000e+00,2.06538029e-02,2.23493913e-02,5.65953292e-02,5.68038548e-02,8.50341022e-02,8.27962407e-02,9.16230977e-02,9.49369518e-02,9.93857011e-02,9.95193349e-02
5.72000000e+00,2.02362165e-02,2.19040306e-02,5.54262139e-02,5.56782264e-02,8.33256394e-02,8.11615513e-02,8.98314267e-02,9.30654759e-02,9.75078270e-02,9.75586288e-02
5.74000000e+00,1.98273137e-02,2.14673717e-02,5.42815290e-02,5.45743934e-02,8.16512331e-02,7.95583342e-02,8.80752280e-02,9.12299466e-02,9.56654698e-02,9.56355518e-02
5.76000000e+00,1.94269475e-02,2.10392464e-02,5.31607382e-02,5.34919399e-02,8.00099745e-02,7.79859937e-02,8.63534585e-02,8.94296857e-02,9.38574821e-02,9.37493948e-02
5.78000000e+00,1.90348551e-02,2.06194896e-02,5.20632304e-02,5.24304580e-02,7.84013644e-02,7.64439452e-02,8.46656859e-02,8.76640274e-02,9.20833200e-02,9.18994614e-02
5.80000000e+00,1.86509136e-02,2.02079394e-02,5.09887002e-02,5.13895471e-02,7.68249035e-02,7.49316147e-02,8.30111429e-02,8.59323182e-02,9.03422311e-02,9.00850683e-02
5.82000000e+00,1.82749517e-02,1.98044369e-02,4.99367602e-02,5.03688143e-02,7.52798617e-02,7.34484391e-02,8.13890994e-02,8.42339166e-02,8.86335522e-02,8.83055446e-02
5.84000000e+00,1.79068390e-02,1.94088263e-02,4.89066727e-02,4.93678739e-02,7.37657249e-02,7.19938655e-02,7.97990412e-02,8.25681931e-02,8.69566277e-02,8.65602320e-02
5.86000000e+00,1.75462961e-02,1.90209546e-02,4.78984565e-02,4.83863476e-02,7.22816736e-02,7.05673513e-02,7.82402754e-02,8.09345296e-02,8.53110924e-02,8.48484841e-02
5.88000000e+00,1.71932708e-02,1.86406720e-02,4.69112210e-02,4.74238640e-02,7.08273500e-02,6.91683641e-02,7.67119005e-02,7.93323195e-02,8.36957991e-02,8.31696666e-02
5.90000000e+00,1.68475285e-02,1.82678314e-02,4.59448509e-02,4.64800587e-02,6.94023669e-02,6.77963810e-02,7.52135366e-02,7.77609675e-02,8.21103081e-02,8.15231568e-02
5.92000000e+00,1.65088996e-02,1.79022883e-02,4.49987724e-02,4.55545742e-02,6.80054948e-02,6.64508893e-02,7.37445354e-02,7.62198892e-02,8.05545449e-02,7.99083435e-02
5.94000000e+00,1.61773264e-02,1.75439013e-02,4.40725349e-02,4.46470596e-02,6.66368902e-02,6.51313854e-02,7.23042041e-02,7.47085111e-02,7.90274069e-02,7.83246269e-02
5.96000000e+00,1.58525873e-02,1.71925316e-02,4.31658477e-02,4.37571706e-02,6.52957261e-02,6.38373753e-02,7.08920360e-02,7.32262702e-02,7.75281861e-02,7.67714182e-02
5.98000000e+00,1.55345602e-02,1.68480430e-02,4.22782116e-02,4.28845694e-02,6.39813170e-02,6.25683741e-02,6.95070997e-02,7.17726140e-02,7.60566518e-02,7.52481396e-02
6.00000000e+00,1.52230635e-02,1.65103017e-02,4.14093062e-02,4.20289246e-02,6.26933277e-02,6.13239058e-02,6.81494549e-02,7.03470002e-02,7.46123642e-02,7.37542238e-02
6.02000000e+00,1.49180051e-02,1.61791770e-02,4.05587703e-02,4.11899109e-02,6.14311323e-02,6.01035035e-02,6.68182001e-02,6.89488966e-02,7.31945187e-02,7.22891142e-02
6.04000000e+00,1.46191660e-02,1.58545401e-02,3.97261828e-02,4.03672091e-02,6.01943918e-02,5.89067088e-02,6.55126795e-02,6.75777809e-02,7.18028024e-02,7.08522643e-02
6.06000000e+00,1.43265380e-02,1.55362650e-02,3.89112234e-02,3.95605061e-02,5.89824170e-02,5.77330718e-02,6.42325133e-02,6.62331404e-02,7.04365298e-02,6.94431379e-02
6.08000000e+00,1.40398871e-02,1.52242281e-02,3.81134301e-02,3.87694947e-02,5.77947162e-02,5.65821512e-02,6.29772022e-02,6.49144719e-02,6.90951794e-02,6.80612087e-02
6.10000000e+00,1.37591092e-02,1.49183081e-02,3.73323411e-02,3.79938733e-02,5.66309467e-02,5.54535138e-02,6.17461391e-02,6.36212816e-02,6.77785799e-02,6.67059602e-02
6.12000000e+00,1.34841027e-02,1.46183861e-02,3.65679078e-02,3.72333463e-02,5.54905050e-02,5.43467343e-02,6.05388172e-02,6.23530849e-02,6.64859340e-02,6.53768853e-02
6.14000000e+00,1.32146720e-02,1.43243453e-02,3.58195566e-02,3.64876234e-02,5.43728955e-02,5.32613957e-02,5.93549497e-02,6.11094062e-02,6.52168468e-02,6.40734866e-02
6.16000000e+00,1.29507696e-02,1.40360713e-02,3.50870192e-02,3.57564199e-02,5.32778576e-02,5.21970885e-02,5.81937991e-02,5.98897787e-02,6.39710724e-02,6.27952756e-02
6.18000000e+00,1.26922335e-02,1.37534519e-02,3.43699120e-02,3.50394564e-02,5.22047207e-02,5.11534110e-02,5.70548549e-02,5.86937444e-02,6.27478808e-02,6.15417733e-02
6.20000000e+00,1.24389594e-02,1.34763770e-02,3.36680152e-02,3.43364588e-02,5.11530042e-02,5.01299690e-02,5.59380166e-02,5.75208536e-02,6.15469255e-02,6.03125092e-02
6.22000000e+00,1.21908663e-02,1.32047386e-02,3.29808071e-02,3.36471582e-02,5.01225851e-02,4.91263755e-02,5.48426323e-02,5.63706652e-02,6.03676923e-02,5.91070219e-02
6.24000000e+00,1.19477976e-02,1.29384308e-02,3.23081501e-02,3.29712909e-02,4.91127297e-02,4.81422510e-02,5.37682660e-02,5.52427462e-02,5.92100359e-02,5.79248582e-02
6.26000000e+00,1.17096510e-02,1.26773497e-02,3.16497087e-02,3.23085978e-02,4.81230542e-02,4.71772228e-02,5.27144410e-02,5.41366718e-02,5.80734313e-02,5.67655738e-02
6.28000000e+00,1.14762913e-02,1.24213935e-02,3.10050882e-02,3.16588251e-02,4.71532643e-02,4.62309256e-02,5.16806282e-02,5.30520250e-02,5.69573380e-02,5.56287323e-02
6.30000000e+00,1.12476824e-02,1.21704624e-02,3.03741135e-02,3.10217237e-02,4.62028757e-02,4.53030005e-02,5.06667532e-02,5.19883967e-02,5.58615178e-02,5.45139056e-02
6.32000000e+00,1.10236658e-02,1.19244582e-02,2.97563411e-02,3.03970492e-02,4.52714711e-02,4.43930956e-02,4.96721640e-02,5.09453853e-02,5.47854826e-02,5.34206737e-02
6.34000000e+00,1.08041875e-02,1.16832850e-02,2.91515682e-02,2.97845616e-02,4.43587229e-02,4.35008657e-02,4.86964993e-02,4.99225968e-02,5.37289716e-02,5.23486241e-02
6.36000000e+00,1.05890939e-02,1.14468484e-02,2.85594519e-02,2.91840259e-02,4.34642993e-02,4.26259716e-02,4.77394946e-02,4.89196446e-02,5.26914932e-02,5.12973524e-02
6.38000000e+00,1.03783365e-02,1.12150561e-02,2.79798452e-02,2.85952113e-02,4.25875746e-02,4.17680811e-02,4.68006693e-02,4.79361493e-02,5.16728647e-02,5.02664615e-02
6.40000000e+00,1.01717999e-02,1.09878175e-02,2.74123289e-02,2.80178912e-02,4.17284518e-02,4.09268678e-02,4.58796546e-02,4.69717385e-02,5.06724939e-02,4.92555618e-02
6.42000000e+00,9.96939093e-03,1.07650435e-02,2.68567000e-02,2.74518437e-02,4.08864282e-02,4.01020116e-02,4.49760705e-02,4.60260470e-02,4.96902689e-02,4.82642710e-02
6.44000000e+00,9.77102295e-03,1.05466471e-02,2.63126995e-02,2.68968508e-02,4.00611535e-02,3.92931984e-02,4.40897085e-02,4.50987162e-02,4.87258583e-02,4.72922140e-02
6.46000000e+00,9.57661774e-03,1.03325428e-02,2.57801767e-02,2.63526989e-02,3.92523147e-02,3.85001200e-02,4.32199612e-02,4.41893945e-02,4.77786027e-02,4.63390227e-02
6.48000000e+00,9.38605331e-03,1.01226467e-02,2.52585933e-02,2.58191782e-02,3.84595804e-02,3.77224740e-02,4.23667878e-02,4.32977365e-02,4.68485989e-02,4.54043357e-02
6.50000000e+00,9.19928402e-03,9.91687656e-03,2.47479845e-02,2.52960831e-02,3.76825184e-02,3.69599638e-02,4.15296927e-02,4.24234038e-02,4.59352471e-02,4.44877987e-02
6.52000000e+00,9.01621487e-03,9.71515182e-03,2.42479704e-02,2.47832117e-02,3.69209684e-02,3.62122982e-02,4.07084674e-02,4.15660639e-02,4.50382940e-02,4.35890638e-02
6.54000000e+00,8.83679185e-03,9.51739338e-03,2.37583201e-02,2.42803662e-02,3.61745879e-02,3.54791917e-02,3.99026573e-02,4.07253908e-02,4.41576801e-02,4.27077899e-02
6.56000000e+00,8.66089948e-03,9.32352369e-03,2.32788827e-02,2.37873524e-02,3.54427844e-02,3.47603641e-02,3.91119942e-02,3.99010646e-02,4.32928167e-02,4.18436419e-02
6.58000000e+00,8.48846789e-03,9.13346672e-03,2.28093918e-02,2.33039799e-02,3.47255506e-02,3.40555405e-02,3.83361727e-02,3.90927713e-02,4.24434952e-02,4.09962914e-02
6.60000000e+00,8.31942540e-03,8.94714790e-03,2.23495811e-02,2.28300618e-02,3.40225250e-02,3.33644510e-02,3.75750959e-02,3.83002030e-02,4.16094847e-02,4.01654160e-02
6.62000000e+00,8.15370865e-03,8.76449410e-03,2.18992494e-02,2.23654150e-02,3.33333574e-02,3.26868312e-02,3.68281975e-02,3.75230575e-02,4.07905616e-02,3.93506993e-02
6.64000000e+00,7.99123757e-03,8.58543361e-03,2.14582216e-02,2.19098595e-02,3.26576903e-02,3.20224215e-02,3.60953361e-02,3.67610381e-02,3.99861746e-02,3.85518310e-02
6.66000000e+00,7.83194322e-03,8.40989612e-03,2.10262369e-02,2.14632191e-02,3.19953635e-02,3.13709671e-02,3.53761874e-02,3.60138542e-02,3.91963571e-02,3.77685065e-02
6.68000000e+00,7.67578185e-03,8.23781267e-03,2.06032079e-02,2.10253209e-02,3.13461572e-02,3.07322181e-02,3.46705690e-02,3.52812201e-02,3.84208299e-02,3.70004271e-02
6.70000000e+00,7.52263935e-03,8.06911564e-03,2.01887526e-02,2.05959952e-02,3.07095703e-02,3.01059294e-02,3.39781158e-02,3.45628559e-02,3.76592316e-02,3.62472996e-02
6.72000000e+00,7.37247942e-03,7.90373873e-03,1.97828282e-02,2.01750757e-02,3.00855227e-02,2.94918606e-02,3.32986191e-02,3.38584869e-02,3.69113721e-02,3.55088364e-02
6.74000000e+00,7.22522615e-03,7.74161691e-03,1.93852261e-02,1.97623990e-02,2.94737201e-02,2.88897757e-02,3.26318592e-02,3.31678434e-02,3.61768901e-02,3.47847553e-02
6.76000000e+00,7.08084041e-03,7.58268643e-03,1.89957023e-02,1.93578051e-02,2.88738087e-02,2.82994433e-02,3.19775753e-02,3.24906611e-02,3.54556218e-02,3.40747793e-02
6.78000000e+00,6.93923794e-03,7.42688476e-03,1.86140779e-02,1.89611370e-02,2.82857865e-02,2.77206363e-02,3.13353986e-02,3.18266804e-02,3.47474627e-02,3.33786370e-02
6.80000000e+00,6.80037495e-03,7.27415061e-03,1.82402413e-02,1.85722406e-02,2.77091041e-02,2.71531319e-02,3.07053532e-02,3.11756469e-02,3.40520144e-02,3.26960618e-02
6.82000000e+00,6.66418113e-03,7.12442386e-03,1.78739615e-02,1.81909649e-02,2.71436665e-02,2.65967118e-02,3.00869849e-02,3.05373109e-02,3.33691463e-02,3.20267922e-02
6.84000000e+00,6.53060479e-03,6.97764556e-03,1.75150800e-02,1.78171618e-02,2.65892614e-02,2.60511614e-02,2.94800755e-02,2.99114272e-02,3.26986238e-02,3.13705718e-02
6.86000000e+00,6.39960589e-03,6.83375791e-03,1.71634313e-02,1.74506858e-02,2.60456596e-02,2.55162705e-02,2.88846157e-02,2.92977557e-02,3.20402086e-02,3.07271488e-02
6.88000000e+00,6.27110573e-03,6.69270424e-03,1.68188699e-02,1.70913946e-02,2.55125966e-02,2.49918330e-02,2.83001550e-02,2.86960605e-02,3.13936248e-02,3.00962765e-02
6.90000000e+00,6.14507124e-03,6.55442897e-03,1.64812207e-02,1.67391482e-02,2.49898192e-02,2.44776463e-02,2.77266707e-02,2.81061103e-02,3.07588670e-02,2.94777125e-02
6.92000000e+00,6.02142978e-03,6.41887760e-03,1.61503367e-02,1.63938095e-02,2.44772416e-02,2.39735121e-02,2.71638017e-02,2.75276781e-02,3.01354937e-02,2.88712193e-02
6.94000000e+00,5.90015203e-03,6.28599672e-03,1.58260781e-02,1.60552442e-02,2.39745770e-02,2.34792357e-02,2.66114604e-02,2.69605415e-02,2.95234695e-02,2.82765638e-02
6.96000000e+00,5.78117603e-03,6.15573392e-03,1.55082550e-02,1.57233202e-02,2.34815851e-02,2.29946259e-02,2.60693524e-02,2.64044820e-02,2.89226025e-02,2.76935174e-02
6.98000000e+00,5.66447480e-03,6.02803783e-03,1.51967863e-02,1.53979083e-02,2.29981653e-02,2.25194956e-02,2.55374014e-02,2.58592854e-02,2.83325892e-02,2.71218556e-02
7.00000000e+00,5.54996822e-03,5.90285809e-03,1.48914959e-02,1.50788815e-02,2.25240104e-02,2.20536609e-02,2.50153113e-02,2.53247415e-02,2.77532954e-02,2.65613584e-02
7.02000000e+00,5.43764653e-03,5.78014530e-03,1.45922545e-02,1.47661155e-02,2.20590457e-02,2.15969416e-02,2.45029796e-02,2.48006443e-02,2.71846056e-02,2.60118099e-02
7.04000000e+00,5.32743847e-03,5.65985104e-03,1.42989233e-02,1.44594883e-02,2.16029435e-02,2.11491608e-02,2.40001641e-02,2.42867914e-02,2.66263038e-02,2.54729984e-02
7.06000000e+00,5.21930959e-03,5.54192782e-03,1.40113635e-02,1.41588800e-02,2.11556796e-02,2.07101452e-02,2.35067792e-02,2.37829846e-02,2.60781199e-02,2.49447161e-02
7.08000000e+00,5.11321658e-03,5.42632908e-03,1.37294671e-02,1.38641735e-02,2.07169633e-02,2.02797246e-02,2.30225008e-02,2.32890292e-02,2.55399607e-02,2.44267593e-02
7.10000000e+00,5.00912033e-03,5.31300918e-03,1.34530896e-02,1.35752535e-02,2.02866662e-02,1.98577321e-02,2.25473195e-02,2.28047344e-02,2.50117686e-02,2.39189279e-02
7.12000000e+00,4.90698637e-03,5.20192336e-03,1.31821372e-02,1.32920071e-02,1.98646523e-02,1.94440041e-02,2.20810045e-02,2.23299130e-02,2.44931653e-02,2.34210259e-02
7.14000000e+00,4.80676303e-03,5.09302773e-03,1.29164485e-02,1.30143238e-02,1.94506887e-02,1.90383800e-02,2.16233712e-02,2.18643812e-02,2.39841249e-02,2.29328610e-02
7.16000000e+00,4.70843026e-03,4.98627926e-03,1.26559604e-02,1.27420949e-02,1.90446526e-02,1.86407024e-02,2.11742949e-02,2.14079589e-02,2.34845150e-02,2.24542444e-02
7.18000000e+00,4.61192522e-03,4.88163577e-03,1.24005238e-02,1.24752138e-02,1.86463520e-02,1.82508169e-02,2.07335968e-02,2.09604695e-02,2.29939986e-02,2.19849911e-02
7.20000000e+00,4.51722275e-03,4.77905588e-03,1.21500343e-02,1.22135763e-02,1.82557013e-02,1.78685719e-02,2.03011651e-02,2.05217397e-02,2.25126185e-02,2.15249196e-02
7.22000000e+00,4.42429725e-03,4.67849905e-03,1.19043877e-02,1.19570799e-02,1.78725123e-02,1.74938189e-02,1.98768321e-02,2.00915993e-02,2.20400989e-02,2.10738516e-02
7.24000000e+00,4.33309842e-03,4.57992550e-03,1.16635151e-02,1.17056242e-02,1.74966659e-02,1.71264122e-02,1.94604956e-02,1.96698816e-02,2.15763636e-02,2.06316126e-02
7.26000000e+00,4.24360437e-03,4.48329624e-03,1.14272647e-02,1.14591106e-02,1.71279069e-02,1.67662088e-02,1.90518796e-02,1.92564231e-02,2.11212691e-02,2.01980313e-02
7.28000000e+00,4.15578298e-03,4.38857306e-03,1.11955488e-02,1.12174427e-02,1.67662166e-02,1.64130686e-02,1.86509583e-02,1.88510634e-02,2.06746273e-02,1.97729394e-02
7.30000000e+00,4.06959420e-03,4.29571847e-03,1.09682763e-02,1.09805257e-02,1.64114255e-02,1.60668541e-02,1.82575919e-02,1.84536450e-02,2.02363413e-02,1.93561723e-02
7.32000000e+00,3.98500729e-03,4.20469572e-03,1.07453549e-02,1.07482667e-02,1.60633642e-02,1.57274304e-02,1.78716443e-02,1.80640137e-02,1.98062137e-02,1.89475682e-02
7.34000000e+00,3.90199409e-03,4.11546879e-03,1.05266823e-02,1.05205747e-02,1.57219488e-02,1.53946653e-02,1.74929462e-02,1.76820180e-02,1.93841737e-02,1.85469685e-02
7.36000000e+00,3.82051710e-03,4.02800235e-03,1.03121763e-02,1.02973603e-02,1.53870489e-02,1.50684291e-02,1.71213746e-02,1.73075095e-02,1.89700704e-02,1.81542177e-02
7.38000000e+00,3.74055631e-03,3.94226177e-03,1.01017551e-02,1.00785360e-02,1.50585072e-02,1.47485946e-02,1.67568568e-02,1.69403426e-02,1.85637642e-02,1.77691632e-02
7.40000000e+00,3.66207981e-03,3.85821310e-03,9.89533775e-03,9.86401583e-03,1.47362836e-02,1.44350370e-02,1.63992159e-02,1.65803743e-02,1.81651171e-02,1.73916554e-02
7.42000000e+00,3.58504988e-03,3.77582305e-03,9.69281234e-03,9.65371565e-03,1.44201182e-02,1.41276339e-02,1.60483886e-02,1.62274647e-02,1.77740138e-02,1.70215474e-02
7.44000000e+00,3.50946328e-03,3.69505898e-03,9.49413422e-03,9.44755283e-03,1.41100008e-02,1.38262655e-02,1.57042053e-02,1.58814763e-02,1.73903406e-02,1.66586954e-02
7.46000000e+00,3.43526504e-03,3.61588888e-03,9.29919165e-03,9.24544640e-03,1.38058169e-02,1.35308139e-02,1.53665403e-02,1.55422743e-02,1.70139465e-02,1.63029581e-02
7.48000000e+00,3.36245121e-03,3.53828139e-03,9.10792965e-03,9.04731693e-03,1.35074174e-02,1.32411638e-02,1.50353462e-02,1.52097266e-02,1.66447852e-02,1.59541971e-02
7.50000000e+00,3.29098781e-03,3.46220575e-03,8.92027002e-03,8.85308655e-03,1.32146981e-02,1.29572019e-02,1.47104617e-02,1.48837037e-02,1.62826404e-02,1.56122765e-02
7.52000000e+00,3.22084804e-03,3.38763179e-03,8.73613171e-03,8.66267891e-03,1.29275955e-02,1.26788174e-02,1.43917743e-02,1.45640782e-02,1.59274712e-02,1.52770632e-02
7.54000000e+00,3.15201539e-03,3.31452997e-03,8.55545979e-03,8.47601912e-03,1.26459468e-02,1.24059012e-02,1.40791871e-02,1.42507257e-02,1.55790821e-02,1.49484265e-02
7.56000000e+00,3.08445957e-03,3.24287128e-03,8.37815646e-03,8.29303376e-03,1.23696970e-02,1.21383467e-02,1.37726255e-02,1.39435237e-02,1.52374357e-02,1.46262382e-02
7.58000000e+00,3.01815313e-03,3.17262731e-03,8.20415281e-03,8.11365083e-03,1.20987426e-02,1.18760492e-02,1.34719545e-02,1.36423524e-02,1.49024129e-02,1.43103728e-02
7.60000000e+00,2.95308325e-03,3.10377021e-03,8.03341623e-03,7.93779974e-03,1.18329609e-02,1.16189060e-02,1.31770959e-02,1.33470941e-02,1.45739103e-02,1.40007070e-02
7.62000000e+00,2.88922084e-03,3.03627265e-03,7.86587875e-03,7.76541125e-03,1.15722856e-02,1.13668163e-02,1.28879258e-02,1.30576336e-02,1.42517574e-02,1.36971199e-02
7.64000000e+00,2.82654795e-03,2.97010786e-03,7.70143745e-03,7.59641750e-03,1.13166245e-02,1.11196815e-02,1.26043465e-02,1.27738576e-02,1.39359022e-02,1.33994929e-02
7.66000000e+00,2.76504084e-03,2.90524959e-03,7.54009979e-03,7.43075191e-03,1.10658593e-02,1.08774047e-02,1.23263020e-02,1.24956554e-02,1.36262225e-02,1.31077099e-02
7.68000000e+00,2.70468369e-03,2.84167208e-03,7.38172652e-03,7.26834923e-03,1.08199324e-02,1.06398910e-02,1.20536191e-02,1.22229180e-02,1.33226495e-02,1.28216568e-02
7.70000000e+00,2.64545623e-03,2.77935012e-03,7.22630788e-03,7.10914547e-03,1.05787478e-02,1.04070472e-02,1.17862951e-02,1.19555387e-02,1.30250119e-02,1.25412217e-02
7.72000000e+00,2.58732820e-03,2.71825896e-03,7.07377028e-03,6.95307787e-03,1.03422292e-02,1.01787820e-02,1.15242070e-02,1.16934131e-02,1.27332909e-02,1.22662952e-02
7.74000000e+00,2.53029168e-03,2.65837435e-03,6.92406949e-03,6.80008491e-03,1.01102851e-02,9.95500595e-03,1.12672113e-02,1.14364383e-02,1.24473190e-02,1.19967696e-02
7.76000000e+00,2.47432850e-03,2.59967252e-03,6.77716779e-03,6.65010626e-03,9.88284498e-03,9.73563112e-03,1.10153165e-02,1.11845139e-02,1.21670449e-02,1.17325394e-02
7.78000000e+00,2.41941027e-03,2.54213014e-03,6.63295947e-03,6.50308277e-03,9.65980906e-03,9.52057145e-03,1.07683744e-02,1.09375411e-02,1.18923662e-02,1.14735013e-02
7.80000000e+00,2.36552488e-03,2.48572437e-03,6.49144221e-03,6.35895643e-03,9.44115594e-03,9.30974248e-03,1.05262967e-02,1.06954232e-02,1.16231469e-02,1.12195538e-02
7.82000000e+00,2.31266022e-03,2.43043280e-03,6.35254988e-03,6.21767039e-03,9.22671892e-03,9.10306143e-03,1.02890367e-02,1.04580652e-02,1.13593489e-02,1.09705974e-02
7.84000000e+00,2.26078648e-03,2.37623347e-03,6.21622102e-03,6.07916888e-03,9.01649799e-03,8.90044707e-03,1.00564640e-02,1.02253742e-02,1.11008305e-02,1.07265347e-02
7.86000000e+00,2.20989762e-03,2.32310485e-03,6.08242303e-03,5.94339722e-03,8.81040469e-03,8.70181981e-03,9.82856564e-03,9.99725878e-03,1.08475704e-02,1.04872700e-02
7.88000000e+00,2.15997314e-03,2.27102582e-03,5.95111307e-03,5.81030182e-03,8.60836357e-03,8.50710155e-03,9.60519258e-03,9.77362953e-03,1.05993636e-02,1.02527095e-02
7.90000000e+00,2.11099791e-03,2.21997569e-03,5.82222734e-03,5.67983010e-03,8.41032993e-03,8.31621574e-03,9.38631222e-03,9.55439868e-03,1.03562344e-02,1.00227612e-02
7.92000000e+00,2.06295238e-03,2.16993417e-03,5.69574721e-03,5.55193054e-03,8.21617898e-03,8.12908731e-03,9.17182583e-03,9.33948018e-03,1.01180300e-02,9.79733488e-03
7.94000000e+00,2.01582629e-03,2.12088138e-03,5.57159958e-03,5.42655260e-03,8.02589674e-03,7.94564263e-03,8.96164682e-03,9.12878963e-03,9.88472160e-03,9.57634212e-03
7.96000000e+00,1.96959917e-03,2.07279780e-03,5.44976955e-03,5.30364674e-03,7.83939473e-03,7.76580954e-03,8.75572488e-03,8.92224429e-03,9.65613779e-03,9.35969619e-03
7.98000000e+00,1.92425901e-03,2.02566434e-03,5.33018494e-03,5.18316439e-03,7.65660452e-03,7.58951723e-03,8.55397061e-03,8.71976301e-03,9.43225995e-03,9.14731201e-03
8.00000000e+00,1.87978928e-03,1.97946224e-03,5.21282526e-03,5.06505791e-03,7.47748837e-03,7.41669632e-03,8.35632812e-03,8.52126621e-03,9.21300240e-03,8.93910620e-03
8.02000000e+00,1.83617475e-03,1.93417313e-03,5.09766489e-03,4.94928062e-03,7.30197458e-03,7.24727873e-03,8.16268753e-03,8.32667588e-03,8.99822731e-03,8.73499694e-03
8.04000000e+00,1.79340714e-03,1.88977901e-03,4.98462887e-03,4.83578673e-03,7.12999841e-03,7.08119776e-03,7.97302928e-03,8.13591550e-03,8.78790207e-03,8.53490405e-03
8.06000000e+00,1.75146793e-03,1.84626222e-03,4.87372233e-03,4.72453135e-03,6.96149841e-03,6.91838795e-03,7.78723508e-03,7.94891004e-03,8.58191121e-03,8.33874889e-03
8.08000000e+00,1.71033968e-03,1.80360545e-03,4.76486282e-03,4.61547047e-03,6.79640705e-03,6.75878515e-03,7.60525558e-03,7.76558594e-03,8.38023424e-03,8.14645432e-03
8.10000000e+00,1.67001807e-03,1.76179172e-03,4.65805270e-03,4.50856093e-03,6.63467683e-03,6.60232645e-03,7.42702512e-03,7.58587106e-03,8.18271469e-03,7.95794473e-03
8.12000000e+00,1.63048063e-03,1.72080441e-03,4.55322443e-03,4.40376043e-03,6.47627423e-03,6.44895017e-03,7.25247432e-03,7.40969467e-03,7.98930228e-03,7.77314597e-03
8.14000000e+00,1.59172120e-03,1.68062721e-03,4.45036916e-03,4.30102749e-03,6.32112520e-03,6.29859583e-03,7.08153890e-03,7.23698739e-03,7.79994857e-03,7.59198533e-03
8.16000000e+00,1.55372173e-03,1.64124413e-03,4.34942869e-03,4.20032144e-03,6.16916316e-03,6.15120411e-03,6.91411179e-03,7.06768123e-03,7.61452690e-03,7.41439151e-03
8.18000000e+00,1.51647243e-03,1.60263950e-03,4.25038859e-03,4.10160241e-03,6.02034992e-03,6.00671687e-03,6.75019249e-03,6.90170949e-03,7.43299862e-03,7.24029460e-03
8.20000000e+00,1.47995900e-03,1.56479796e-03,4.15320788e-03,4.00483130e-03,5.87462448e-03,5.86507709e-03,6.58968836e-03,6.73900679e-03,7.25526921e-03,7.06962605e-03
8.22000000e+00,1.44416955e-03,1.52770444e-03,4.05785209e-03,3.90996980e-03,5.73193468e-03,5.72622888e-03,6.43249787e-03,6.57950900e-03,7.08125578e-03,6.90231863e-03
8.24000000e+00,1.40909315e-03,1.49134418e-03,3.96429235e-03,3.81698031e-03,5.59223862e-03,5.59011741e-03,6.27860660e-03,6.42315326e-03,6.91088568e-03,6.73830644e-03
8.26000000e+00,1.37471675e-03,1.45570270e-03,3.87249631e-03,3.72582600e-03,5.45546832e-03,5.45668894e-03,6.12793909e-03,6.26987792e-03,6.74410863e-03,6.57752486e-03
8.28000000e+00,1.34102791e-03,1.42076582e-03,3.78242950e-03,3.63647075e-03,5.32159396e-03,5.32589078e-03,5.98041387e-03,6.11962253e-03,6.58082683e-03,6.41991050e-03
8.30000000e+00,1.30801194e-03,1.38651963e-03,3.69406259e-03,3.54887915e-03,5.19054430e-03,5.19767125e-03,5.83598064e-03,5.97232784e-03,6.42096857e-03,6.26540124e-03
8.32000000e+00,1.27566501e-03,1.35295049e-03,3.60736810e-03,3.46301648e-03,5.06228767e-03,5.07197971e-03,5.69457933e-03,5.82793572e-03,6.26448588e-03,6.11393615e-03
8.34000000e+00,1.24396652e-03,1.32004503e-03,3.52231669e-03,3.37884870e-03,4.93675517e-03,4.94876648e-03,5.55614242e-03,5.68638921e-03,6.11126190e-03,5.96545550e-03
8.36000000e+00,1.21291203e-03,1.28779015e-03,3.43887717e-03,3.29634243e-03,4.81392676e-03,4.82798286e-03,5.42061264e-03,5.54763243e-03,5.96125284e-03,5.81990070e-03
8.38000000e+00,1.18248281e-03,1.25617300e-03,3.35701206e-03,3.21546497e-03,4.69373818e-03,4.70958110e-03,5.28792385e-03,5.41161060e-03,5.81439212e-03,5.67721432e-03
8.40000000e+00,1.15267746e-03,1.22518099e-03,3.27670411e-03,3.13618424e-03,4.57613310e-03,4.59351438e-03,5.15801832e-03,5.27827002e-03,5.67060383e-03,5.53734006e-03
8.42000000e+00,1.12347642e-03,1.19480178e-03,3.19792028e-03,3.05846878e-03,4.46107751e-03,4.47973682e-03,5.03084296e-03,5.14755802e-03,5.52981533e-03,5.40022270e-03
8.44000000e+00,1.09487004e-03,1.16502326e-03,3.12063354e-03,2.98228778e-03,4.34852019e-03,4.36820339e-03,4.90633631e-03,5.01942297e-03,5.39196143e-03,5.26580810e-03
8.46000000e+00,1.06684864e-03,1.13583357e-03,3.04480852e-03,2.90761099e-03,4.23841132e-03,4.25886998e-03,4.78444481e-03,4.89381425e-03,5.25696250e-03,5.13404317e-03
8.48000000e+00,1.03940151e-03,1.10722108e-03,2.97042890e-03,2.83440880e-03,4.13071597e-03,4.15169333e-03,4.66508605e-03,4.77068221e-03,5.12477430e-03,5.00487589e-03
8.50000000e+00,1.01251586e-03,1.07917439e-03,2.89745745e-03,2.76265215e-03,4.02537268e-03,4.04663102e-03,4.54822090e-03,4.64997819e-03,4.99530509e-03,4.87825520e-03
8.52000000e+00,9.86184576e-04,1.05168233e-03,2.82587111e-03,2.69231255e-03,3.92234465e-03,3.94364147e-03,4.43378650e-03,4.53165447e-03,4.86850506e-03,4.75413108e-03
8.54000000e+00,9.60393168e-04,1.02473394e-03,2.75563914e-03,2.62336209e-03,3.82158114e-03,3.84268390e-03,4.32172604e-03,4.41566427e-03,4.74429503e-03,4.63245448e-03
8.56000000e+00,9.35131044e-04,9.98318471e-04,2.68673687e-03,2.55577339e-03,3.72304441e-03,3.74371833e-03,4.21198644e-03,4.30196171e-03,4.62262798e-03,4.51317730e-03
8.58000000e+00,9.10388306e-04,9.72425410e-04,2.61913892e-03,2.48951961e-03,3.62667814e-03,3.64670559e-03,4.10450017e-03,4.19050182e-03,4.50342987e-03,4.39625237e-03
8.60000000e+00,8.86154012e-04,9.47044431e-04,2.55281385e-03,2.42457445e-03,3.53244739e-03,3.55160724e-03,3.99922347e-03,4.08124050e-03,4.38663643e-03,4.28163346e-03
8.62000000e+00,8.62419314e-04,9.22165418e-04,2.48773606e-03,2.36091211e-03,3.44029418e-03,3.45838561e-03,3.89609276e-03,3.97413453e-03,4.27219132e-03,4.16927523e-03
8.64000000e+00,8.39170651e-04,8.97778454e-04,2.42388016e-03,2.29850729e-03,3.35018244e-03,3.36700376e-03,3.79506499e-03,3.86914151e-03,4.16002981e-03,4.05913325e-03
8.66000000e+00,8.16399115e-04,8.73873817e-04,2.36121775e-03,2.23733523e-03,3.26205906e-03,3.27742549e-03,3.69606749e-03,3.76621988e-03,4.05009463e-03,3.95116392e-03
8.68000000e+00,7.94093416e-04,8.50441976e-04,2.29972322e-03,2.17737159e-03,3.17589217e-03,3.18961529e-03,3.59905208e-03,3.66532890e-03,3.94232385e-03,3.84532453e-03
8.70000000e+00,7.72243133e-04,8.27473591e-04,2.23936699e-03,2.11859258e-03,3.09162191e-03,3.10353835e-03,3.50396521e-03,3.56642863e-03,3.83665040e-03,3.74157318e-03
8.72000000e+00,7.50838662e-04,8.04959504e-04,2.18012696e-03,2.06097481e-03,3.00920918e-03,3.01916056e-03,3.41076357e-03,3.46947989e-03,3.73302400e-03,3.63986880e-03
8.74000000e+00,7.29870168e-04,7.82890736e-04,2.12197308e-03,2.00449540e-03,2.92860484e-03,2.93644845e-03,3.31938011e-03,3.37444428e-03,3.63139878e-03,3.54017112e-03
8.76000000e+00,7.09324842e-04,7.61258489e-04,2.06487929e-03,1.94913190e-03,2.84976279e-03,2.85536922e-03,3.22977128e-03,3.28128417e-03,3.53171304e-03,3.44244067e-03
8.78000000e+00,6.89195644e-04,7.40054136e-04,2.00882368e-03,1.89486230e-03,2.77264556e-03,2.77589072e-03,3.14188679e-03,3.18996262e-03,3.43391206e-03,3.34663873e-03
8.80000000e+00,6.69470232e-04,7.19269221e-04,1.95376948e-03,1.84166502e-03,2.69719586e-03,2.69798143e-03,3.05566471e-03,3.10044347e-03,3.33794253e-03,3.25272737e-03
8.82000000e+00,6.50138303e-04,6.98895454e-04,1.89970515e-03,1.78951891e-03,2.62337760e-03,2.62161042e-03,2.97106360e-03,3.01269123e-03,3.24375462e-03,3.16066936e-03
8.84000000e+00,6.31190545e-04,6.78924710e-04,1.84659357e-03,1.73840325e-03,2.55113561e-03,2.54674741e-03,2.88803596e-03,2.92667111e-03,3.15129710e-03,3.07042824e-03
8.86000000e+00,6.12617994e-04,6.59349023e-04,1.79441494e-03,1.68829769e-03,2.48042634e-03,2.47336268e-03,2.80653685e-03,2.84234902e-03,3.06054088e-03,2.98196824e-03
8.88000000e+00,5.94410521e-04,6.40160585e-04,1.74314040e-03,1.63918231e-03,2.41121580e-03,2.40142711e-03,2.72650807e-03,2.75969151e-03,2.97142030e-03,2.89525430e-03
8.90000000e+00,5.76557126e-04,6.21351741e-04,1.69274805e-03,1.59103758e-03,2.34343833e-03,2.33091214e-03,2.64791329e-03,2.67866582e-03,2.88389693e-03,2.81025205e-03
8.92000000e+00,5.59050823e-04,6.02914988e-04,1.64321065e-03,1.54384435e-03,2.27706158e-03,2.26178979e-03,2.57070805e-03,2.59923980e-03,2.79793842e-03,2.72692778e-03
8.94000000e+00,5.41879097e-04,5.84842972e-04,1.59450911e-03,1.49758384e-03,2.21202942e-03,2.19403260e-03,2.49484577e-03,2.52138195e-03,2.71349004e-03,2.64524844e-03
8.96000000e+00,5.25035372e-04,5.67128482e-04,1.54661166e-03,1.45223765e-03,2.14830646e-03,2.12761368e-03,2.42029293e-03,2.44506138e-03,2.63052527e-03,2.56518166e-03
8.98000000e+00,5.08511148e-04,5.49764451e-04,1.49950141e-03,1.40778772e-03,2.08583404e-03,2.06250665e-03,2.34700344e-03,2.37024781e-03,2.54900288e-03,2.48669566e-03
9.00000000e+00,4.92296065e-04,5.32743951e-04,1.45315600e-03,1.36421639e-03,2.02457700e-03,1.99868564e-03,2.27493793e-03,2.29691154e-03,2.46890238e-03,2.40975932e-03
9.02000000e+00,4.76382178e-04,5.16060190e-04,1.40754995e-03,1.32150630e-03,1.96448923e-03,1.93612531e-03,2.20406963e-03,2.22502349e-03,2.39017908e-03,2.33434211e-03
9.04000000e+00,4.60762560e-04,4.99706512e-04,1.36266311e-03,1.27964045e-03,1.90552697e-03,1.87480081e-03,2.13435967e-03,2.15455510e-03,2.31280783e-03,2.26041410e-03
9.06000000e+00,4.45429032e-04,4.83676389e-04,1.31847826e-03,1.23860219e-03,1.84763828e-03,1.81468776e-03,2.06577871e-03,2.08547841e-03,2.23676953e-03,2.18794595e-03
9.08000000e+00,4.30372980e-04,4.67963427e-04,1.27497304e-03,1.19837517e-03,1.79078383e-03,1.75576229e-03,1.99829345e-03,2.01776599e-03,2.16203695e-03,2.11690890e-03
9.10000000e+00,4.15589981e-04,4.52561352e-04,1.23213721e-03,1.15894339e-03,1.73492602e-03,1.69800098e-03,1.93188328e-03,1.95139095e-03,2.08859704e-03,2.04727476e-03
9.12000000e+00,4.01072932e-04,4.37464020e-04,1.18994340e-03,1.12029114e-03,1.68002106e-03,1.64138087e-03,1.86652550e-03,1.88632693e-03,2.01641954e-03,1.97901587e-03
9.14000000e+00,3.86815373e-04,4.22665404e-04,1.14838826e-03,1.08240303e-03,1.62602717e-03,1.58587945e-03,1.80219254e-03,1.82254810e-03,1.94549654e-03,1.91210513e-03
9.16000000e+00,3.72811395e-04,4.08159598e-04,1.10745174e-03,1.04526398e-03,1.57290779e-03,1.53147466e-03,1.73887832e-03,1.76002911e-03,1.87581999e-03,1.84651597e-03
9.18000000e+00,3.59056517e-04,3.93940813e-04,1.06712233e-03,1.00885920e-03,1.52062171e-03,1.47814488e-03,1.67655514e-03,1.69874513e-03,1.80737313e-03,1.78222235e-03
9.20000000e+00,3.45547684e-04,3.80003372e-04,1.02739700e-03,9.73174183e-04,1.46913726e-03,1.42586890e-03,1.61522056e-03,1.63867182e-03,1.74014550e-03,1.71919872e-03
9.22000000e+00,3.32280499e-04,3.66341712e-04,9.88260494e-04,9.38194725e-04,1.41842058e-03,1.37462592e-03,1.55486015e-03,1.57978529e-03,1.67414255e-03,1.65742005e-03
9.24000000e+00,3.19250714e-04,3.52950380e-04,9.49711306e-04,9.03906891e-04,1.36843743e-03,1.32439558e-03,1.49547763e-03,1.52206216e-03,1.60935160e-03,1.59686180e-03
9.26000000e+00,3.06458736e-04,3.39824029e-04,9.11744544e-04,8.70297023e-04,1.31917000e-03,1.27515790e-03,1.43706403e-03,1.46547947e-03,1.54578511e-03,1.53749990e-03
9.28000000e+00,2.93901743e-04,3.26957421e-04,8.74359510e-04,8.37351731e-04,1.27058150e-03,1.22689329e-03,1.37962017e-03,1.41001474e-03,1.48343295e-03,1.47931076e-03
9.30000000e+00,2.81578745e-04,3.14345418e-04,8.37559579e-04,8.05057890e-04,1.22265471e-03,1.17958254e-03,1.32315524e-03,1.35564592e-03,1.42230536e-03,1.42227126e-03
9.32000000e+00,2.69490381e-04,3.01982984e-04,8.01344984e-04,7.73402634e-04,1.17536925e-03,1.13320685e-03,1.26767310e-03,1.30235140e-03,1.36240711e-03,1.36635873e-03
9.34000000e+00,2.57636770e-04,2.89865185e-04,7.65723526e-04,7.42373349e-04,1.12871290e-03,1.08774776e-03,1.21318502e-03,1.25010998e-03,1.30374648e-03,1.31155094e-03
9.36000000e+00,2.46020965e-04,2.77987181e-04,7.30703061e-04,7.11957672e-04,1.08266773e-03,1.04318717e-03,1.15970557e-03,1.19890089e-03,1.24632707e-03,1.25782610e-03
9.38000000e+00,2.34643143e-04,2.66344231e-04,6.96292205e-04,6.82143481e-04,1.03723002e-03,9.99507366e-04,1.10724685e-03,1.14870376e-03,1.19016704e-03,1.20516285e-03
9.40000000e+00,2.23508265e-04,2.54931685e-04,6.62508595e-04,6.52918896e-04,9.92391491e-04,9.56690952e-04,1.05583016e-03,1.09949863e-03,1.13526999e-03,1.15354025e-03
9.42000000e+00,2.12618572e-04,2.43744986e-04,6.29363290e-04,6.24272268e-04,9.48160188e-04,9.14720892e-04,1.00547797e-03,1.05126594e-03,1.08165632e-03,1.10293778e-03
9.44000000e+00,2.01978357e-04,2.32779668e-04,5.96875267e-04,5.96192179e-04,9.04534594e-04,8.73580479e-04,9.56206582e-04,1.00398648e-03,1.02933496e-03,1.05333530e-03
9.46000000e+00,1.91593077e-04,2.22031350e-04,5.65062219e-04,5.68667438e-04,8.61525012e-04,8.33253336e-04,9.08043643e-04,9.57641459e-04,9.78314900e-04,1.00471309e-03
9.48000000e+00,1.81468131e-04,2.11495742e-04,5.33943647e-04,5.41687071e-04,8.19148263e-04,7.93723409e-04,8.61009059e-04,9.12212430e-04,9.28617665e-04,9.57051814e-04
9.50000000e+00,1.71608684e-04,2.01168636e-04,5.03545802e-04,5.15240324e-04,7.77420762e-04,7.54974960e-04,8.15132633e-04,8.67681318e-04,8.80252162e-04,9.10332501e-04
9.52000000e+00,1.62020457e-04,1.91045907e-04,4.73889988e-04,4.89316653e-04,7.36367423e-04,7.16992560e-04,7.70439452e-04,8.24030402e-04,8.33231141e-04,8.64536567e-04
9.54000000e+00,1.52709094e-04,1.81123513e-04,4.45001904e-04,4.63905722e-04,6.96015370e-04,6.79761084e-04,7.26954720e-04,7.81242311e-04,7.87563622e-04,8.19645791e-04
9.56000000e+00,1.43680081e-04,1.71397491e-04,4.16905881e-04,4.38997400e-04,6.56398828e-04,6.43265707e-04,6.84699451e-04,7.39300013e-04,7.43262586e-04,7.75642309e-04
9.58000000e+00,1.34939561e-04,1.61863956e-04,3.89630266e-04,4.14581754e-04,6.17557089e-04,6.07491893e-04,6.43699779e-04,6.98186815e-04,7.00330595e-04,7.32508610e-04
9.60000000e+00,1.26491781e-04,1.52519101e-04,3.63201660e-04,3.90649049e-04,5.79530199e-04,5.72425395e-04,6.03975554e-04,6.57886351e-04,6.58774981e-04,6.90227527e-04
9.62000000e+00,1.18341064e-04,1.43359193e-04,3.37646779e-04,3.67189742e-04,5.42369147e-04,5.38052244e-04,5.65545284e-04,6.18382576e-04,6.18594524e-04,6.48782231e-04
9.64000000e+00,1.10489935e-04,1.34380572e-04,3.12991673e-04,3.44194476e-04,5.06125449e-04,5.04358748e-04,5.28419041e-04,5.79659763e-04,5.79781714e-04,6.08156223e-04
9.66000000e+00,1.02940518e-04,1.25579654e-04,2.89262447e-04,3.21654080e-04,4.70852829e-04,4.71331486e-04,4.92609339e-04,5.41702493e-04,5.42324153e-04,5.68333332e-04
9.68000000e+00,9.56919466e-05,1.16952922e-04,2.66482064e-04,2.99559565e-04,4.36610426e-04,4.38957298e-04,4.58111783e-04,5.04495652e-04,5.06198790e-04,5.29297702e-04
9.70000000e+00,8.87421193e-05,1.08496931e-04,2.44669267e-04,2.77902117e-04,4.03454498e-04,4.07223286e-04,4.24916245e-04,4.68024423e-04,4.71375359e-04,4.91033792e-04
9.72000000e+00,8.20851856e-05,1.00208301e-04,2.23840179e-04,2.56673099e-04,3.71440139e-04,3.76116806e-04,3.93004302e-04,4.32274281e-04,4.37805400e-04,4.53526365e-04
9.74000000e+00,7.57116286e-05,9.20837234e-05,2.04000738e-04,2.35864041e-04,3.40615457e-04,3.45625462e-04,3.62335384e-04,3.97230987e-04,4.05424275e-04,4.16760485e-04
9.76000000e+00,6.96080751e-05,8.41199510e-05,1.85149998e-04,2.15466644e-04,3.11017124e-04,3.15737104e-04,3.32855212e-04,3.62880583e-04,3.74148134e-04,3.80721510e-04
9.78000000e+00,6.37543053e-05,7.63138027e-05,1.67271195e-04,1.95472769e-04,2.82664638e-04,2.86439819e-04,3.04477784e-04,3.29209385e-04,3.43859341e-04,3.45395086e-04
9.80000000e+00,5.81226304e-05,6.86621599e-05,1.50331805e-04,1.75874439e-04,2.55554070e-04,2.57721932e-04,2.77095125e-04,2.96203980e-04,3.14410019e-04,3.10767144e-04
9.82000000e+00,5.26754375e-05,6.11619657e-05,1.34274975e-04,1.56663837e-04,2.29641300e-04,2.29571995e-04,2.50545942e-04,2.63851218e-04,2.85595655e-04,2.76823888e-04
9.84000000e+00,4.73601976e-05,5.38102235e-05,1.19012213e-04,1.37833296e-04,2.04833545e-04,2.01978789e-04,2.24616640e-04,2.32138209e-04,2.57145817e-04,2.43551799e-04
9.86000000e+00,4.21049590e-05,4.66039960e-05,1.04411221e-04,1.19375304e-04,1.80968505e-04,1.74931314e-04,1.99009737e-04,2.01052317e-04,2.28690173e-04,2.10937620e-04
9.88000000e+00,3.68083274e-05,3.95404042e-05,9.02785468e-05,1.01282495e-04,1.57780334e-04,1.48418788e-04,1.73317865e-04,1.70581155e-04,1.99717790e-04,1.78968357e-04
9.90000000e+00,3.13237870e-05,3.26166257e-05,7.63199932e-05,8.35476487e-05,1.34842689e-04,1.22430640e-04,1.46957114e-04,1.40712580e-04,1.69506689e-04,1.47631272e-04
9.92000000e+00,2.54446913e-05,2.58298941e-05,6.21007566e-05,6.61636890e-05,1.11503585e-04,9.69565088e-05,1.19138029e-04,1.11434688e-04,1.37057359e-04,1.16913880e-04
9.94000000e+00,1.89078437e-05,1.91774977e-05,4.69915940e-05,4.91236779e-05,8.68100178e-05,7.19862383e-05,8.88995928e-05,8.27358107e-05,1.01157239e-04,8.68039376e-05
9.96000000e+00,1.16268548e-05,1.26567783e-05,3.04561272e-05,3.24208148e-05,6.00280691e-05,4.75098714e-05,5.60066001e-05,5.46045089e-05,6.14681194e-05,5.72894469e-05
9.98000000e+00,3.30105240e-06,6.26513043e-06,1.23260015e-05,1.60484338e-05,2.00015802e-05,2.35176478e-05,2.16718727e-05,2.70295693e-05,2.25302174e-05,2.83586447e-05
1.00000000e+01,8.84343690e-16,0.00000000e+00,1.10611820e-15,0.00000000e+00,1.04115331e-15,0.00000000e+00,7.33790095e-16,0.00000000e+00,8.15553762e-16,0.00000000e+00
