D,NN_z1.93,NN_z3.87,NN_z5.80,NN_z7.74,NN_z9.66,PBE_z1.93,PBE_z3.87,PBE_z5.80,PBE_z7.74,PBE_z9.66
2.00000000e-02,1.92721081e+00,3.82538128e+00,5.79783106e+00,7.76644468e+00,9.34151936e+00,1.99981869e+00,3.79888407e+00,5.79179883e+00,7.74186966e+00,9.31004927e+00
4.00000000e-02,1.92881501e+00,3.86310530e+00,5.79537678e+00,7.54635191e+00,8.80192661e+00,1.99927508e+00,3.79554868e+00,5.76784361e+00,7.59435435e+00,8.82497829e+00
6.00000000e-02,1.92757952e+00,3.87268043e+00,5.75149155e+00,7.32966089e+00,8.37297916e+00,1.99837021e+00,3.79003052e+00,5.72989942e+00,7.40479736e+00,8.38735005e+00
8.00000000e-02,1.92560470e+00,3.86987281e+00,5.69103622e+00,7.12705421e+00,8.01617336e+00,1.99710576e+00,3.78238909e+00,5.68040902e+00,7.20494253e+00,8.01600573e+00
1.00000000e-01,1.92335892e+00,3.86018419e+00,5.62275553e+00,6.93884230e+00,7.71022320e+00,1.99548409e+00,3.77270433e+00,5.62200758e+00,7.00952200e+00,7.69858789e+00
1.20000000e-01,1.92094576e+00,3.84613252e+00,5.55066919e+00,6.76376820e+00,7.44228411e+00,1.99350819e+00,3.76107367e+00,5.55715802e+00,6.82410627e+00,7.42288630e+00
1.40000000e-01,1.91837549e+00,3.82907224e+00,5.47688866e+00,6.60039377e+00,7.20394945e+00,1.99118169e+00,3.74760860e+00,5.48795770e+00,6.65021497e+00,7.17974748e+00
1.60000000e-01,1.91563237e+00,3.80981088e+00,5.40263367e+00,6.44740629e+00,6.98938370e+00,1.98850880e+00,3.73243107e+00,5.41608371e+00,6.48771123e+00,6.96252279e+00
1.80000000e-01,1.91269720e+00,3.78887939e+00,5.32864428e+00,6.30367517e+00,6.79436970e+00,1.98549433e+00,3.71567000e+00,5.34281973e+00,6.33583643e+00,6.76633101e+00
2.00000000e-01,1.90955186e+00,3.76663709e+00,5.25537205e+00,6.16822863e+00,6.61571074e+00,1.98214361e+00,3.69745793e+00,5.26911760e+00,6.19364793e+00,6.58751642e+00
2.20000000e-01,1.90618312e+00,3.74334431e+00,5.18311882e+00,6.04022598e+00,6.45095062e+00,1.97846249e+00,3.67792807e+00,5.19566572e+00,6.06020035e+00,6.42328339e+00
2.40000000e-01,1.90258014e+00,3.71920085e+00,5.11206102e+00,5.91894913e+00,6.29814863e+00,1.97445729e+00,3.65721182e+00,5.12295080e+00,5.93461587e+00,6.27145205e+00
2.60000000e-01,1.89873409e+00,3.69435573e+00,5.04232502e+00,5.80378628e+00,6.15574741e+00,1.97013477e+00,3.63543668e+00,5.05130868e+00,5.81610645e+00,6.13029259e+00
2.80000000e-01,1.89464128e+00,3.66893101e+00,4.97397232e+00,5.69418669e+00,6.02246761e+00,1.96550210e+00,3.61272472e+00,4.98096396e+00,5.70397549e+00,5.99841077e+00
3.00000000e-01,1.89029825e+00,3.64302516e+00,4.90704203e+00,5.58969402e+00,5.89725113e+00,1.96056679e+00,3.58919144e+00,4.91206013e+00,5.59761125e+00,5.87466718e+00
3.20000000e-01,1.88570487e+00,3.61672711e+00,4.84154558e+00,5.48988104e+00,5.77921343e+00,1.95533666e+00,3.56494499e+00,4.84468193e+00,5.49647755e+00,5.75811916e+00
3.40000000e-01,1.88086069e+00,3.59009933e+00,4.77748299e+00,5.39438725e+00,5.66760778e+00,1.94981985e+00,3.54008579e+00,4.77887185e+00,5.40010409e+00,5.64797820e+00
3.60000000e-01,1.87576771e+00,3.56320596e+00,4.71484137e+00,5.30288267e+00,5.56179142e+00,1.94402469e+00,3.51470634e+00,4.71464227e+00,5.30807756e+00,5.54357825e+00
3.80000000e-01,1.87042856e+00,3.53610039e+00,4.65359402e+00,5.21508074e+00,5.46121550e+00,1.93795975e+00,3.48889132e+00,4.65198430e+00,5.22003360e+00,5.44435169e+00
4.00000000e-01,1.86484623e+00,3.50882816e+00,4.59372425e+00,5.13071394e+00,5.36540174e+00,1.93163373e+00,3.46271777e+00,4.59087423e+00,5.13565004e+00,5.34981094e+00
4.20000000e-01,1.85902631e+00,3.48142600e+00,4.53519249e+00,5.04955101e+00,5.27393436e+00,1.92505548e+00,3.43625543e+00,4.53127827e+00,5.05464095e+00,5.25953411e+00
4.40000000e-01,1.85297203e+00,3.45393467e+00,4.47796869e+00,4.97137690e+00,5.18644619e+00,1.91823393e+00,3.40956716e+00,4.47315595e+00,4.97675169e+00,5.17315373e+00
4.60000000e-01,1.84668970e+00,3.42638731e+00,4.42201900e+00,4.89599609e+00,5.10261631e+00,1.91117806e+00,3.38270938e+00,4.41646264e+00,4.90175471e+00,5.09034783e+00
4.80000000e-01,1.84018373e+00,3.39880848e+00,4.36731005e+00,4.82323599e+00,5.02216005e+00,1.90389688e+00,3.35573253e+00,4.36115135e+00,4.82944594e+00,5.01083269e+00
5.00000000e-01,1.83346188e+00,3.37122655e+00,4.31380224e+00,4.75293398e+00,4.94482088e+00,1.89639939e+00,3.32868158e+00,4.30717404e+00,4.75964178e+00,4.93435709e+00
5.20000000e-01,1.82652843e+00,3.34366655e+00,4.26146317e+00,4.68494606e+00,4.87037849e+00,1.88869458e+00,3.30159648e+00,4.25448252e+00,4.69217653e+00,4.86069746e+00
5.40000000e-01,1.81939054e+00,3.31614804e+00,4.21025562e+00,4.61913347e+00,4.79861641e+00,1.88079134e+00,3.27451261e+00,4.20302915e+00,4.62690016e+00,4.78965403e+00
5.60000000e-01,1.81205595e+00,3.28869319e+00,4.16014624e+00,4.55537224e+00,4.72935963e+00,1.87269852e+00,3.24746124e+00,4.15276730e+00,4.56367646e+00,4.72104756e+00
5.80000000e-01,1.80453014e+00,3.26131511e+00,4.11109972e+00,4.49355078e+00,4.66243982e+00,1.86442484e+00,3.22046987e+00,4.10365163e+00,4.50238141e+00,4.65471660e+00
6.00000000e-01,1.79682052e+00,3.23403287e+00,4.06308079e+00,4.43356466e+00,4.59771061e+00,1.85597890e+00,3.19356266e+00,4.05563832e+00,4.44290178e+00,4.59051524e+00
6.20000000e-01,1.78893483e+00,3.20686007e+00,4.01606178e+00,4.37531328e+00,4.53502798e+00,1.84736917e+00,3.16676077e+00,4.00868518e+00,4.38513398e+00,4.52831117e+00
6.40000000e-01,1.78087914e+00,3.17980933e+00,3.97000957e+00,4.31870794e+00,4.47427320e+00,1.83860397e+00,3.14008263e+00,3.96275172e+00,4.32898293e+00,4.46798403e+00
6.60000000e-01,1.77266228e+00,3.15289354e+00,3.92488861e+00,4.26365995e+00,4.41533041e+00,1.82969145e+00,3.11354427e+00,3.91779917e+00,4.27436123e+00,4.40942405e+00
6.80000000e-01,1.76428831e+00,3.12612176e+00,3.88067627e+00,4.21009684e+00,4.35809231e+00,1.82063956e+00,3.08715956e+00,3.87379046e+00,4.22118834e+00,4.35253081e+00
7.00000000e-01,1.75576782e+00,3.09950447e+00,3.83734107e+00,4.15794277e+00,4.30247068e+00,1.81145608e+00,3.06094044e+00,3.83069023e+00,4.16938988e+00,4.29721221e+00
7.20000000e-01,1.74710584e+00,3.07305241e+00,3.79485440e+00,4.10713291e+00,4.24837208e+00,1.80214862e+00,3.03489714e+00,3.78846473e+00,4.11889705e+00,4.24338361e+00
7.40000000e-01,1.73831069e+00,3.04677010e+00,3.75318956e+00,4.05760098e+00,4.19571352e+00,1.79272453e+00,3.00903836e+00,3.74708180e+00,4.06964604e+00,4.19096702e+00
7.60000000e-01,1.72938907e+00,3.02066660e+00,3.71232319e+00,4.00928688e+00,4.14442587e+00,1.78319101e+00,2.98337147e+00,3.70651080e+00,4.02157763e+00,4.13989040e+00
7.80000000e-01,1.72034729e+00,2.99474454e+00,3.67223096e+00,3.96213746e+00,4.09443665e+00,1.77355501e+00,2.95790260e+00,3.66672255e+00,3.97463670e+00,4.09008713e+00
8.00000000e-01,1.71119320e+00,2.96901512e+00,3.63288283e+00,3.91609859e+00,4.04568148e+00,1.76382329e+00,2.93263685e+00,3.62768925e+00,3.92877190e+00,4.04149543e+00
8.20000000e-01,1.70193219e+00,2.94347954e+00,3.59426022e+00,3.87112308e+00,3.99810052e+00,1.75400238e+00,2.90757834e+00,3.58938443e+00,3.88393532e+00,3.99405793e+00
8.40000000e-01,1.69257200e+00,2.91814137e+00,3.55633950e+00,3.82716465e+00,3.95163918e+00,1.74409862e+00,2.88273039e+00,3.55178288e+00,3.84008215e+00,3.94772123e+00
8.60000000e-01,1.68311954e+00,2.89300609e+00,3.51910138e+00,3.78417587e+00,3.90624547e+00,1.73411811e+00,2.85809554e+00,3.51486057e+00,3.79717048e+00,3.90243559e+00
8.80000000e-01,1.67357945e+00,2.86807632e+00,3.48252082e+00,3.74212217e+00,3.86187148e+00,1.72406675e+00,2.83367571e+00,3.47859460e+00,3.75516100e+00,3.85815455e+00
9.00000000e-01,1.66395915e+00,2.84335518e+00,3.44658351e+00,3.70096040e+00,3.81847525e+00,1.71395023e+00,2.80947223e+00,3.44296316e+00,3.71401684e+00,3.81483471e+00
9.20000000e-01,1.65426576e+00,2.81884289e+00,3.41126513e+00,3.66065931e+00,3.77600789e+00,1.70377403e+00,2.78548591e+00,3.40794543e+00,3.67370332e+00,3.77243540e+00
9.40000000e-01,1.64450228e+00,2.79454470e+00,3.37654853e+00,3.62117720e+00,3.73443294e+00,1.69354342e+00,2.76171714e+00,3.37352155e+00,3.63418783e+00,3.73091850e+00
9.60000000e-01,1.63467801e+00,2.77045751e+00,3.34242010e+00,3.58248973e+00,3.69371510e+00,1.68326348e+00,2.73816589e+00,3.33967258e+00,3.59543965e+00,3.69024823e+00
9.80000000e-01,1.62479544e+00,2.74658585e+00,3.30885553e+00,3.54456234e+00,3.65381837e+00,1.67293910e+00,2.71483179e+00,3.30638043e+00,3.55742980e+00,3.65039095e+00
1.00000000e+00,1.61486030e+00,2.72292924e+00,3.27584195e+00,3.50736547e+00,3.61471128e+00,1.66257494e+00,2.69171420e+00,3.27362782e+00,3.52013092e+00,3.61131498e+00
1.02000000e+00,1.60487974e+00,2.69949031e+00,3.24336290e+00,3.47087479e+00,3.57636046e+00,1.65217552e+00,2.66881217e+00,3.24139824e+00,3.48351716e+00,3.57299050e+00
1.04000000e+00,1.59485734e+00,2.67626572e+00,3.21140647e+00,3.43506026e+00,3.53873873e+00,1.64174514e+00,2.64612455e+00,3.20967590e+00,3.44756405e+00,3.53538935e+00
1.06000000e+00,1.58479738e+00,2.65325713e+00,3.17995143e+00,3.39990258e+00,3.50181818e+00,1.63128795e+00,2.62364998e+00,3.17844570e+00,3.41224842e+00,3.49848494e+00
1.08000000e+00,1.57470655e+00,2.63046503e+00,3.14898825e+00,3.36537313e+00,3.46557260e+00,1.62080790e+00,2.60138695e+00,3.14769319e+00,3.37754832e+00,3.46225214e+00
1.10000000e+00,1.56458688e+00,2.60788703e+00,3.11850190e+00,3.33145118e+00,3.42998004e+00,1.61030880e+00,2.57933376e+00,3.11740455e+00,3.34344291e+00,3.42666716e+00
1.12000000e+00,1.55444419e+00,2.58552384e+00,3.08847713e+00,3.29811788e+00,3.39501572e+00,1.59979427e+00,2.55748863e+00,3.08756652e+00,3.30991241e+00,3.39170747e+00
1.14000000e+00,1.54428172e+00,2.56337237e+00,3.05890274e+00,3.26534843e+00,3.36065459e+00,1.58926780e+00,2.53584965e+00,3.05816641e+00,3.27693800e+00,3.35735169e+00
1.16000000e+00,1.53410423e+00,2.54143524e+00,3.02976847e+00,3.23312998e+00,3.32688332e+00,1.57873270e+00,2.51441482e+00,3.02919204e+00,3.24450182e+00,3.32357955e+00
1.18000000e+00,1.52391529e+00,2.51970673e+00,3.00105858e+00,3.20143938e+00,3.29367661e+00,1.56819215e+00,2.49318207e+00,3.00063175e+00,3.21258682e+00,3.29037179e+00
1.20000000e+00,1.51371813e+00,2.49819136e+00,2.97276521e+00,3.17026186e+00,3.26101494e+00,1.55764919e+00,2.47214926e+00,2.97247432e+00,3.18117679e+00,3.25771009e+00
1.22000000e+00,1.50351608e+00,2.47688103e+00,2.94487381e+00,3.13958049e+00,3.22888541e+00,1.54710672e+00,2.45131422e+00,2.94470901e+00,3.15025627e+00,3.22557703e+00
1.24000000e+00,1.49331212e+00,2.45577788e+00,2.91737533e+00,3.10937810e+00,3.19726658e+00,1.53656750e+00,2.43067472e+00,2.91732550e+00,3.11981049e+00,3.19395600e+00
1.26000000e+00,1.48311067e+00,2.43488121e+00,2.89026070e+00,3.07964158e+00,3.16614532e+00,1.52603417e+00,2.41022851e+00,2.89031384e+00,3.08982538e+00,3.16283122e+00
1.28000000e+00,1.47291315e+00,2.41418552e+00,2.86351967e+00,3.05035710e+00,3.13550448e+00,1.51550926e+00,2.38997331e+00,2.86366451e+00,3.06028748e+00,3.13218758e+00
1.30000000e+00,1.46272361e+00,2.39369369e+00,2.83713937e+00,3.02150869e+00,3.10533071e+00,1.50499516e+00,2.36990685e+00,2.83736834e+00,3.03118392e+00,3.10201070e+00
1.32000000e+00,1.45254374e+00,2.37339735e+00,2.81111574e+00,2.99308515e+00,3.07561064e+00,1.49449417e+00,2.35002683e+00,2.81141650e+00,3.00250239e+00,3.07228685e+00
1.34000000e+00,1.44237649e+00,2.35330081e+00,2.78543496e+00,2.96507072e+00,3.04632854e+00,1.48400846e+00,2.33033094e+00,2.78580049e+00,2.97423111e+00,3.04300288e+00
1.36000000e+00,1.43222380e+00,2.33339739e+00,2.76009154e+00,2.93745732e+00,3.01747417e+00,1.47354012e+00,2.31081690e+00,2.76051214e+00,2.94635880e+00,3.01414623e+00
1.38000000e+00,1.42208803e+00,2.31368876e+00,2.73507619e+00,2.91023183e+00,2.98903227e+00,1.46309112e+00,2.29148242e+00,2.73554357e+00,2.91887465e+00,2.98570489e+00
1.40000000e+00,1.41197193e+00,2.29416943e+00,2.71038008e+00,2.88338423e+00,2.96099544e+00,1.45266334e+00,2.27232522e+00,2.71088719e+00,2.89176828e+00,2.95766736e+00
1.42000000e+00,1.40187669e+00,2.27483940e+00,2.68599677e+00,2.85690284e+00,2.93335080e+00,1.44225859e+00,2.25334305e+00,2.68653569e+00,2.86502976e+00,2.93002260e+00
1.44000000e+00,1.39180470e+00,2.25569463e+00,2.66191816e+00,2.83077812e+00,2.90608692e+00,1.43187856e+00,2.23453366e+00,2.66248201e+00,2.83864952e+00,2.90276006e+00
1.46000000e+00,1.38175786e+00,2.23673463e+00,2.63813782e+00,2.80500197e+00,2.87919235e+00,1.42152487e+00,2.21589482e+00,2.63871935e+00,2.81261841e+00,2.87586959e+00
1.48000000e+00,1.37173772e+00,2.21795583e+00,2.61464643e+00,2.77956104e+00,2.85266042e+00,1.41119906e+00,2.19742435e+00,2.61524114e+00,2.78692761e+00,2.84934148e+00
1.50000000e+00,1.36174428e+00,2.19935727e+00,2.59144187e+00,2.75445175e+00,2.82648230e+00,1.40090261e+00,2.17912006e+00,2.59204104e+00,2.76156864e+00,2.82316639e+00
1.52000000e+00,1.35178185e+00,2.18093491e+00,2.56851149e+00,2.72966099e+00,2.80064440e+00,1.39063690e+00,2.16097980e+00,2.56911292e+00,2.73653336e+00,2.79733534e+00
1.54000000e+00,1.34184992e+00,2.16268706e+00,2.54585242e+00,2.70518255e+00,2.77514124e+00,1.38040325e+00,2.14300145e+00,2.54645089e+00,2.71181394e+00,2.77183971e+00
1.56000000e+00,1.33195007e+00,2.14461160e+00,2.52345848e+00,2.68100977e+00,2.74996543e+00,1.37020291e+00,2.12518292e+00,2.52404921e+00,2.68740281e+00,2.74667122e+00
1.58000000e+00,1.32208347e+00,2.12670636e+00,2.50132465e+00,2.65713263e+00,2.72510624e+00,1.36003707e+00,2.10752213e+00,2.50190238e+00,2.66329272e+00,2.72182190e+00
1.60000000e+00,1.31225169e+00,2.10896945e+00,2.47944307e+00,2.63354635e+00,2.70055723e+00,1.34990687e+00,2.09001707e+00,2.48000504e+00,2.63947666e+00,2.69728405e+00
1.62000000e+00,1.30245554e+00,2.09139729e+00,2.45780945e+00,2.61024189e+00,2.67631149e+00,1.33981337e+00,2.07266571e+00,2.45835203e+00,2.61594787e+00,2.67305031e+00
1.64000000e+00,1.29269624e+00,2.07398915e+00,2.43641710e+00,2.58721471e+00,2.65236115e+00,1.32975758e+00,2.05546609e+00,2.43693836e+00,2.59269985e+00,2.64911353e+00
1.66000000e+00,1.28297472e+00,2.05674052e+00,2.41526318e+00,2.56445575e+00,2.62870097e+00,1.31974047e+00,2.03841627e+00,2.41575919e+00,2.56972631e+00,2.62546688e+00
1.68000000e+00,1.27329135e+00,2.03965068e+00,2.39434099e+00,2.54196095e+00,2.60532165e+00,1.30976293e+00,2.02151433e+00,2.39480983e+00,2.54702120e+00,2.60210372e+00
1.70000000e+00,1.26364720e+00,2.02271795e+00,2.37364602e+00,2.51972342e+00,2.58221793e+00,1.29982584e+00,2.00475841e+00,2.37408575e+00,2.52457866e+00,2.57901768e+00
1.72000000e+00,1.25404310e+00,2.00593829e+00,2.35317469e+00,2.49773741e+00,2.55938387e+00,1.28992999e+00,1.98814664e+00,2.35358257e+00,2.50239304e+00,2.55620260e+00
1.74000000e+00,1.24447989e+00,1.98931038e+00,2.33292127e+00,2.47599864e+00,2.53681493e+00,1.28007617e+00,1.97167723e+00,2.33329601e+00,2.48045888e+00,2.53365255e+00
1.76000000e+00,1.23495829e+00,1.97283292e+00,2.31287980e+00,2.45449877e+00,2.51450324e+00,1.27026510e+00,1.95534838e+00,2.31322197e+00,2.45877090e+00,2.51136178e+00
1.78000000e+00,1.22547853e+00,1.95650184e+00,2.29304981e+00,2.43323493e+00,2.49244452e+00,1.26049745e+00,1.93915836e+00,2.29335644e+00,2.43732400e+00,2.48932475e+00
1.80000000e+00,1.21604145e+00,1.94031692e+00,2.27342415e+00,2.41220355e+00,2.47063303e+00,1.25077387e+00,1.92310543e+00,2.27369554e+00,2.41611325e+00,2.46753610e+00
1.82000000e+00,1.20664716e+00,1.92427564e+00,2.25400066e+00,2.39139771e+00,2.44906354e+00,1.24109498e+00,1.90718791e+00,2.25423552e+00,2.39513387e+00,2.44599066e+00
1.84000000e+00,1.19729674e+00,1.90837562e+00,2.23477459e+00,2.37081194e+00,2.42773104e+00,1.23146134e+00,1.89140415e+00,2.23497273e+00,2.37438125e+00,2.42468343e+00
1.86000000e+00,1.18799078e+00,1.89261293e+00,2.21574163e+00,2.35044360e+00,2.40663195e+00,1.22187350e+00,1.87575253e+00,2.21590362e+00,2.35385090e+00,2.40360955e+00
1.88000000e+00,1.17872918e+00,1.87698817e+00,2.19689989e+00,2.33028722e+00,2.38575959e+00,1.21233195e+00,1.86023144e+00,2.19702476e+00,2.33353851e+00,2.38276435e+00
1.90000000e+00,1.16951227e+00,1.86149895e+00,2.17824435e+00,2.31034017e+00,2.36511111e+00,1.20283718e+00,1.84483932e+00,2.17833281e+00,2.31343987e+00,2.36214329e+00
1.92000000e+00,1.16034091e+00,1.84614241e+00,2.15977263e+00,2.29059649e+00,2.34467983e+00,1.19338963e+00,1.82957463e+00,2.15982454e+00,2.29355092e+00,2.34174198e+00
1.94000000e+00,1.15121555e+00,1.83091807e+00,2.14147997e+00,2.27105331e+00,2.32446361e+00,1.18398971e+00,1.81443588e+00,2.14149680e+00,2.27386773e+00,2.32155616e+00
1.96000000e+00,1.14213550e+00,1.81582224e+00,2.12336516e+00,2.25170708e+00,2.30445790e+00,1.17463781e+00,1.79942158e+00,2.12334653e+00,2.25438647e+00,2.30158173e+00
1.98000000e+00,1.13310218e+00,1.80085325e+00,2.10542345e+00,2.23255277e+00,2.28466058e+00,1.16533430e+00,1.78453028e+00,2.10537076e+00,2.23510344e+00,2.28181468e+00
2.00000000e+00,1.12411571e+00,1.78601050e+00,2.08765292e+00,2.21358967e+00,2.26506376e+00,1.15607953e+00,1.76976057e+00,2.08756660e+00,2.21601506e+00,2.26225114e+00
2.02000000e+00,1.11517537e+00,1.77129126e+00,2.07004952e+00,2.19481182e+00,2.24566579e+00,1.14687379e+00,1.75511105e+00,2.06993125e+00,2.19711783e+00,2.24288738e+00
2.04000000e+00,1.10628295e+00,1.75669575e+00,2.05261183e+00,2.17621803e+00,2.22646379e+00,1.13771739e+00,1.74058035e+00,2.05246198e+00,2.17840837e+00,2.22371974e+00
2.06000000e+00,1.09743702e+00,1.74221981e+00,2.03533554e+00,2.15780139e+00,2.20745420e+00,1.12861060e+00,1.72616713e+00,2.03515613e+00,2.15988341e+00,2.20474469e+00
2.08000000e+00,1.08863938e+00,1.72786272e+00,2.01821899e+00,2.13956285e+00,2.18863273e+00,1.11955367e+00,1.71187007e+00,2.01801112e+00,2.14153976e+00,2.18595882e+00
2.10000000e+00,1.07988930e+00,1.71362197e+00,2.00126028e+00,2.12149787e+00,2.16999698e+00,1.11054682e+00,1.69768790e+00,2.00102444e+00,2.12337431e+00,2.16735880e+00
2.12000000e+00,1.07118690e+00,1.69949830e+00,1.98445606e+00,2.10360289e+00,2.15154338e+00,1.10159028e+00,1.68361934e+00,1.98419364e+00,2.10538407e+00,2.14894140e+00
2.14000000e+00,1.06253242e+00,1.68548751e+00,1.96780348e+00,2.08587503e+00,2.13326740e+00,1.09268423e+00,1.66966316e+00,1.96751636e+00,2.08756612e+00,2.13070348e+00
2.16000000e+00,1.05392635e+00,1.67159009e+00,1.95130002e+00,2.06831241e+00,2.11516833e+00,1.08382885e+00,1.65581814e+00,1.95099026e+00,2.06991761e+00,2.11264202e+00
2.18000000e+00,1.04536879e+00,1.65780330e+00,1.93494451e+00,2.05091238e+00,2.09724164e+00,1.07502431e+00,1.64208308e+00,1.93461309e+00,2.05243578e+00,2.09475403e+00
2.20000000e+00,1.03685927e+00,1.64412653e+00,1.91873503e+00,2.03367233e+00,2.07948470e+00,1.06627074e+00,1.62845683e+00,1.91838266e+00,2.03511795e+00,2.07703667e+00
2.22000000e+00,1.02839863e+00,1.63055718e+00,1.90266740e+00,2.01658869e+00,2.06189537e+00,1.05756827e+00,1.61493823e+00,1.90229683e+00,2.01796152e+00,2.05948712e+00
2.24000000e+00,1.01998627e+00,1.61709428e+00,1.88674140e+00,1.99966013e+00,2.04447103e+00,1.04891703e+00,1.60152616e+00,1.88635352e+00,2.00096395e+00,2.04210268e+00
2.26000000e+00,1.01162362e+00,1.60373807e+00,1.87095356e+00,1.98288488e+00,2.02720928e+00,1.04031710e+00,1.58821952e+00,1.87055069e+00,1.98412276e+00,2.02488071e+00
2.28000000e+00,1.00330913e+00,1.59048617e+00,1.85530353e+00,1.96625984e+00,2.01010752e+00,1.03176858e+00,1.57501722e+00,1.85488636e+00,1.96743555e+00,2.00781864e+00
2.30000000e+00,9.95043397e-01,1.57733679e+00,1.83978724e+00,1.94978154e+00,1.99316096e+00,1.02327155e+00,1.56191821e+00,1.83935862e+00,1.95089999e+00,1.99091397e+00
2.32000000e+00,9.86827016e-01,1.56428850e+00,1.82440484e+00,1.93344951e+00,1.97637010e+00,1.01482606e+00,1.54892144e+00,1.82396557e+00,1.93451381e+00,1.97416427e+00
2.34000000e+00,9.78659749e-01,1.55134118e+00,1.80915380e+00,1.91726100e+00,1.95973063e+00,1.00643216e+00,1.53602590e+00,1.80870538e+00,1.91827477e+00,1.95756718e+00
2.36000000e+00,9.70541596e-01,1.53849268e+00,1.79403245e+00,1.90121496e+00,1.94324219e+00,9.98089895e-01,1.52323059e+00,1.79357626e+00,1.90218074e+00,1.94112039e+00
2.38000000e+00,9.62472737e-01,1.52574360e+00,1.77903807e+00,1.88530695e+00,1.92690170e+00,9.89799295e-01,1.51053452e+00,1.77857648e+00,1.88622960e+00,1.92482167e+00
2.40000000e+00,9.54452574e-01,1.51309049e+00,1.76417053e+00,1.86953807e+00,1.91070676e+00,9.81560375e-01,1.49793673e+00,1.76370433e+00,1.87041931e+00,1.90866883e+00
2.42000000e+00,9.46482241e-01,1.50053358e+00,1.74942756e+00,1.85390437e+00,1.89465511e+00,9.73373146e-01,1.48543627e+00,1.74895815e+00,1.85474788e+00,1.89265975e+00
2.44000000e+00,9.38560963e-01,1.48807132e+00,1.73480642e+00,1.83840477e+00,1.87874556e+00,9.65237604e-01,1.47303222e+00,1.73433631e+00,1.83921335e+00,1.87679236e+00
2.46000000e+00,9.30689156e-01,1.47570419e+00,1.72030723e+00,1.82303715e+00,1.86297512e+00,9.57153741e-01,1.46072367e+00,1.71983725e+00,1.82381384e+00,1.86106463e+00
2.48000000e+00,9.22866702e-01,1.46342802e+00,1.70592773e+00,1.80780053e+00,1.84734225e+00,9.49121536e-01,1.44850972e+00,1.70545942e+00,1.80854750e+00,1.84547462e+00
2.50000000e+00,9.15093482e-01,1.45124495e+00,1.69166684e+00,1.79269230e+00,1.83184552e+00,9.41140963e-01,1.43638950e+00,1.69120131e+00,1.79341253e+00,1.83002040e+00
2.52000000e+00,9.07369494e-01,1.43915296e+00,1.67752290e+00,1.77771139e+00,1.81648242e+00,9.33211986e-01,1.42436214e+00,1.67706144e+00,1.77840716e+00,1.81470010e+00
2.54000000e+00,8.99695218e-01,1.42715108e+00,1.66349399e+00,1.76285553e+00,1.80125213e+00,9.25334561e-01,1.41242681e+00,1.66303839e+00,1.76352970e+00,1.79951191e+00
2.56000000e+00,8.92070115e-01,1.41523790e+00,1.64957929e+00,1.74812329e+00,1.78615153e+00,9.17508639e-01,1.40058267e+00,1.64913075e+00,1.74877846e+00,1.78445405e+00
2.58000000e+00,8.84493768e-01,1.40341341e+00,1.63577735e+00,1.73351419e+00,1.77118003e+00,9.09734159e-01,1.38882890e+00,1.63533715e+00,1.73415182e+00,1.76952478e+00
2.60000000e+00,8.76967371e-01,1.39167631e+00,1.62208760e+00,1.71902561e+00,1.75633538e+00,9.02011059e-01,1.37716472e+00,1.62165626e+00,1.71964819e+00,1.75472243e+00
2.62000000e+00,8.69489849e-01,1.38002586e+00,1.60850751e+00,1.70465672e+00,1.74161720e+00,8.94339266e-01,1.36558933e+00,1.60808675e+00,1.70526601e+00,1.74004534e+00
2.64000000e+00,8.62061799e-01,1.36846173e+00,1.59503567e+00,1.69040561e+00,1.72702146e+00,8.86718702e-01,1.35410196e+00,1.59462736e+00,1.69100377e+00,1.72549191e+00
2.66000000e+00,8.54683042e-01,1.35698223e+00,1.58167338e+00,1.67627156e+00,1.71254742e+00,8.79149283e-01,1.34270185e+00,1.58127683e+00,1.67685999e+00,1.71106057e+00
2.68000000e+00,8.47353160e-01,1.34558785e+00,1.56841695e+00,1.66225278e+00,1.69819522e+00,8.71630919e-01,1.33138826e+00,1.56803394e+00,1.66283322e+00,1.69674979e+00
2.70000000e+00,8.40072453e-01,1.33427644e+00,1.55526602e+00,1.64834738e+00,1.68396235e+00,8.64163514e-01,1.32016046e+00,1.55489750e+00,1.64892206e+00,1.68255807e+00
2.72000000e+00,8.32840860e-01,1.32304835e+00,1.54221976e+00,1.63455558e+00,1.66984606e+00,8.56746967e-01,1.30901772e+00,1.54186633e+00,1.63512512e+00,1.66848395e+00
2.74000000e+00,8.25658381e-01,1.31190288e+00,1.52927673e+00,1.62087405e+00,1.65584838e+00,8.49381171e-01,1.29795935e+00,1.52893930e+00,1.62144106e+00,1.65452601e+00
2.76000000e+00,8.18524718e-01,1.30083871e+00,1.51643610e+00,1.60730338e+00,1.64196455e+00,8.42066015e-01,1.28698464e+00,1.51611529e+00,1.60786856e+00,1.64068286e+00
2.78000000e+00,8.11439753e-01,1.28985560e+00,1.50369620e+00,1.59384143e+00,1.62819481e+00,8.34801381e-01,1.27609292e+00,1.50339320e+00,1.59440634e+00,1.62695314e+00
2.80000000e+00,8.04403901e-01,1.27895272e+00,1.49105692e+00,1.58048713e+00,1.61453700e+00,8.27587149e-01,1.26528351e+00,1.49077196e+00,1.58105314e+00,1.61333552e+00
2.82000000e+00,7.97416568e-01,1.26812947e+00,1.47851670e+00,1.56724036e+00,1.60099125e+00,8.20423192e-01,1.25455575e+00,1.47825053e+00,1.56780773e+00,1.59982869e+00
2.84000000e+00,7.90478110e-01,1.25738585e+00,1.46607494e+00,1.55409861e+00,1.58755457e+00,8.13309380e-01,1.24390899e+00,1.46582788e+00,1.55466891e+00,1.58643141e+00
2.86000000e+00,7.83587873e-01,1.24672079e+00,1.45373011e+00,1.54106092e+00,1.57422709e+00,8.06245577e-01,1.23334259e+00,1.45350300e+00,1.54163551e+00,1.57314241e+00
2.88000000e+00,7.76746154e-01,1.23613322e+00,1.44148183e+00,1.52812672e+00,1.56100667e+00,7.99231646e-01,1.22285593e+00,1.44127491e+00,1.52870638e+00,1.55996050e+00
2.90000000e+00,7.69952774e-01,1.22562397e+00,1.42932904e+00,1.51529503e+00,1.54789329e+00,7.92267443e-01,1.21244838e+00,1.42914265e+00,1.51588040e+00,1.54688448e+00
2.92000000e+00,7.63207972e-01,1.21519101e+00,1.41727018e+00,1.50256491e+00,1.53488481e+00,7.85352822e-01,1.20211934e+00,1.41710528e+00,1.50315646e+00,1.53391320e+00
2.94000000e+00,7.56511211e-01,1.20483410e+00,1.40530610e+00,1.48993421e+00,1.52198005e+00,7.78487632e-01,1.19186821e+00,1.40516188e+00,1.49053350e+00,1.52104553e+00
2.96000000e+00,7.49862254e-01,1.19455373e+00,1.39343393e+00,1.47740340e+00,1.50917864e+00,7.71671719e-01,1.18169440e+00,1.39331153e+00,1.47801045e+00,1.50828035e+00
2.98000000e+00,7.43261337e-01,1.18434870e+00,1.38165486e+00,1.46497095e+00,1.49647963e+00,7.64904926e-01,1.17159732e+00,1.38155335e+00,1.46558630e+00,1.49561658e+00
3.00000000e+00,7.36708283e-01,1.17421865e+00,1.36996627e+00,1.45263529e+00,1.48388016e+00,7.58187091e-01,1.16157640e+00,1.36988647e+00,1.45326003e+00,1.48305316e+00
3.02000000e+00,7.30202734e-01,1.16416276e+00,1.35836780e+00,1.44039655e+00,1.47138143e+00,7.51518051e-01,1.15163108e+00,1.35831004e+00,1.44103065e+00,1.47058904e+00
3.04000000e+00,7.23745048e-01,1.15418100e+00,1.34685922e+00,1.42825389e+00,1.45898104e+00,7.44897638e-01,1.14176081e+00,1.34682323e+00,1.42889720e+00,1.45822322e+00
3.06000000e+00,7.17334509e-01,1.14427221e+00,1.33543921e+00,1.41620398e+00,1.44667900e+00,7.38325683e-01,1.13196503e+00,1.33542521e+00,1.41685874e+00,1.44595470e+00
3.08000000e+00,7.10971355e-01,1.13443673e+00,1.32410789e+00,1.40424991e+00,1.43447363e+00,7.31802011e-01,1.12224321e+00,1.32411519e+00,1.40491433e+00,1.43378250e+00
3.10000000e+00,7.04655051e-01,1.12467396e+00,1.31286323e+00,1.39238763e+00,1.42236459e+00,7.25326447e-01,1.11259481e+00,1.31289236e+00,1.39306306e+00,1.42170567e+00
3.12000000e+00,6.98386252e-01,1.11498344e+00,1.30170512e+00,1.38061762e+00,1.41035020e+00,7.18898811e-01,1.10301932e+00,1.30175597e+00,1.38130405e+00,1.40972326e+00
3.14000000e+00,6.92163825e-01,1.10536432e+00,1.29063308e+00,1.36893821e+00,1.39842987e+00,7.12518924e-01,1.09351621e+00,1.29070525e+00,1.36963643e+00,1.39783438e+00
3.16000000e+00,6.85988367e-01,1.09581685e+00,1.27964640e+00,1.35735011e+00,1.38660347e+00,7.06186599e-01,1.08408497e+00,1.27973945e+00,1.35805933e+00,1.38603811e+00
3.18000000e+00,6.79859221e-01,1.08634019e+00,1.26874411e+00,1.34585118e+00,1.37486827e+00,6.99901652e-01,1.07472510e+00,1.26885785e+00,1.34657193e+00,1.37433358e+00
3.20000000e+00,6.73776507e-01,1.07693410e+00,1.25792503e+00,1.33444130e+00,1.36322558e+00,6.93663892e-01,1.06543610e+00,1.25805972e+00,1.33517339e+00,1.36271993e+00
3.22000000e+00,6.67740107e-01,1.06759763e+00,1.24718976e+00,1.32311893e+00,1.35167336e+00,6.87473130e-01,1.05621749e+00,1.24734437e+00,1.32386291e+00,1.35119631e+00
3.24000000e+00,6.61749780e-01,1.05833125e+00,1.23653662e+00,1.31188440e+00,1.34021044e+00,6.81329170e-01,1.04706878e+00,1.23671110e+00,1.31263971e+00,1.33976189e+00
3.26000000e+00,6.55805051e-01,1.04913402e+00,1.22596538e+00,1.30073619e+00,1.32883728e+00,6.75231818e-01,1.03798949e+00,1.22615923e+00,1.30150301e+00,1.32841587e+00
3.28000000e+00,6.49906099e-01,1.04000592e+00,1.21547484e+00,1.28967357e+00,1.31755209e+00,6.69180876e-01,1.02897914e+00,1.21568809e+00,1.29045203e+00,1.31715743e+00
3.30000000e+00,6.44052565e-01,1.03094614e+00,1.20506525e+00,1.27869642e+00,1.30635417e+00,6.63176144e-01,1.02003728e+00,1.20529702e+00,1.27948605e+00,1.30598581e+00
3.32000000e+00,6.38244331e-01,1.02195406e+00,1.19473517e+00,1.26780391e+00,1.29524314e+00,6.57217421e-01,1.01116345e+00,1.19498538e+00,1.26860432e+00,1.29490023e+00
3.34000000e+00,6.32481158e-01,1.01303065e+00,1.18448532e+00,1.25699449e+00,1.28421807e+00,6.51304502e-01,1.00235718e+00,1.18475253e+00,1.25780612e+00,1.28389994e+00
3.36000000e+00,6.26762986e-01,1.00417411e+00,1.17431307e+00,1.24626827e+00,1.27327776e+00,6.45437182e-01,9.93618029e-01,1.17459786e+00,1.24709076e+00,1.27298421e+00
3.38000000e+00,6.21089637e-01,9.95384514e-01,1.16421974e+00,1.23562455e+00,1.26242268e+00,6.39615255e-01,9.84945552e-01,1.16452073e+00,1.23645752e+00,1.26215230e+00
3.40000000e+00,6.15460813e-01,9.86661673e-01,1.15420341e+00,1.22506189e+00,1.25165093e+00,6.33838511e-01,9.76339308e-01,1.15452056e+00,1.22590574e+00,1.25140351e+00
3.42000000e+00,6.09876156e-01,9.78005350e-01,1.14426434e+00,1.21458173e+00,1.24096262e+00,6.28106739e-01,9.67798863e-01,1.14459675e+00,1.21543473e+00,1.24073713e+00
3.44000000e+00,6.04335725e-01,9.69414771e-01,1.13440156e+00,1.20418084e+00,1.23035681e+00,6.22419728e-01,9.59323787e-01,1.13474870e+00,1.20504385e+00,1.23015248e+00
3.46000000e+00,5.98839104e-01,9.60889280e-01,1.12461436e+00,1.19385993e+00,1.21983218e+00,6.16777264e-01,9.50913654e-01,1.12497585e+00,1.19473244e+00,1.21964888e+00
3.48000000e+00,5.93386531e-01,9.52429712e-01,1.11490273e+00,1.18361795e+00,1.20938909e+00,6.11179132e-01,9.42568043e-01,1.11527763e+00,1.18449987e+00,1.20922567e+00
3.50000000e+00,5.87976933e-01,9.44034576e-01,1.10526574e+00,1.17345464e+00,1.19902647e+00,6.05625115e-01,9.34286537e-01,1.10565348e+00,1.17434551e+00,1.19888219e+00
3.52000000e+00,5.82610965e-01,9.35704410e-01,1.09570265e+00,1.16336942e+00,1.18874311e+00,6.00114996e-01,9.26068723e-01,1.09610285e+00,1.16426874e+00,1.18861782e+00
3.54000000e+00,5.77287972e-01,9.27438080e-01,1.08621383e+00,1.15336144e+00,1.17853940e+00,5.94648555e-01,9.17914193e-01,1.08662520e+00,1.15426897e+00,1.17843190e+00
3.56000000e+00,5.72008133e-01,9.19235587e-01,1.07679760e+00,1.14343023e+00,1.16841400e+00,5.89225572e-01,9.09822542e-01,1.07721999e+00,1.14434559e+00,1.16832384e+00
3.58000000e+00,5.66770673e-01,9.11096394e-01,1.06745386e+00,1.13357556e+00,1.15836620e+00,5.83845825e-01,9.01793368e-01,1.06788670e+00,1.13449802e+00,1.15829301e+00
3.60000000e+00,5.61575592e-01,9.03020442e-01,1.05818224e+00,1.12379575e+00,1.14839637e+00,5.78509092e-01,8.93826274e-01,1.05862480e+00,1.12472569e+00,1.14833882e+00
3.62000000e+00,5.56422651e-01,8.95007312e-01,1.04898238e+00,1.11409152e+00,1.13850284e+00,5.73215149e-01,8.85920867e-01,1.04943380e+00,1.11502801e+00,1.13846067e+00
3.64000000e+00,5.51311791e-01,8.87056649e-01,1.03985357e+00,1.10446179e+00,1.12868559e+00,5.67963771e-01,8.78076757e-01,1.04031317e+00,1.10540444e+00,1.12865799e+00
3.66000000e+00,5.46242714e-01,8.79167855e-01,1.03079557e+00,1.09490561e+00,1.11894381e+00,5.62754731e-01,8.70293555e-01,1.03126243e+00,1.09585441e+00,1.11893020e+00
3.68000000e+00,5.41214943e-01,8.71340811e-01,1.02180719e+00,1.08542335e+00,1.10927701e+00,5.57587804e-01,8.62570879e-01,1.02228108e+00,1.08637740e+00,1.10927675e+00
3.70000000e+00,5.36228776e-01,8.63575280e-01,1.01288867e+00,1.07601357e+00,1.09968448e+00,5.52462761e-01,8.54908348e-01,1.01336863e+00,1.07697286e+00,1.09969706e+00
3.72000000e+00,5.31283438e-01,8.55870545e-01,1.00403893e+00,1.06667638e+00,1.09016621e+00,5.47379374e-01,8.47305584e-01,1.00452462e+00,1.06764027e+00,1.09019061e+00
3.74000000e+00,5.26379108e-01,8.48226547e-01,9.95258451e-01,1.05741084e+00,1.08072114e+00,5.42337413e-01,8.39762213e-01,9.95748557e-01,1.05837910e+00,1.08075685e+00
3.76000000e+00,5.21514833e-01,8.40642989e-01,9.86545742e-01,1.04821646e+00,1.07134831e+00,5.37336649e-01,8.32277863e-01,9.87039985e-01,1.04918884e+00,1.07139524e+00
3.78000000e+00,5.16691387e-01,8.33119035e-01,9.77900982e-01,1.03909361e+00,1.06204808e+00,5.32376850e-01,8.24852166e-01,9.78398441e-01,1.04006899e+00,1.06210527e+00
3.80000000e+00,5.11908054e-01,8.25655460e-01,9.69323277e-01,1.03004050e+00,1.05281985e+00,5.27457784e-01,8.17484754e-01,9.69823467e-01,1.03101905e+00,1.05288643e+00
3.82000000e+00,5.07164180e-01,8.18250537e-01,9.60812390e-01,1.02105725e+00,1.04366267e+00,5.22579220e-01,8.10175264e-01,9.61314614e-01,1.02203853e+00,1.04373819e+00
3.84000000e+00,5.02460480e-01,8.10904801e-01,9.52367723e-01,1.01214325e+00,1.03457606e+00,5.17740924e-01,8.02923336e-01,9.52871437e-01,1.01312693e+00,1.03466007e+00
3.86000000e+00,4.97795701e-01,8.03617597e-01,9.43988979e-01,1.00329840e+00,1.02555990e+00,5.12942664e-01,7.95728610e-01,9.44493495e-01,1.00428379e+00,1.02565156e+00
3.88000000e+00,4.93170410e-01,7.96388566e-01,9.35675561e-01,9.94521976e-01,1.01661348e+00,5.08184204e-01,7.88590730e-01,9.36180352e-01,9.95508620e-01,1.01671218e+00
3.90000000e+00,4.88583803e-01,7.89217532e-01,9.27427709e-01,9.85813379e-01,1.00773633e+00,5.03465312e-01,7.81509343e-01,9.27931578e-01,9.86800960e-01,1.00784144e+00
3.92000000e+00,4.84035909e-01,7.82104492e-01,9.19243813e-01,9.77171838e-01,9.98927355e-01,4.98785751e-01,7.74484096e-01,9.19746747e-01,9.78160347e-01,9.99038870e-01
3.94000000e+00,4.79526341e-01,7.75048137e-01,9.11124170e-01,9.68597651e-01,9.90186810e-01,4.94145287e-01,7.67514640e-01,9.11625436e-01,9.69586324e-01,9.90303999e-01
3.96000000e+00,4.75055188e-01,7.68048704e-01,9.03068244e-01,9.60090041e-01,9.81514394e-01,4.89543683e-01,7.60600628e-01,9.03567229e-01,9.61078439e-01,9.81636362e-01
3.98000000e+00,4.70621735e-01,7.61105895e-01,8.95075500e-01,9.51647997e-01,9.72909093e-01,4.84980705e-01,7.53741715e-01,8.95571712e-01,9.52636247e-01,9.73035499e-01
4.00000000e+00,4.66226071e-01,7.54219472e-01,8.87145698e-01,9.43271995e-01,9.64370489e-01,4.80456115e-01,7.46937556e-01,8.87638476e-01,9.44259307e-01,9.64500958e-01
4.02000000e+00,4.61868048e-01,7.47388661e-01,8.79278243e-01,9.34960961e-01,9.55898583e-01,4.75969678e-01,7.40187810e-01,8.79767116e-01,9.35947182e-01,9.56032291e-01
4.04000000e+00,4.57546771e-01,7.40613520e-01,8.71472895e-01,9.26714897e-01,9.47492480e-01,4.71521156e-01,7.33492139e-01,8.71957229e-01,9.27699441e-01,9.47629054e-01
4.06000000e+00,4.53262866e-01,7.33893394e-01,8.63729179e-01,9.18532848e-01,9.39151466e-01,4.67110312e-01,7.26850203e-01,8.64208417e-01,9.19515658e-01,9.39290808e-01
4.08000000e+00,4.49015439e-01,7.27228284e-01,8.56046557e-01,9.10414934e-01,9.30875599e-01,4.62736910e-01,7.20261668e-01,8.56520288e-01,9.11395409e-01,9.31017122e-01
4.10000000e+00,4.44804609e-01,7.20617354e-01,8.48424792e-01,9.02360559e-01,9.22664940e-01,4.58400712e-01,7.13726199e-01,8.48892448e-01,9.03338277e-01,9.22807566e-01
4.12000000e+00,4.40629870e-01,7.14060783e-01,8.40863109e-01,8.94368947e-01,9.14518058e-01,4.54101482e-01,7.07243463e-01,8.41324512e-01,8.95343848e-01,9.14661715e-01
4.14000000e+00,4.36491191e-01,7.07557559e-01,8.33361566e-01,8.86440039e-01,9.06434596e-01,4.49838980e-01,7.00813129e-01,8.33816094e-01,8.87411711e-01,9.06579151e-01
4.16000000e+00,4.32388157e-01,7.01108396e-01,8.25919628e-01,8.78573298e-01,8.98414969e-01,4.45612971e-01,6.94434868e-01,8.26366814e-01,8.79541462e-01,8.98559457e-01
4.18000000e+00,4.28320646e-01,6.94712281e-01,8.18536937e-01,8.70768249e-01,8.90457809e-01,4.41423217e-01,6.88108352e-01,8.18976293e-01,8.71732698e-01,8.90602222e-01
4.20000000e+00,4.24288362e-01,6.88368797e-01,8.11212659e-01,8.63024652e-01,8.82563114e-01,4.37269481e-01,6.81833255e-01,8.11644156e-01,8.63985020e-01,8.82707038e-01
4.22000000e+00,4.20291036e-01,6.82077348e-01,8.03947091e-01,8.55342090e-01,8.74730706e-01,4.33151525e-01,6.75609252e-01,8.04370030e-01,8.56298034e-01,8.74873502e-01
4.24000000e+00,4.16328609e-01,6.75838411e-01,7.96739578e-01,8.47719908e-01,8.66959929e-01,4.29069112e-01,6.69436020e-01,7.97153546e-01,8.48671347e-01,8.67101214e-01
4.26000000e+00,4.12400484e-01,6.69651031e-01,7.89589226e-01,8.40158045e-01,8.59250069e-01,4.25022006e-01,6.63313236e-01,7.89994337e-01,8.41104573e-01,8.59389777e-01
4.28000000e+00,4.08506930e-01,6.63515151e-01,7.82496452e-01,8.32655430e-01,8.51601481e-01,4.21009970e-01,6.57240580e-01,7.82892039e-01,8.33597326e-01,8.51738798e-01
4.30000000e+00,4.04647052e-01,6.57430172e-01,7.75460541e-01,8.25212777e-01,8.44013035e-01,4.17032767e-01,6.51217732e-01,7.75846290e-01,8.26149224e-01,8.44147889e-01
4.32000000e+00,4.00821149e-01,6.51395917e-01,7.68481076e-01,8.17828715e-01,8.36484432e-01,4.13090160e-01,6.45244376e-01,7.68856730e-01,8.18759890e-01,8.36616662e-01
4.34000000e+00,3.97028714e-01,6.45412266e-01,7.61557460e-01,8.10504019e-01,8.29015970e-01,4.09181914e-01,6.39320193e-01,7.61923003e-01,8.11428946e-01,8.29144735e-01
4.36000000e+00,3.93269509e-01,6.39478147e-01,7.54689872e-01,8.03236663e-01,8.21606159e-01,4.05307793e-01,6.33444868e-01,7.55044754e-01,8.04156021e-01,8.21731729e-01
4.38000000e+00,3.89543444e-01,6.33594215e-01,7.47877359e-01,7.96027541e-01,8.14255536e-01,4.01467562e-01,6.27618088e-01,7.48221630e-01,7.96940744e-01,8.14377266e-01
4.40000000e+00,3.85850191e-01,6.27759397e-01,7.41120040e-01,7.88875878e-01,8.06963265e-01,3.97660984e-01,6.21839539e-01,7.41453282e-01,7.89782749e-01,8.07080972e-01
4.42000000e+00,3.82189572e-01,6.21973693e-01,7.34417200e-01,7.81781256e-01,7.99728990e-01,3.93887827e-01,6.16108910e-01,7.34739361e-01,7.82681669e-01,7.99842476e-01
4.44000000e+00,3.78561080e-01,6.16236687e-01,7.27769017e-01,7.74743378e-01,7.92552233e-01,3.90147854e-01,6.10425889e-01,7.28079521e-01,7.75637144e-01,7.92661409e-01
4.46000000e+00,3.74964803e-01,6.10547900e-01,7.21174240e-01,7.67761707e-01,7.85433233e-01,3.86440832e-01,6.04790168e-01,7.21473418e-01,7.68648814e-01,7.85537407e-01
4.48000000e+00,3.71400416e-01,6.04907215e-01,7.14632928e-01,7.60836184e-01,7.78370917e-01,3.82766528e-01,5.99201437e-01,7.14920710e-01,7.61716320e-01,7.78470105e-01
4.50000000e+00,3.67867678e-01,5.99314213e-01,7.08144963e-01,7.53966212e-01,7.71365404e-01,3.79124708e-01,5.93659390e-01,7.08421056e-01,7.54839309e-01,7.71459143e-01
4.52000000e+00,3.64366382e-01,5.93768418e-01,7.01710045e-01,7.47151613e-01,7.64415801e-01,3.75515141e-01,5.88163721e-01,7.01974119e-01,7.48017427e-01,7.64504163e-01
4.54000000e+00,3.60896051e-01,5.88269830e-01,6.95327342e-01,7.40391493e-01,7.57522345e-01,3.71937593e-01,5.82714124e-01,6.95579561e-01,7.41250325e-01,7.57604809e-01
4.56000000e+00,3.57456774e-01,5.82817852e-01,6.88996911e-01,7.33686328e-01,7.50684083e-01,3.68391834e-01,5.77310295e-01,6.89237048e-01,7.34537652e-01,7.50760726e-01
4.58000000e+00,3.54048222e-01,5.77411950e-01,6.82718039e-01,7.27035224e-01,7.43900776e-01,3.64877633e-01,5.71951932e-01,6.82946246e-01,7.27879064e-01,7.43971565e-01
4.60000000e+00,3.50670010e-01,5.72052360e-01,6.76490486e-01,7.20438004e-01,7.37172365e-01,3.61394758e-01,5.66638733e-01,6.76706825e-01,7.21274215e-01,7.37236974e-01
4.62000000e+00,3.47322017e-01,5.66738486e-01,6.70314312e-01,7.13894069e-01,7.30498493e-01,3.57942982e-01,5.61370396e-01,6.70518453e-01,7.14722763e-01,7.30556608e-01
4.64000000e+00,3.44004035e-01,5.61469972e-01,6.64188683e-01,7.07403362e-01,7.23878622e-01,3.54522073e-01,5.56146622e-01,6.64380803e-01,7.08224368e-01,7.23930121e-01
4.66000000e+00,3.40715796e-01,5.56246221e-01,6.58113539e-01,7.00965285e-01,7.17312396e-01,3.51131804e-01,5.50967113e-01,6.58293548e-01,7.01778691e-01,7.17357169e-01
4.68000000e+00,3.37457180e-01,5.51067472e-01,6.52088225e-01,6.94579780e-01,7.10799336e-01,3.47771948e-01,5.45831570e-01,6.52256362e-01,6.95385395e-01,7.10837411e-01
4.70000000e+00,3.34227800e-01,5.45932889e-01,6.46112680e-01,6.88246548e-01,7.04339445e-01,3.44442276e-01,5.40739696e-01,6.46268922e-01,6.89044145e-01,7.04370509e-01
4.72000000e+00,3.31027597e-01,5.40842652e-01,6.40186667e-01,6.81964576e-01,6.97932243e-01,3.41142563e-01,5.35691197e-01,6.40330904e-01,6.82754608e-01,6.97956123e-01
4.74000000e+00,3.27856213e-01,5.35795927e-01,6.34309649e-01,6.75734460e-01,6.91577077e-01,3.37872583e-01,5.30685777e-01,6.34441989e-01,6.76516451e-01,6.91593919e-01
4.76000000e+00,3.24713290e-01,5.30792773e-01,6.28481150e-01,6.69555008e-01,6.85273826e-01,3.34632111e-01,5.25723142e-01,6.28601857e-01,6.70329344e-01,6.85283562e-01
4.78000000e+00,3.21599036e-01,5.25832713e-01,6.22700989e-01,6.63426578e-01,6.79022312e-01,3.31420923e-01,5.20803000e-01,6.22810189e-01,6.64192959e-01,6.79024720e-01
4.80000000e+00,3.18512797e-01,5.20915508e-01,6.16969168e-01,6.57348514e-01,6.72822118e-01,3.28238795e-01,5.15925059e-01,6.17066667e-01,6.58106969e-01,6.72817061e-01
4.82000000e+00,3.15454602e-01,5.16040802e-01,6.11284971e-01,6.51320457e-01,6.66672707e-01,3.25085506e-01,5.11089029e-01,6.11370978e-01,6.52071049e-01,6.66660258e-01
4.84000000e+00,3.12424093e-01,5.11208117e-01,6.05648041e-01,6.45342052e-01,6.60573900e-01,3.21960832e-01,5.06294619e-01,6.05722805e-01,6.46084873e-01,6.60553981e-01
4.86000000e+00,3.09421122e-01,5.06417513e-01,6.00058198e-01,6.39413476e-01,6.54525459e-01,3.18864554e-01,5.01541540e-01,6.00121836e-01,6.40148120e-01,6.54497904e-01
4.88000000e+00,3.06445569e-01,5.01668155e-01,5.94515145e-01,6.33533597e-01,6.48526847e-01,3.15796452e-01,4.96829506e-01,5.94567760e-01,6.34260468e-01,6.48491704e-01
4.90000000e+00,3.03497046e-01,4.96960223e-01,5.89018404e-01,6.27702355e-01,6.42577708e-01,3.12756305e-01,4.92158229e-01,5.89060264e-01,6.28421597e-01,6.42535057e-01
4.92000000e+00,3.00575376e-01,4.92293030e-01,5.83568037e-01,6.21919751e-01,6.36677921e-01,3.09743897e-01,4.87527423e-01,5.83599041e-01,6.22631189e-01,6.36627640e-01
4.94000000e+00,2.97680348e-01,4.87666756e-01,5.78163207e-01,6.16185129e-01,6.30827010e-01,3.06759008e-01,4.82936804e-01,5.78183781e-01,6.16888927e-01,6.30769135e-01
4.96000000e+00,2.94811666e-01,4.83080506e-01,5.72804093e-01,6.10498309e-01,6.25024617e-01,3.03801424e-01,4.78386088e-01,5.72814178e-01,6.11194495e-01,6.24959220e-01
4.98000000e+00,2.91969508e-01,4.78534460e-01,5.67489862e-01,6.04859054e-01,6.19270742e-01,3.00870928e-01,4.73874992e-01,5.67489925e-01,6.05547578e-01,6.19197580e-01
5.00000000e+00,2.89153159e-01,4.74028200e-01,5.62220573e-01,5.99266887e-01,6.13564551e-01,2.97967306e-01,4.69403235e-01,5.62210717e-01,5.99947863e-01,6.13483896e-01
5.02000000e+00,2.86362737e-01,4.69561160e-01,5.56995869e-01,5.93721628e-01,6.07906163e-01,2.95090343e-01,4.64970535e-01,5.56976252e-01,5.94395037e-01,6.07817855e-01
5.04000000e+00,2.83597887e-01,4.65133250e-01,5.51815212e-01,5.88222861e-01,6.02294981e-01,2.92239829e-01,4.60576613e-01,5.51786225e-01,5.88888791e-01,6.02199143e-01
5.06000000e+00,2.80858457e-01,4.60744441e-01,5.46678543e-01,5.82769990e-01,5.96730709e-01,2.89415549e-01,4.56221190e-01,5.46640337e-01,5.83428814e-01,5.96627446e-01
5.08000000e+00,2.78144091e-01,4.56394017e-01,5.41585445e-01,5.77363551e-01,5.91213167e-01,2.86617295e-01,4.51903989e-01,5.41538286e-01,5.78014797e-01,5.91102454e-01
5.10000000e+00,2.75454879e-01,4.52081650e-01,5.36535859e-01,5.72002292e-01,5.85742056e-01,2.83844855e-01,4.47624732e-01,5.36479774e-01,5.72646435e-01,5.85623856e-01
5.12000000e+00,2.72790372e-01,4.47807491e-01,5.31529129e-01,5.66686511e-01,5.80316961e-01,2.81098022e-01,4.43383145e-01,5.31464501e-01,5.67323419e-01,5.80191343e-01
5.14000000e+00,2.70150393e-01,4.43570793e-01,5.26565194e-01,5.61415493e-01,5.74937403e-01,2.78376587e-01,4.39178952e-01,5.26492172e-01,5.62045447e-01,5.74804608e-01
5.16000000e+00,2.67534882e-01,4.39371616e-01,5.21643400e-01,5.56189239e-01,5.69603443e-01,2.75680345e-01,4.35011880e-01,5.21562489e-01,5.56812212e-01,5.69463344e-01
5.18000000e+00,2.64943630e-01,4.35209155e-01,5.16763985e-01,5.51007271e-01,5.64314723e-01,2.73009088e-01,4.30881657e-01,5.16675158e-01,5.51623414e-01,5.64167245e-01
5.20000000e+00,2.62376249e-01,4.31083888e-01,5.11926413e-01,5.45869410e-01,5.59070528e-01,2.70362613e-01,4.26788011e-01,5.11829886e-01,5.46478750e-01,5.58916008e-01
5.22000000e+00,2.59832680e-01,4.26995009e-01,5.07130027e-01,5.40775239e-01,5.53870916e-01,2.67740717e-01,4.22730672e-01,5.07026379e-01,5.41377920e-01,5.53709329e-01
5.24000000e+00,2.57312626e-01,4.22942370e-01,5.02375185e-01,5.35724699e-01,5.48715293e-01,2.65143195e-01,4.18709370e-01,5.02264346e-01,5.36320624e-01,5.48546906e-01
5.26000000e+00,2.54816055e-01,4.18925703e-01,4.97660995e-01,5.30717134e-01,5.43603837e-01,2.62569848e-01,4.14723838e-01,4.97543496e-01,5.31306564e-01,5.43428438e-01
5.28000000e+00,2.52342641e-01,4.14944738e-01,4.92987722e-01,5.25752366e-01,5.38535595e-01,2.60020475e-01,4.10773808e-01,4.92863539e-01,5.26335443e-01,5.38353625e-01
5.30000000e+00,2.49892250e-01,4.10998940e-01,4.88354534e-01,5.20830333e-01,5.33510923e-01,2.57494876e-01,4.06859014e-01,4.88224187e-01,5.21406965e-01,5.33322168e-01
5.32000000e+00,2.47464672e-01,4.07088518e-01,4.83761489e-01,5.15950263e-01,5.28528929e-01,2.54992854e-01,4.02979191e-01,4.83625153e-01,5.16520835e-01,5.28333770e-01
5.34000000e+00,2.45059699e-01,4.03212816e-01,4.79208142e-01,5.11112332e-01,5.23589909e-01,2.52514212e-01,3.99134075e-01,4.79066149e-01,5.11676759e-01,5.23388135e-01
5.36000000e+00,2.42677152e-01,3.99371624e-01,4.74694371e-01,5.06316006e-01,5.18692970e-01,2.50058752e-01,3.95323404e-01,4.74546891e-01,5.06874443e-01,5.18484967e-01
5.38000000e+00,2.40316927e-01,3.95564795e-01,4.70219791e-01,5.01561105e-01,5.13838232e-01,2.47626282e-01,3.91546916e-01,4.70067095e-01,5.02113597e-01,5.13623970e-01
5.40000000e+00,2.37978667e-01,3.91792208e-01,4.65784222e-01,4.96847242e-01,5.09025216e-01,2.45216606e-01,3.87804351e-01,4.65626477e-01,4.97393929e-01,5.08804853e-01
5.42000000e+00,2.35662237e-01,3.88053089e-01,4.61387157e-01,4.92174238e-01,5.04253685e-01,2.42829533e-01,3.84095448e-01,4.61224756e-01,4.92715149e-01,5.04027323e-01
5.44000000e+00,2.33367592e-01,3.84347528e-01,4.57028419e-01,4.87541616e-01,4.99523312e-01,2.40464871e-01,3.80419951e-01,4.56861649e-01,4.88076970e-01,4.99291088e-01
5.46000000e+00,2.31094435e-01,3.80675167e-01,4.52707797e-01,4.82949257e-01,4.94833797e-01,2.38122430e-01,3.76777602e-01,4.52536877e-01,4.83479103e-01,4.94595859e-01
5.48000000e+00,2.28842571e-01,3.77035975e-01,4.48425055e-01,4.78396833e-01,4.90184814e-01,2.35802020e-01,3.73168145e-01,4.48250162e-01,4.78921262e-01,4.89941346e-01
5.50000000e+00,2.26611808e-01,3.73429507e-01,4.44179654e-01,4.73883957e-01,4.85576212e-01,2.33503454e-01,3.69591325e-01,4.44001225e-01,4.74403162e-01,4.85327262e-01
5.52000000e+00,2.24402055e-01,3.69855314e-01,4.39971715e-01,4.69410449e-01,4.81007695e-01,2.31226545e-01,3.66046889e-01,4.39789791e-01,4.69924518e-01,4.80753319e-01
5.54000000e+00,2.22213015e-01,3.66313368e-01,4.35800612e-01,4.64976162e-01,4.76478785e-01,2.28971107e-01,3.62534584e-01,4.35615582e-01,4.65485046e-01,4.76219232e-01
5.56000000e+00,2.20044702e-01,3.62803549e-01,4.31666225e-01,4.60580677e-01,4.71989542e-01,2.26736955e-01,3.59054160e-01,4.31478325e-01,4.61084466e-01,4.71724715e-01
5.58000000e+00,2.17896730e-01,3.59325171e-01,4.27568287e-01,4.56223518e-01,4.67539042e-01,2.24523906e-01,3.55605366e-01,4.27377746e-01,4.56722496e-01,4.67269486e-01
5.60000000e+00,2.15769038e-01,3.55878264e-01,4.23506498e-01,4.51904684e-01,4.63127494e-01,2.22331779e-01,3.52187953e-01,4.23313573e-01,4.52398855e-01,4.62853262e-01
5.62000000e+00,2.13661328e-01,3.52462769e-01,4.19480771e-01,4.47623760e-01,4.58754927e-01,2.20160391e-01,3.48801674e-01,4.19285536e-01,4.48113265e-01,4.58475761e-01
5.64000000e+00,2.11573586e-01,3.49078029e-01,4.15490478e-01,4.43380594e-01,4.54420328e-01,2.18009563e-01,3.45446283e-01,4.15293363e-01,4.43865447e-01,4.54136702e-01
5.66000000e+00,2.09505618e-01,3.45724106e-01,4.11535591e-01,4.39174712e-01,4.50123817e-01,2.15879117e-01,3.42121533e-01,4.11336785e-01,4.39655126e-01,4.49835806e-01
5.68000000e+00,2.07457051e-01,3.42400581e-01,4.07615840e-01,4.35006142e-01,4.45865035e-01,2.13768874e-01,3.38827182e-01,4.07415536e-01,4.35482026e-01,4.45572795e-01
5.70000000e+00,2.05428004e-01,3.39107215e-01,4.03730810e-01,4.30874228e-01,4.41643715e-01,2.11678659e-01,3.35562987e-01,4.03529349e-01,4.31345871e-01,4.41347392e-01
5.72000000e+00,2.03418225e-01,3.35843861e-01,3.99880558e-01,4.26779121e-01,4.37459528e-01,2.09608296e-01,3.32328705e-01,3.99677957e-01,4.27246389e-01,4.37159321e-01
5.74000000e+00,2.01427415e-01,3.32610160e-01,3.96064430e-01,4.22720104e-01,4.33312386e-01,2.07557611e-01,3.29124098e-01,3.95861097e-01,4.23183307e-01,4.33008306e-01
5.76000000e+00,1.99455574e-01,3.29406083e-01,3.92282456e-01,4.18697298e-01,4.29201782e-01,2.05526431e-01,3.25948925e-01,3.92078506e-01,4.19156354e-01,4.28894074e-01
5.78000000e+00,1.97502330e-01,3.26231092e-01,3.88534427e-01,4.14710224e-01,4.25127655e-01,2.03514585e-01,3.22802949e-01,3.88329920e-01,4.15165259e-01,4.24816351e-01
5.80000000e+00,1.95567638e-01,3.23085248e-01,3.84819686e-01,4.10758495e-01,4.21089441e-01,2.01521902e-01,3.19685934e-01,3.84615081e-01,4.11209755e-01,4.20774867e-01
5.82000000e+00,1.93651482e-01,3.19968015e-01,3.81138384e-01,4.06842172e-01,4.17087138e-01,1.99548214e-01,3.16597644e-01,3.80933727e-01,4.07289573e-01,4.16769351e-01
5.84000000e+00,1.91753492e-01,3.16879392e-01,3.77490014e-01,4.02960688e-01,4.13120210e-01,1.97593351e-01,3.13537845e-01,3.77285601e-01,4.03404446e-01,4.12799533e-01
5.86000000e+00,1.89873561e-01,3.13819140e-01,3.73874485e-01,3.99114043e-01,4.09189016e-01,1.95657146e-01,3.10506306e-01,3.73670444e-01,3.99554109e-01,4.08865145e-01
5.88000000e+00,1.88011572e-01,3.10787022e-01,3.70291650e-01,3.95301968e-01,4.05292392e-01,1.93739435e-01,3.07502793e-01,3.70088002e-01,3.95738297e-01,4.04965920e-01
5.90000000e+00,1.86167315e-01,3.07782680e-01,3.66740882e-01,3.91523808e-01,4.01430547e-01,1.91840052e-01,3.04527078e-01,3.66538019e-01,3.91956748e-01,4.01101591e-01
5.92000000e+00,1.84340641e-01,3.04805875e-01,3.63222241e-01,3.87779772e-01,3.97603422e-01,1.89958834e-01,3.01578930e-01,3.63020241e-01,3.88209198e-01,3.97271895e-01
5.94000000e+00,1.82531491e-01,3.01856607e-01,3.59735459e-01,3.84069324e-01,3.93810451e-01,1.88095619e-01,2.98658124e-01,3.59534415e-01,3.84495389e-01,3.93476567e-01
5.96000000e+00,1.80739567e-01,2.98934460e-01,3.56280118e-01,3.80392194e-01,3.90051365e-01,1.86250245e-01,2.95764432e-01,3.56080292e-01,3.80815058e-01,3.89715344e-01
5.98000000e+00,1.78964853e-01,2.96039283e-01,3.52856070e-01,3.76748353e-01,3.86326015e-01,1.84422553e-01,2.92897629e-01,3.52657620e-01,3.77167949e-01,3.85987966e-01
6.00000000e+00,1.77206978e-01,2.93170750e-01,3.49463165e-01,3.73137414e-01,3.82634103e-01,1.82612383e-01,2.90057493e-01,3.49266150e-01,3.73553804e-01,3.82294173e-01
6.02000000e+00,1.75466046e-01,2.90328920e-01,3.46101046e-01,3.69559109e-01,3.78975481e-01,1.80819579e-01,2.87243799e-01,3.45905636e-01,3.69972366e-01,3.78633704e-01
6.04000000e+00,1.73741788e-01,2.87513286e-01,3.42769474e-01,3.66013139e-01,3.75349671e-01,1.79043984e-01,2.84456329e-01,3.42575831e-01,3.66423381e-01,3.75006303e-01
6.06000000e+00,1.72034085e-01,2.84723610e-01,3.39468300e-01,3.62499386e-01,3.71756554e-01,1.77285442e-01,2.81694860e-01,3.39276489e-01,3.62906595e-01,3.71411713e-01
6.08000000e+00,1.70342669e-01,2.81959921e-01,3.36197108e-01,3.59017551e-01,3.68195802e-01,1.75543800e-01,2.78959177e-01,3.36007367e-01,3.59421755e-01,3.67849678e-01
6.10000000e+00,1.68667585e-01,2.79221952e-01,3.32956016e-01,3.55567217e-01,3.64667326e-01,1.73818904e-01,2.76249060e-01,3.32768223e-01,3.55968611e-01,3.64319944e-01
6.12000000e+00,1.67008549e-01,2.76509315e-01,3.29744399e-01,3.52148443e-01,3.61170679e-01,1.72110602e-01,2.73564294e-01,3.29558814e-01,3.52546912e-01,3.60822259e-01
6.14000000e+00,1.65365443e-01,2.73821861e-01,3.26561987e-01,3.48760605e-01,3.57705623e-01,1.70418745e-01,2.70904666e-01,3.26378901e-01,3.49156409e-01,3.57356370e-01
6.16000000e+00,1.63738191e-01,2.71159470e-01,3.23408991e-01,3.45403820e-01,3.54271978e-01,1.68743182e-01,2.68269961e-01,3.23228246e-01,3.45796854e-01,3.53922026e-01
6.18000000e+00,1.62126586e-01,2.68521965e-01,3.20284873e-01,3.42077672e-01,3.50869596e-01,1.67083765e-01,2.65659968e-01,3.20106610e-01,3.42468002e-01,3.50518979e-01
6.20000000e+00,1.60530522e-01,2.65908927e-01,3.17189395e-01,3.38781983e-01,3.47498178e-01,1.65440347e-01,2.63074476e-01,3.17013758e-01,3.39169608e-01,3.47146981e-01
6.22000000e+00,1.58949852e-01,2.63320327e-01,3.14122409e-01,3.35516363e-01,3.44157428e-01,1.63812782e-01,2.60513276e-01,3.13949455e-01,3.35901427e-01,3.43805784e-01
6.24000000e+00,1.57384366e-01,2.60756016e-01,3.11083764e-01,3.32280844e-01,3.40846956e-01,1.62200924e-01,2.57976161e-01,3.10913466e-01,3.32663217e-01,3.40495143e-01
6.26000000e+00,1.55834034e-01,2.58215576e-01,3.08073014e-01,3.29074860e-01,3.37566793e-01,1.60604630e-01,2.55462924e-01,3.07905560e-01,3.29454736e-01,3.37214814e-01
6.28000000e+00,1.54298663e-01,2.55699068e-01,3.05089980e-01,3.25898290e-01,3.34316462e-01,1.59023757e-01,2.52973359e-01,3.04925506e-01,3.26275745e-01,3.33964554e-01
6.30000000e+00,1.52778104e-01,2.53205925e-01,3.02134693e-01,3.22751105e-01,3.31095874e-01,1.57458164e-01,2.50507263e-01,3.01973073e-01,3.23126004e-01,3.30744120e-01
6.32000000e+00,1.51272267e-01,2.50736445e-01,2.99206614e-01,3.19632888e-01,3.27904820e-01,1.55907710e-01,2.48064433e-01,2.99048035e-01,3.20005277e-01,3.27553272e-01
6.34000000e+00,1.49780974e-01,2.48289943e-01,2.96305746e-01,3.16543281e-01,3.24742913e-01,1.54372255e-01,2.45644668e-01,2.96150162e-01,3.16913327e-01,3.24391771e-01
6.36000000e+00,1.48304135e-01,2.45866656e-01,2.93431729e-01,3.13482344e-01,3.21610004e-01,1.52851662e-01,2.43247768e-01,2.93279230e-01,3.13849919e-01,3.21259379e-01
6.38000000e+00,1.46841615e-01,2.43465900e-01,2.90584415e-01,3.10449570e-01,3.18505824e-01,1.51345794e-01,2.40873535e-01,2.90435014e-01,3.10814820e-01,3.18155860e-01
6.40000000e+00,1.45393133e-01,2.41087928e-01,2.87763447e-01,3.07444841e-01,3.15430224e-01,1.49854513e-01,2.38521771e-01,2.87617292e-01,3.07807797e-01,3.15080977e-01
6.42000000e+00,1.43958881e-01,2.38732338e-01,2.84968913e-01,3.04468095e-01,3.12382996e-01,1.48377685e-01,2.36192281e-01,2.84825840e-01,3.04828619e-01,3.12034496e-01
6.44000000e+00,1.42538384e-01,2.36398876e-01,2.82200366e-01,3.01518798e-01,3.09363663e-01,1.46915177e-01,2.33884870e-01,2.82060439e-01,3.01877057e-01,3.09016186e-01
6.46000000e+00,1.41131744e-01,2.34087631e-01,2.79457510e-01,2.98596889e-01,3.06372225e-01,1.45466856e-01,2.31599344e-01,2.79320870e-01,2.98952882e-01,3.06025813e-01
6.48000000e+00,1.39738753e-01,2.31798112e-01,2.76740342e-01,2.95702219e-01,3.03408325e-01,1.44032589e-01,2.29335512e-01,2.76606914e-01,2.96055867e-01,3.03063149e-01
6.50000000e+00,1.38359249e-01,2.29530260e-01,2.74048418e-01,2.92834312e-01,3.00471812e-01,1.42612246e-01,2.27093184e-01,2.73918356e-01,2.93185786e-01,3.00127963e-01
6.52000000e+00,1.36993214e-01,2.27283925e-01,2.71381855e-01,2.89993137e-01,2.97562540e-01,1.41205698e-01,2.24872169e-01,2.71254979e-01,2.90342415e-01,2.97220029e-01
6.54000000e+00,1.35640442e-01,2.25058839e-01,2.68740207e-01,2.87178516e-01,2.94680178e-01,1.39812816e-01,2.22672281e-01,2.68616571e-01,2.87525531e-01,2.94339121e-01
6.56000000e+00,1.34300783e-01,2.22854942e-01,2.66123354e-01,2.84390062e-01,2.91824341e-01,1.38433473e-01,2.20493332e-01,2.66002918e-01,2.84734911e-01,2.91485012e-01
6.58000000e+00,1.32974178e-01,2.20671937e-01,2.63530940e-01,2.81627744e-01,2.88995206e-01,1.37067542e-01,2.18335137e-01,2.63413810e-01,2.81970336e-01,2.88657480e-01
6.60000000e+00,1.31660581e-01,2.18509644e-01,2.60963023e-01,2.78891027e-01,2.86192179e-01,1.35714897e-01,2.16197513e-01,2.60849037e-01,2.79231586e-01,2.85856302e-01
6.62000000e+00,1.30359739e-01,2.16367945e-01,2.58419096e-01,2.76180148e-01,2.83415318e-01,1.34375416e-01,2.14080276e-01,2.58308389e-01,2.76518444e-01,2.83081257e-01
6.64000000e+00,1.29071504e-01,2.14246616e-01,2.55899131e-01,2.73494661e-01,2.80664146e-01,1.33048973e-01,2.11983245e-01,2.55791661e-01,2.73830692e-01,2.80332125e-01
6.66000000e+00,1.27795905e-01,2.12145507e-01,2.53402948e-01,2.70834148e-01,2.77938694e-01,1.31735448e-01,2.09906240e-01,2.53298646e-01,2.71168117e-01,2.77608689e-01
6.68000000e+00,1.26532748e-01,2.10064411e-01,2.50930369e-01,2.68198758e-01,2.75238633e-01,1.30434718e-01,2.07849083e-01,2.50829140e-01,2.68530503e-01,2.74910731e-01
6.70000000e+00,1.25281900e-01,2.08003193e-01,2.48481080e-01,2.65588015e-01,2.72563577e-01,1.29146664e-01,2.05811596e-01,2.48382940e-01,2.65917639e-01,2.72238035e-01
6.72000000e+00,1.24043241e-01,2.05961645e-01,2.46054828e-01,2.63001710e-01,2.69913614e-01,1.27871167e-01,2.03793603e-01,2.45959844e-01,2.63329313e-01,2.69590387e-01
6.74000000e+00,1.22816727e-01,2.03939736e-01,2.43651599e-01,2.60439903e-01,2.67288506e-01,1.26608107e-01,2.01794929e-01,2.43559651e-01,2.60765315e-01,2.66967574e-01
6.76000000e+00,1.21602215e-01,2.01936975e-01,2.41271108e-01,2.57902145e-01,2.64687687e-01,1.25357369e-01,1.99815400e-01,2.41182163e-01,2.58225438e-01,2.64369384e-01
6.78000000e+00,1.20399512e-01,1.99953556e-01,2.38913208e-01,2.55388409e-01,2.62111366e-01,1.24118836e-01,1.97854845e-01,2.38827181e-01,2.55709474e-01,2.61795607e-01
6.80000000e+00,1.19208649e-01,1.97989047e-01,2.36577570e-01,2.52898276e-01,2.59559095e-01,1.22892393e-01,1.95913092e-01,2.36494509e-01,2.53217217e-01,2.59246035e-01
6.82000000e+00,1.18029408e-01,1.96043402e-01,2.34264091e-01,2.50431567e-01,2.57030815e-01,1.21677925e-01,1.93989972e-01,2.34183953e-01,2.50748463e-01,2.56720458e-01
6.84000000e+00,1.16861708e-01,1.94116443e-01,2.31972650e-01,2.47988254e-01,2.54526258e-01,1.20475320e-01,1.92085316e-01,2.31895319e-01,2.48303008e-01,2.54218672e-01
6.86000000e+00,1.15705475e-01,1.92207977e-01,2.29702875e-01,2.45568022e-01,2.52045184e-01,1.19284465e-01,1.90198957e-01,2.29628413e-01,2.45880652e-01,2.51740471e-01
6.88000000e+00,1.14560522e-01,1.90317884e-01,2.27454886e-01,2.43170798e-01,2.49587432e-01,1.18105249e-01,1.88330730e-01,2.27383045e-01,2.43481193e-01,2.49285651e-01
6.90000000e+00,1.13426827e-01,1.88445926e-01,2.25228086e-01,2.40796104e-01,2.47152746e-01,1.16937561e-01,1.86480469e-01,2.25159026e-01,2.41104432e-01,2.46854010e-01
6.92000000e+00,1.12304263e-01,1.86591998e-01,2.23022670e-01,2.38443956e-01,2.44741008e-01,1.15781293e-01,1.84648012e-01,2.22956167e-01,2.38750172e-01,2.44445347e-01
6.94000000e+00,1.11192733e-01,1.84755996e-01,2.20838219e-01,2.36114100e-01,2.42352054e-01,1.14636336e-01,1.82833196e-01,2.20774280e-01,2.36418217e-01,2.42059463e-01
6.96000000e+00,1.10092044e-01,1.82937667e-01,2.18674541e-01,2.33806387e-01,2.39985496e-01,1.13502582e-01,1.81035861e-01,2.18613181e-01,2.34108371e-01,2.39696160e-01
6.98000000e+00,1.09002195e-01,1.81136787e-01,2.16531634e-01,2.31520668e-01,2.37641335e-01,1.12379925e-01,1.79255847e-01,2.16472684e-01,2.31820441e-01,2.37355239e-01
7.00000000e+00,1.07923061e-01,1.79353356e-01,2.14409143e-01,2.29256421e-01,2.35319316e-01,1.11268259e-01,1.77492996e-01,2.14352607e-01,2.29554234e-01,2.35036507e-01
7.02000000e+00,1.06854536e-01,1.77587166e-01,2.12306932e-01,2.27013960e-01,2.33019128e-01,1.10167480e-01,1.75747150e-01,2.12252768e-01,2.27309559e-01,2.32739768e-01
7.04000000e+00,1.05796479e-01,1.75838053e-01,2.10224926e-01,2.24792793e-01,2.30740786e-01,1.09077484e-01,1.74018154e-01,2.10172986e-01,2.25086227e-01,2.30464829e-01
7.06000000e+00,1.04748890e-01,1.74105883e-01,2.08162889e-01,2.22592637e-01,2.28484020e-01,1.07998168e-01,1.72305853e-01,2.08113082e-01,2.22884049e-01,2.28211500e-01
7.08000000e+00,1.03711545e-01,1.72390416e-01,2.06120431e-01,2.20413670e-01,2.26248592e-01,1.06929430e-01,1.70610095e-01,2.06072879e-01,2.20702838e-01,2.25979590e-01
7.10000000e+00,1.02684423e-01,1.70691609e-01,2.04097778e-01,2.18255267e-01,2.24034339e-01,1.05871170e-01,1.68930726e-01,2.04052199e-01,2.18542408e-01,2.23768909e-01
7.12000000e+00,1.01667464e-01,1.69009238e-01,2.02094421e-01,2.16117650e-01,2.21841127e-01,1.04823287e-01,1.67267596e-01,2.02050868e-01,2.16402576e-01,2.21579271e-01
7.14000000e+00,1.00660466e-01,1.67343199e-01,2.00110257e-01,2.14000359e-01,2.19668761e-01,1.03785681e-01,1.65620554e-01,2.00068712e-01,2.14283157e-01,2.19410490e-01
7.16000000e+00,9.96633917e-02,1.65693313e-01,1.98145285e-01,2.11903304e-01,2.17516914e-01,1.02758255e-01,1.63989454e-01,1.98105558e-01,2.12183971e-01,2.17262379e-01
7.18000000e+00,9.86762121e-02,1.64059505e-01,1.96199208e-01,2.09826380e-01,2.15385571e-01,1.01740911e-01,1.62374146e-01,1.96161235e-01,2.10104837e-01,2.15134756e-01
7.20000000e+00,9.76986885e-02,1.62441447e-01,1.94271699e-01,2.07769111e-01,2.13274434e-01,1.00733553e-01,1.60774486e-01,1.94235573e-01,2.08045575e-01,2.13027438e-01
7.22000000e+00,9.67308059e-02,1.60839245e-01,1.92362919e-01,2.05731645e-01,2.11183518e-01,9.97360846e-02,1.59190328e-01,1.92328402e-01,2.06006009e-01,2.10940245e-01
7.24000000e+00,9.57725197e-02,1.59252584e-01,1.90472513e-01,2.03713804e-01,2.09112391e-01,9.87484110e-02,1.57621528e-01,1.90439557e-01,2.03985960e-01,2.08872996e-01
7.26000000e+00,9.48236436e-02,1.57681450e-01,1.88600287e-01,2.01715201e-01,2.07061097e-01,9.77704382e-02,1.56067944e-01,1.88568869e-01,2.01985255e-01,2.06825514e-01
7.28000000e+00,9.38841403e-02,1.56125396e-01,1.86746165e-01,1.99735805e-01,2.05029339e-01,9.68020732e-02,1.54529434e-01,1.86716175e-01,2.00003720e-01,2.04797622e-01
7.30000000e+00,9.29539129e-02,1.54584736e-01,1.84909806e-01,1.97775319e-01,2.03016922e-01,9.58432235e-02,1.53005859e-01,1.84881311e-01,1.98041181e-01,2.02789143e-01
7.32000000e+00,9.20329094e-02,1.53058946e-01,1.83091238e-01,1.95833802e-01,2.01023802e-01,9.48937977e-02,1.51497078e-01,1.83064114e-01,1.96097468e-01,2.00799903e-01
7.34000000e+00,9.11209658e-02,1.51548117e-01,1.81290358e-01,1.93910852e-01,1.99049592e-01,9.39537051e-02,1.50002955e-01,1.81264423e-01,1.94172410e-01,1.98829730e-01
7.36000000e+00,9.02180001e-02,1.50051966e-01,1.79506779e-01,1.92006350e-01,1.97094381e-01,9.30228558e-02,1.48523352e-01,1.79482079e-01,1.92265839e-01,1.96878450e-01
7.38000000e+00,8.93240571e-02,1.48570478e-01,1.77740514e-01,1.90120250e-01,1.95157856e-01,9.21011609e-02,1.47058133e-01,1.77716923e-01,1.90377587e-01,1.94945895e-01
7.40000000e+00,8.84388760e-02,1.47103503e-01,1.75991356e-01,1.88252240e-01,1.93239853e-01,9.11885321e-02,1.45607164e-01,1.75968797e-01,1.88507488e-01,1.93031894e-01
7.42000000e+00,8.75624865e-02,1.45650774e-01,1.74259037e-01,1.86402217e-01,1.91340253e-01,9.02848820e-02,1.44170312e-01,1.74237545e-01,1.86655378e-01,1.91136280e-01
7.44000000e+00,8.66946951e-02,1.44212231e-01,1.72543600e-01,1.84570029e-01,1.89458743e-01,8.93901239e-02,1.42747445e-01,1.72523013e-01,1.84821092e-01,1.89258886e-01
7.46000000e+00,8.58355314e-02,1.42787769e-01,1.70844808e-01,1.82755530e-01,1.87595367e-01,8.85041720e-02,1.41338430e-01,1.70825046e-01,1.83004469e-01,1.87399547e-01
7.48000000e+00,8.49848986e-02,1.41377360e-01,1.69162408e-01,1.80958495e-01,1.85749844e-01,8.76269414e-02,1.39943139e-01,1.69143493e-01,1.81205347e-01,1.85558098e-01
7.50000000e+00,8.41426775e-02,1.39980674e-01,1.67496309e-01,1.79178715e-01,1.83922142e-01,8.67583476e-02,1.38561442e-01,1.67478202e-01,1.79423566e-01,1.83734377e-01
7.52000000e+00,8.33087787e-02,1.38597697e-01,1.65846467e-01,1.77416191e-01,1.82111904e-01,8.58983072e-02,1.37193211e-01,1.65829022e-01,1.77658968e-01,1.81928221e-01
7.54000000e+00,8.24831277e-02,1.37228176e-01,1.64212570e-01,1.75670728e-01,1.80319041e-01,8.50467375e-02,1.35838320e-01,1.64195806e-01,1.75911396e-01,1.80139472e-01
7.56000000e+00,8.16656798e-02,1.35872170e-01,1.62594572e-01,1.73942119e-01,1.78543523e-01,8.42035566e-02,1.34496643e-01,1.62578406e-01,1.74180693e-01,1.78367968e-01
7.58000000e+00,8.08563009e-02,1.34529442e-01,1.60992324e-01,1.72230124e-01,1.76785037e-01,8.33686831e-02,1.33168055e-01,1.60976675e-01,1.72466704e-01,1.76613554e-01
7.60000000e+00,8.00549686e-02,1.33199885e-01,1.59405664e-01,1.70534730e-01,1.75043479e-01,8.25420366e-02,1.31852433e-01,1.59390468e-01,1.70769277e-01,1.74876072e-01
7.62000000e+00,7.92615265e-02,1.31883413e-01,1.57834411e-01,1.68855727e-01,1.73318744e-01,8.17235375e-02,1.30549654e-01,1.57819641e-01,1.69088257e-01,1.73155366e-01
7.64000000e+00,7.84759894e-02,1.30579844e-01,1.56278491e-01,1.67192996e-01,1.71610579e-01,8.09131067e-02,1.29259596e-01,1.56264051e-01,1.67423495e-01,1.71451283e-01
7.66000000e+00,7.76981935e-02,1.29289001e-01,1.54737636e-01,1.65546343e-01,1.69918910e-01,8.01106659e-02,1.27982141e-01,1.54723557e-01,1.65774841e-01,1.69763670e-01
7.68000000e+00,7.69281685e-02,1.28010944e-01,1.53211772e-01,1.63915634e-01,1.68243572e-01,7.93161377e-02,1.26717167e-01,1.53198017e-01,1.64142145e-01,1.68092375e-01
7.70000000e+00,7.61657506e-02,1.26745343e-01,1.51700810e-01,1.62300691e-01,1.66584402e-01,7.85294453e-02,1.25464557e-01,1.51687293e-01,1.62525260e-01,1.66437248e-01
7.72000000e+00,7.54108578e-02,1.25492200e-01,1.50204629e-01,1.60701454e-01,1.64941326e-01,7.77505124e-02,1.24224193e-01,1.50191247e-01,1.60924039e-01,1.64798139e-01
7.74000000e+00,7.46634752e-02,1.24251410e-01,1.48722902e-01,1.59117684e-01,1.63314104e-01,7.69792638e-02,1.22995960e-01,1.48709741e-01,1.59338338e-01,1.63174900e-01
7.76000000e+00,7.39234686e-02,1.23022832e-01,1.47255689e-01,1.57549337e-01,1.61702573e-01,7.62156248e-02,1.21779742e-01,1.47242640e-01,1.57768012e-01,1.61567385e-01
7.78000000e+00,7.31908754e-02,1.21806264e-01,1.45802781e-01,1.55996144e-01,1.60106644e-01,7.54595214e-02,1.20575425e-01,1.45789808e-01,1.56212919e-01,1.59975447e-01
7.80000000e+00,7.24654570e-02,1.20601803e-01,1.44364029e-01,1.54458076e-01,1.58526227e-01,7.47108802e-02,1.19382895e-01,1.44351112e-01,1.54672917e-01,1.58398943e-01
7.82000000e+00,7.17472732e-02,1.19409077e-01,1.42939374e-01,1.52934849e-01,1.56961098e-01,7.39696287e-02,1.18202041e-01,1.42926420e-01,1.53147866e-01,1.56837729e-01
7.84000000e+00,7.10362196e-02,1.18228130e-01,1.41528532e-01,1.51426554e-01,1.55411124e-01,7.32356949e-02,1.17032750e-01,1.41515601e-01,1.51637626e-01,1.55291663e-01
7.86000000e+00,7.03322142e-02,1.17058799e-01,1.40131503e-01,1.49932876e-01,1.53876215e-01,7.25090076e-02,1.15874914e-01,1.40118523e-01,1.50142058e-01,1.53760603e-01
7.88000000e+00,6.96352050e-02,1.15901001e-01,1.38748199e-01,1.48453668e-01,1.52356192e-01,7.17894962e-02,1.14728422e-01,1.38735058e-01,1.48661027e-01,1.52244411e-01
7.90000000e+00,6.89451098e-02,1.14754595e-01,1.37378290e-01,1.46988869e-01,1.50850877e-01,7.10770907e-02,1.13593167e-01,1.37365078e-01,1.47194396e-01,1.50742948e-01
7.92000000e+00,6.82617947e-02,1.13619462e-01,1.36021867e-01,1.45538419e-01,1.49360254e-01,7.03717219e-02,1.12469040e-01,1.36008455e-01,1.45742030e-01,1.49256075e-01
7.94000000e+00,6.75852969e-02,1.12495497e-01,1.34678602e-01,1.44101888e-01,1.47884130e-01,6.96733211e-02,1.11355936e-01,1.34665065e-01,1.44303797e-01,1.47783658e-01
7.96000000e+00,6.69155270e-02,1.11382678e-01,1.33348584e-01,1.42679468e-01,1.46422222e-01,6.89818205e-02,1.10253750e-01,1.33334781e-01,1.42879562e-01,1.46325560e-01
7.98000000e+00,6.62523732e-02,1.10280797e-01,1.32031441e-01,1.41270965e-01,1.44974664e-01,6.82971525e-02,1.09162375e-01,1.32017480e-01,1.41469196e-01,1.44881647e-01
8.00000000e+00,6.55957535e-02,1.09189749e-01,1.30727276e-01,1.39876023e-01,1.43541187e-01,6.76192506e-02,1.08081710e-01,1.30713041e-01,1.40072567e-01,1.43451788e-01
8.02000000e+00,6.49457052e-02,1.08109429e-01,1.29435778e-01,1.38494655e-01,1.42121673e-01,6.69480486e-02,1.07011652e-01,1.29421340e-01,1.38689547e-01,1.42035849e-01
8.04000000e+00,6.43021092e-02,1.07039809e-01,1.28156945e-01,1.37126848e-01,1.40715882e-01,6.62834812e-02,1.05952098e-01,1.28142257e-01,1.37320008e-01,1.40633700e-01
8.06000000e+00,6.36649057e-02,1.05980746e-01,1.26890689e-01,1.35772362e-01,1.39323920e-01,6.56254834e-02,1.04902947e-01,1.26875674e-01,1.35963822e-01,1.39245212e-01
8.08000000e+00,6.30339310e-02,1.04932100e-01,1.25636727e-01,1.34431079e-01,1.37945518e-01,6.49739911e-02,1.03864101e-01,1.25621470e-01,1.34620864e-01,1.37870255e-01
8.10000000e+00,6.24092743e-02,1.03893831e-01,1.24395080e-01,1.33102953e-01,1.36580482e-01,6.43289407e-02,1.02835460e-01,1.24379530e-01,1.33291009e-01,1.36508704e-01
8.12000000e+00,6.17907904e-02,1.02865718e-01,1.23165607e-01,1.31787673e-01,1.35228813e-01,6.36902692e-02,1.01816926e-01,1.23149736e-01,1.31974134e-01,1.35160431e-01
8.14000000e+00,6.11784756e-02,1.01847842e-01,1.21948212e-01,1.30485326e-01,1.33890420e-01,6.30579141e-02,1.00808401e-01,1.21931973e-01,1.30670115e-01,1.33825311e-01
8.16000000e+00,6.05721474e-02,1.00839928e-01,1.20742694e-01,1.29195631e-01,1.32565022e-01,6.24318136e-02,9.98097900e-02,1.20726127e-01,1.29378831e-01,1.32503220e-01
8.18000000e+00,5.99718653e-02,9.98420492e-02,1.19548976e-01,1.27918541e-01,1.31252602e-01,6.18119066e-02,9.88209967e-02,1.19532085e-01,1.28100162e-01,1.31194035e-01
8.20000000e+00,5.93775548e-02,9.88538787e-02,1.18366919e-01,1.26653969e-01,1.29952967e-01,6.11981323e-02,9.78419268e-02,1.18349733e-01,1.26833987e-01,1.29897634e-01
8.22000000e+00,5.87891117e-02,9.78755727e-02,1.17196478e-01,1.25401720e-01,1.28666148e-01,6.05904308e-02,9.68724864e-02,1.17178960e-01,1.25580189e-01,1.28613896e-01
8.24000000e+00,5.82064837e-02,9.69068259e-02,1.16037488e-01,1.24161743e-01,1.27391815e-01,5.99887424e-02,9.59125828e-02,1.16019657e-01,1.24338651e-01,1.27342701e-01
8.26000000e+00,5.76296262e-02,9.59477127e-02,1.14889823e-01,1.22933835e-01,1.26130089e-01,5.93930084e-02,9.49621239e-02,1.14871713e-01,1.23109255e-01,1.26083930e-01
8.28000000e+00,5.70584908e-02,9.49980393e-02,1.13753483e-01,1.21717945e-01,1.24880694e-01,5.88031703e-02,9.40210185e-02,1.13735021e-01,1.21891886e-01,1.24837465e-01
8.30000000e+00,5.64929843e-02,9.40577239e-02,1.12628207e-01,1.20513991e-01,1.23643510e-01,5.82191702e-02,9.30891764e-02,1.12609472e-01,1.20686431e-01,1.23603190e-01
8.32000000e+00,5.59330806e-02,9.31266248e-02,1.11514017e-01,1.19321823e-01,1.22418433e-01,5.76409511e-02,9.21665079e-02,1.11494960e-01,1.19492775e-01,1.22380989e-01
8.34000000e+00,5.53787053e-02,9.22047570e-02,1.10410735e-01,1.18141316e-01,1.21205442e-01,5.70684561e-02,9.12529244e-02,1.10391380e-01,1.18310806e-01,1.21170746e-01
8.36000000e+00,5.48298322e-02,9.12920088e-02,1.09318241e-01,1.16972409e-01,1.20004341e-01,5.65016291e-02,9.03483379e-02,1.09298627e-01,1.17140413e-01,1.19972349e-01
8.38000000e+00,5.42863645e-02,9.03881863e-02,1.08236484e-01,1.15814857e-01,1.18814990e-01,5.59404144e-02,8.94526616e-02,1.08216596e-01,1.15981486e-01,1.18785685e-01
8.40000000e+00,5.37482798e-02,8.94933715e-02,1.07165337e-01,1.14668690e-01,1.17637418e-01,5.53847570e-02,8.85658090e-02,1.07145186e-01,1.14833915e-01,1.17610640e-01
8.42000000e+00,5.32155223e-02,8.86073709e-02,1.06104665e-01,1.13533773e-01,1.16471343e-01,5.48346023e-02,8.76876947e-02,1.06084295e-01,1.13697591e-01,1.16447106e-01
8.44000000e+00,5.26879914e-02,8.77300128e-02,1.05054423e-01,1.12409912e-01,1.15316831e-01,5.42898962e-02,8.68182340e-02,1.05033821e-01,1.12572408e-01,1.15294972e-01
8.46000000e+00,5.21657169e-02,8.68614092e-02,1.04014486e-01,1.11297153e-01,1.14173584e-01,5.37505853e-02,8.59573431e-02,1.03993664e-01,1.11458258e-01,1.14154129e-01
8.48000000e+00,5.16485423e-02,8.60012695e-02,1.02984712e-01,1.10195272e-01,1.13041654e-01,5.32166165e-02,8.51049388e-02,1.02963726e-01,1.10355036e-01,1.13024470e-01
8.50000000e+00,5.11364974e-02,8.51496458e-02,1.01965055e-01,1.09104186e-01,1.11920826e-01,5.26879373e-02,8.42609387e-02,1.01943908e-01,1.09262638e-01,1.11905887e-01
8.52000000e+00,5.06295040e-02,8.43064934e-02,1.00955375e-01,1.08023822e-01,1.10811099e-01,5.21644957e-02,8.34252614e-02,1.00934112e-01,1.08180960e-01,1.10798274e-01
8.54000000e+00,5.01275510e-02,8.34715962e-02,9.99556631e-02,1.06954060e-01,1.09712288e-01,5.16462402e-02,8.25978259e-02,9.99342432e-02,1.07109898e-01,1.09701527e-01
8.56000000e+00,4.96305078e-02,8.26448575e-02,9.89657864e-02,1.05894797e-01,1.08624257e-01,5.11331199e-02,8.17785522e-02,9.89442047e-02,1.06049352e-01,1.08615541e-01
8.58000000e+00,4.91383672e-02,8.18263963e-02,9.79854912e-02,1.04846030e-01,1.07547060e-01,5.06250842e-02,8.09673610e-02,9.79639022e-02,1.04999220e-01,1.07540214e-01
8.60000000e+00,4.86510657e-02,8.10158700e-02,9.70149189e-02,1.03807405e-01,1.06480435e-01,5.01220830e-02,8.01641737e-02,9.69932419e-02,1.03959402e-01,1.06475442e-01
8.62000000e+00,4.81685661e-02,8.02133828e-02,9.60538387e-02,1.02779105e-01,1.05424382e-01,4.96240670e-02,7.93689124e-02,9.60321306e-02,1.02929799e-01,1.05421126e-01
8.64000000e+00,4.76908498e-02,7.94188306e-02,9.51021984e-02,1.01760872e-01,1.04378723e-01,4.91309869e-02,7.85815001e-02,9.50804762e-02,1.01910313e-01,1.04377164e-01
8.66000000e+00,4.72178012e-02,7.86320716e-02,9.41599160e-02,1.00752711e-01,1.03343397e-01,4.86427942e-02,7.78018602e-02,9.41381875e-02,1.00900847e-01,1.03343457e-01
8.68000000e+00,4.67494279e-02,7.78530464e-02,9.32268724e-02,9.97543931e-02,1.02318399e-01,4.81594408e-02,7.70299173e-02,9.32051740e-02,9.99013038e-02,1.02319906e-01
8.70000000e+00,4.62856181e-02,7.70817176e-02,9.23029184e-02,9.87659022e-02,1.01303533e-01,4.76808790e-02,7.62655961e-02,9.22813460e-02,9.89115882e-02,1.01306414e-01
8.72000000e+00,4.58264388e-02,7.63180032e-02,9.13881138e-02,9.77871269e-02,1.00298680e-01,4.72070617e-02,7.55088226e-02,9.13666147e-02,9.79316055e-02,1.00302884e-01
8.74000000e+00,4.53717113e-02,7.55617768e-02,9.04822797e-02,9.68180224e-02,9.93037373e-02,4.67379420e-02,7.47595231e-02,9.04608922e-02,9.69612618e-02,9.93092193e-02
8.76000000e+00,4.49214987e-02,7.48129636e-02,8.95853192e-02,9.58584398e-02,9.83187035e-02,4.62734738e-02,7.40176248e-02,8.95640911e-02,9.60004643e-02,9.83253260e-02
8.78000000e+00,4.44756784e-02,7.40715563e-02,8.86972100e-02,9.49083194e-02,9.73434076e-02,4.58136112e-02,7.32830554e-02,8.86761252e-02,9.50491206e-02,9.73511095e-02
8.80000000e+00,4.40342426e-02,7.33374432e-02,8.78177583e-02,9.39675272e-02,9.63778198e-02,4.53583087e-02,7.25557434e-02,8.77969088e-02,9.41071397e-02,9.63864764e-02
8.82000000e+00,4.35971431e-02,7.26105422e-02,8.69469866e-02,9.30360481e-02,9.54217985e-02,4.49075215e-02,7.18356180e-02,8.69263572e-02,9.31744309e-02,9.54313343e-02
8.84000000e+00,4.31643464e-02,7.18907863e-02,8.60847086e-02,9.21137109e-02,9.44752395e-02,4.44612050e-02,7.11226091e-02,8.60643864e-02,9.22509048e-02,9.44855915e-02
8.86000000e+00,4.27357927e-02,7.11781010e-02,8.52309987e-02,9.12005082e-02,9.35381502e-02,4.40193151e-02,7.04166471e-02,8.52109130e-02,9.13364725e-02,9.35491573e-02
8.88000000e+00,4.23114374e-02,7.04724565e-02,8.43855813e-02,9.02962983e-02,9.26103368e-02,4.35818082e-02,6.97176632e-02,8.43658547e-02,9.04310460e-02,9.26219417e-02
8.90000000e+00,4.18912359e-02,6.97737411e-02,8.35484862e-02,8.94009992e-02,9.16917399e-02,4.31486411e-02,6.90255891e-02,8.35291297e-02,8.95345382e-02,9.17038556e-02
8.92000000e+00,4.14751992e-02,6.90818727e-02,8.27196687e-02,8.85145366e-02,9.07822698e-02,4.27197709e-02,6.83403574e-02,8.27006572e-02,8.86468627e-02,9.07948107e-02
8.94000000e+00,4.10632007e-02,6.83968216e-02,8.18989575e-02,8.76368582e-02,8.98818150e-02,4.22951552e-02,6.76619011e-02,8.18803569e-02,8.77679340e-02,8.98947195e-02
8.96000000e+00,4.06552143e-02,6.77184612e-02,8.10862929e-02,8.67678225e-02,8.89904127e-02,4.18747521e-02,6.69901540e-02,8.10681495e-02,8.68976672e-02,8.90034953e-02
8.98000000e+00,4.02512737e-02,6.70468509e-02,8.02816525e-02,8.59073550e-02,8.81078839e-02,4.14585200e-02,6.63250503e-02,8.02639561e-02,8.60359785e-02,8.81210523e-02
9.00000000e+00,3.98512557e-02,6.63817897e-02,7.94848949e-02,8.50554183e-02,8.72341469e-02,4.10464176e-02,6.56665252e-02,7.94676990e-02,8.51827846e-02,8.72473053e-02
9.02000000e+00,3.94551829e-02,6.57232627e-02,7.86959827e-02,8.42119157e-02,8.63690823e-02,4.06384043e-02,6.50145140e-02,7.86793007e-02,8.43380030e-02,8.63821701e-02
9.04000000e+00,3.90629657e-02,6.50712252e-02,7.79147819e-02,8.33767354e-02,8.55126530e-02,4.02344397e-02,6.43689532e-02,7.78986850e-02,8.35015521e-02,8.55255631e-02
9.06000000e+00,3.86745855e-02,6.44255504e-02,7.71413073e-02,8.25497806e-02,8.46647546e-02,3.98344837e-02,6.37297795e-02,7.71257758e-02,8.26733510e-02,8.46774016e-02
9.08000000e+00,3.82900275e-02,6.37862533e-02,7.63754174e-02,8.17310512e-02,8.38254020e-02,3.94384969e-02,6.30969303e-02,7.63604983e-02,8.18533195e-02,8.38376036e-02
9.10000000e+00,3.79092135e-02,6.31531999e-02,7.56170750e-02,8.09203461e-02,8.29943195e-02,3.90464399e-02,6.24703436e-02,7.56027779e-02,8.10413782e-02,8.30060878e-02
9.12000000e+00,3.75321284e-02,6.25264049e-02,7.48662055e-02,8.01177248e-02,8.21716487e-02,3.86582739e-02,6.18499581e-02,7.48525411e-02,8.02374485e-02,8.21827740e-02
9.14000000e+00,3.71587127e-02,6.19057380e-02,7.41226897e-02,7.93230534e-02,8.13571289e-02,3.82739606e-02,6.12357129e-02,7.41097149e-02,7.94414524e-02,8.13675822e-02
9.16000000e+00,3.67889889e-02,6.12911545e-02,7.33865052e-02,7.85362720e-02,8.05507824e-02,3.78934618e-02,6.06275478e-02,7.33742269e-02,7.86533127e-02,8.05604336e-02
9.18000000e+00,3.64228413e-02,6.06826134e-02,7.26575404e-02,7.77572915e-02,7.97525346e-02,3.75167399e-02,6.00254032e-02,7.26460056e-02,7.78729530e-02,7.97612500e-02
9.20000000e+00,3.60603184e-02,6.00800477e-02,7.19357952e-02,7.69860372e-02,7.89622292e-02,3.71437575e-02,5.94292199e-02,7.19249801e-02,7.71002974e-02,7.89699538e-02
9.22000000e+00,3.57013084e-02,5.94833866e-02,7.12211654e-02,7.62223974e-02,7.81798884e-02,3.67744777e-02,5.88389396e-02,7.12110800e-02,7.63352710e-02,7.81864682e-02
9.24000000e+00,3.53457965e-02,5.88925965e-02,7.05135018e-02,7.54663721e-02,7.74053708e-02,3.64088638e-02,5.82545042e-02,7.05042357e-02,7.55777993e-02,7.74107173e-02
9.26000000e+00,3.49937603e-02,5.83075806e-02,6.98128268e-02,7.47177899e-02,7.66385943e-02,3.60468796e-02,5.76758563e-02,6.98043784e-02,7.48278088e-02,7.66426257e-02
9.28000000e+00,3.46451923e-02,5.77283613e-02,6.91190735e-02,7.39766806e-02,7.58795515e-02,3.56884892e-02,5.71029391e-02,6.91114398e-02,7.40852264e-02,7.58821187e-02
9.30000000e+00,3.43000107e-02,5.71547449e-02,6.84321597e-02,7.32429475e-02,7.51280487e-02,3.53336571e-02,5.65356962e-02,6.84253521e-02,7.33499800e-02,7.51291224e-02
9.32000000e+00,3.39582004e-02,5.65867908e-02,6.77520111e-02,7.25164935e-02,7.43841678e-02,3.49823481e-02,5.59740721e-02,6.77460484e-02,7.26219978e-02,7.43835637e-02
9.34000000e+00,3.36197428e-02,5.60244545e-02,6.70785159e-02,7.17972443e-02,7.36477748e-02,3.46345273e-02,5.54180113e-02,6.70734624e-02,7.19012091e-02,7.36453698e-02
9.36000000e+00,3.32846045e-02,5.54676093e-02,6.64117262e-02,7.10851476e-02,7.29187354e-02,3.42901603e-02,5.48674593e-02,6.64075283e-02,7.11875436e-02,7.29144691e-02
9.38000000e+00,3.29527222e-02,5.49162105e-02,6.57514706e-02,7.03801587e-02,7.21970722e-02,3.39492128e-02,5.43223618e-02,6.57481810e-02,7.04809316e-02,7.21907902e-02
9.40000000e+00,3.26241143e-02,5.43702096e-02,6.50977418e-02,6.96821958e-02,7.14826062e-02,3.36116510e-02,5.37826653e-02,6.50953560e-02,6.97813043e-02,7.14742628e-02
9.42000000e+00,3.22986990e-02,5.38295880e-02,6.44504577e-02,6.89911097e-02,7.07753599e-02,3.32774414e-02,5.32483165e-02,6.44489894e-02,6.90885934e-02,7.07648169e-02
9.44000000e+00,3.19764540e-02,5.32942824e-02,6.38095438e-02,6.83070049e-02,7.00752437e-02,3.29465509e-02,5.27192630e-02,6.38090180e-02,6.84027313e-02,7.00623833e-02
9.46000000e+00,3.16573866e-02,5.27641959e-02,6.31749630e-02,6.76296577e-02,6.93821311e-02,3.26189466e-02,5.21954525e-02,6.31753791e-02,6.77236510e-02,6.93668936e-02
9.48000000e+00,3.13414074e-02,5.22393435e-02,6.25466555e-02,6.69590533e-02,6.86960965e-02,3.22945959e-02,5.16768335e-02,6.25480106e-02,6.70512861e-02,6.86782799e-02
9.50000000e+00,3.10285743e-02,5.17196432e-02,6.19245470e-02,6.62951469e-02,6.80169389e-02,3.19734667e-02,5.11633549e-02,6.19268511e-02,6.63855710e-02,6.79964748e-02
9.52000000e+00,3.07187792e-02,5.12050465e-02,6.13086335e-02,6.56378642e-02,6.73446059e-02,3.16555271e-02,5.06549660e-02,6.13118397e-02,6.57264406e-02,6.73214119e-02
9.54000000e+00,3.04119978e-02,5.06954640e-02,6.06987178e-02,6.49871603e-02,6.66790977e-02,3.13407455e-02,5.01516168e-02,6.07029160e-02,6.50738304e-02,6.66530252e-02
9.56000000e+00,3.01082414e-02,5.01909293e-02,6.00948595e-02,6.43429384e-02,6.60202876e-02,3.10290905e-02,4.96532576e-02,6.01000204e-02,6.44276765e-02,6.59912492e-02
9.58000000e+00,2.98074484e-02,4.96913157e-02,5.94969876e-02,6.37051389e-02,6.53681308e-02,3.07205313e-02,4.91598393e-02,5.95030938e-02,6.37879156e-02,6.53360194e-02
9.60000000e+00,2.95096301e-02,4.91966270e-02,5.89050427e-02,6.30737096e-02,6.47225827e-02,3.04150373e-02,4.86713131e-02,5.89120774e-02,6.31544853e-02,6.46872715e-02
9.62000000e+00,2.92147156e-02,4.87067997e-02,5.83189577e-02,6.24486730e-02,6.40835389e-02,3.01125779e-02,4.81876309e-02,5.83269133e-02,6.25273233e-02,6.40449422e-02
9.64000000e+00,2.89227087e-02,4.82217558e-02,5.77386133e-02,6.18298315e-02,6.34510368e-02,2.98131233e-02,4.77087450e-02,5.77475440e-02,6.19063683e-02,6.34089684e-02
9.66000000e+00,2.86335628e-02,4.77415323e-02,5.71640693e-02,6.12171739e-02,6.28248528e-02,2.95166435e-02,4.72346080e-02,5.71739127e-02,6.12915594e-02,6.27792880e-02
9.68000000e+00,2.83472706e-02,4.72659953e-02,5.65952063e-02,6.06106408e-02,6.22049980e-02,2.92231092e-02,4.67651731e-02,5.66059629e-02,6.06828363e-02,6.21558393e-02
9.70000000e+00,2.80637667e-02,4.67951261e-02,5.60319833e-02,6.00101985e-02,6.15915097e-02,2.89324912e-02,4.63003940e-02,5.60436387e-02,6.00801392e-02,6.15385611e-02
9.72000000e+00,2.77830698e-02,4.63288985e-02,5.54742925e-02,5.94157763e-02,6.09841757e-02,2.86447605e-02,4.58402247e-02,5.54868850e-02,5.94834092e-02,6.09273929e-02
9.74000000e+00,2.75051408e-02,4.58672419e-02,5.49221858e-02,5.88273183e-02,6.03830218e-02,2.83598885e-02,4.53846198e-02,5.49356470e-02,5.88925875e-02,6.03222748e-02
9.76000000e+00,2.72299480e-02,4.54101712e-02,5.43755516e-02,5.82447536e-02,5.97879700e-02,2.80778470e-02,4.49335343e-02,5.43898703e-02,5.83076162e-02,5.97231474e-02
9.78000000e+00,2.69574579e-02,4.49575484e-02,5.38343228e-02,5.76680303e-02,5.91989309e-02,2.77986079e-02,4.44869236e-02,5.38495014e-02,5.77284378e-02,5.91299519e-02
9.80000000e+00,2.66876649e-02,4.45094220e-02,5.32984622e-02,5.70970513e-02,5.86159267e-02,2.75221434e-02,4.40447434e-02,5.33144870e-02,5.71549955e-02,5.85426301e-02
9.82000000e+00,2.64205541e-02,4.40656766e-02,5.27679473e-02,5.65319061e-02,5.80388308e-02,2.72484260e-02,4.36069501e-02,5.27847744e-02,5.65872329e-02,5.79611244e-02
9.84000000e+00,2.61560641e-02,4.36263420e-02,5.22427112e-02,5.59723824e-02,5.74675985e-02,2.69774284e-02,4.31735005e-02,5.22603115e-02,5.60250941e-02,5.73853775e-02
9.86000000e+00,2.58941744e-02,4.31912877e-02,5.17226607e-02,5.54184429e-02,5.69021627e-02,2.67091238e-02,4.27443515e-02,5.17410466e-02,5.54685239e-02,5.68153330e-02
9.88000000e+00,2.56349090e-02,4.27605659e-02,5.12078181e-02,5.48702143e-02,5.63424863e-02,2.64434853e-02,4.23194607e-02,5.12269285e-02,5.49174676e-02,5.62509347e-02
9.90000000e+00,2.53782198e-02,4.23340611e-02,5.06980792e-02,5.43273464e-02,5.57884686e-02,2.61804867e-02,4.18987862e-02,5.07179065e-02,5.43718709e-02,5.56921273e-02
9.92000000e+00,2.51240563e-02,4.19117846e-02,5.01934327e-02,5.37900515e-02,5.52402027e-02,2.59201016e-02,4.14822862e-02,5.02139305e-02,5.38316801e-02,5.51388557e-02
9.94000000e+00,2.48723999e-02,4.14936654e-02,4.96938191e-02,5.32581024e-02,5.46974353e-02,2.56623042e-02,4.10699195e-02,4.97149508e-02,5.32968422e-02,5.45910655e-02
9.96000000e+00,2.46233009e-02,4.10796888e-02,4.91991490e-02,5.27315475e-02,5.41602187e-02,2.54070689e-02,4.06616453e-02,4.92209182e-02,5.27673043e-02,5.40487029e-02
9.98000000e+00,2.43766345e-02,4.06698175e-02,4.87094559e-02,5.22103086e-02,5.36285229e-02,2.51543702e-02,4.02574231e-02,4.87317838e-02,5.22430143e-02,5.35117144e-02
1.00000000e+01,2.41324492e-02,4.02639657e-02,4.82246205e-02,5.16943224e-02,5.31021766e-02,2.49041829e-02,3.98572130e-02,4.82474995e-02,5.17239207e-02,5.29800471e-02
