D,Num_z1.93,New_z1.93,Num_z3.87,New_z3.87,Num_z5.80,New_z5.80,Num_z7.74,New_z7.74,Num_z9.67,New_z9.67
2.00000000e-02,1.99981869e+00,2.05960829e+00,3.79888407e+00,3.88852530e+00,5.79179883e+00,5.78290349e+00,7.74186966e+00,7.31165635e+00,9.31004927e+00,8.35525767e+00
4.00000000e-02,1.99927508e+00,2.05536399e+00,3.79554868e+00,3.86453124e+00,5.76784361e+00,5.69244950e+00,7.59435435e+00,7.10999904e+00,8.82497829e+00,8.04043889e+00
6.00000000e-02,1.99837021e+00,2.05038571e+00,3.79003052e+00,3.83970778e+00,5.72989942e+00,5.60908889e+00,7.40479736e+00,6.93825606e+00,8.38735005e+00,7.78486782e+00
8.00000000e-02,1.99710576e+00,2.04486756e+00,3.78238909e+00,3.81439121e+00,5.68040902e+00,5.53038528e+00,7.20494253e+00,6.78445886e+00,8.01600573e+00,7.56323816e+00
1.00000000e-01,1.99548409e+00,2.03891508e+00,3.77270433e+00,3.78874829e+00,5.62200758e+00,5.45521239e+00,7.00952200e+00,6.64337516e+00,7.69858789e+00,7.36485666e+00
1.20000000e-01,1.99350819e+00,2.03259677e+00,3.76107367e+00,3.76288040e+00,5.55715802e+00,5.38291484e+00,6.82410627e+00,6.51208121e+00,7.42288630e+00,7.18389302e+00
1.40000000e-01,1.99118169e+00,2.02596161e+00,3.74760860e+00,3.73685624e+00,5.48795770e+00,5.31306157e+00,6.65021497e+00,6.38871707e+00,7.17974748e+00,7.01671173e+00
1.60000000e-01,1.98850880e+00,2.01904681e+00,3.73243107e+00,3.71072566e+00,5.41608371e+00,5.24534626e+00,6.48771123e+00,6.27199881e+00,6.96252279e+00,6.86084595e+00
1.80000000e-01,1.98549433e+00,2.01188187e+00,3.71567000e+00,3.68452658e+00,5.34281973e+00,5.17953921e+00,6.33583643e+00,6.16098849e+00,6.76633101e+00,6.71452105e+00
2.00000000e-01,1.98214361e+00,2.00449096e+00,3.69745793e+00,3.65828883e+00,5.26911760e+00,5.11546118e+00,6.19364793e+00,6.05497185e+00,6.58751642e+00,6.57640421e+00
2.20000000e-01,1.97846249e+00,1.99689433e+00,3.67792807e+00,3.63203653e+00,5.19566572e+00,5.05296804e+00,6.06020035e+00,5.95338730e+00,6.42328339e+00,6.44546090e+00
2.40000000e-01,1.97445729e+00,1.98910930e+00,3.65721182e+00,3.60578956e+00,5.12295080e+00,4.99194102e+00,5.93461587e+00,5.85578196e+00,6.27145205e+00,6.32086680e+00
2.60000000e-01,1.97013477e+00,1.98115090e+00,3.63543668e+00,3.57956460e+00,5.05130868e+00,4.93228034e+00,5.81610645e+00,5.76178308e+00,6.13029259e+00,6.20195101e+00
2.80000000e-01,1.96550210e+00,1.97303236e+00,3.61272472e+00,3.55337581e+00,4.98096396e+00,4.87390080e+00,5.70397549e+00,5.67107860e+00,5.99841077e+00,6.08815784e+00
3.00000000e-01,1.96056679e+00,1.96476544e+00,3.58919144e+00,3.52723535e+00,4.91206013e+00,4.81672865e+00,5.59761125e+00,5.58340350e+00,5.87466718e+00,5.97902011e+00
3.20000000e-01,1.95533666e+00,1.95636068e+00,3.56494499e+00,3.50115377e+00,4.84468193e+00,4.76069930e+00,5.49647755e+00,5.49852994e+00,5.75811916e+00,5.87414012e+00
3.40000000e-01,1.94981985e+00,1.94782762e+00,3.54008579e+00,3.47514028e+00,4.77887185e+00,4.70575564e+00,5.40010409e+00,5.41626000e+00,5.64797820e+00,5.77317556e+00
3.60000000e-01,1.94402469e+00,1.93917496e+00,3.51470634e+00,3.44920297e+00,4.71464227e+00,4.65184671e+00,5.30807756e+00,5.33642016e+00,5.54357825e+00,5.67582899e+00
3.80000000e-01,1.93795975e+00,1.93041064e+00,3.48889132e+00,3.42334903e+00,4.65198430e+00,4.59892668e+00,5.22003360e+00,5.25885704e+00,5.44435169e+00,5.58183981e+00
4.00000000e-01,1.93163373e+00,1.92154200e+00,3.46271777e+00,3.39758480e+00,4.59087423e+00,4.54695411e+00,5.13565004e+00,5.18343414e+00,5.34981094e+00,5.49097798e+00
4.20000000e-01,1.92505548e+00,1.91257582e+00,3.43625543e+00,3.37191596e+00,4.53127827e+00,4.49589122e+00,5.05464095e+00,5.11002915e+00,5.25953411e+00,5.40303909e+00
4.40000000e-01,1.91823393e+00,1.90351839e+00,3.40956716e+00,3.34634759e+00,4.47315595e+00,4.44570347e+00,4.97675169e+00,5.03853191e+00,5.17315373e+00,5.31784042e+00
4.60000000e-01,1.91117806e+00,1.89437558e+00,3.38270938e+00,3.32088426e+00,4.41646264e+00,4.39635907e+00,4.90175471e+00,4.96884264e+00,5.09034783e+00,5.23521777e+00
4.80000000e-01,1.90389688e+00,1.88515290e+00,3.35573253e+00,3.29553007e+00,4.36115135e+00,4.34782864e+00,4.82944594e+00,4.90087058e+00,5.01083269e+00,5.15502287e+00
5.00000000e-01,1.89639939e+00,1.87585549e+00,3.32868158e+00,3.27028872e+00,4.30717404e+00,4.30008497e+00,4.75964178e+00,4.83453279e+00,4.93435709e+00,5.07712122e+00
5.20000000e-01,1.88869458e+00,1.86648822e+00,3.30159648e+00,3.24516354e+00,4.25448252e+00,4.25310269e+00,4.69217653e+00,4.76975321e+00,4.86069746e+00,5.00139034e+00
5.40000000e-01,1.88079134e+00,1.85705564e+00,3.27451261e+00,3.22015757e+00,4.20302915e+00,4.20685813e+00,4.62690016e+00,4.70646183e+00,4.78965403e+00,4.92771824e+00
5.60000000e-01,1.87269852e+00,1.84756210e+00,3.24746124e+00,3.19527352e+00,4.15276730e+00,4.16132913e+00,4.56367646e+00,4.64459399e+00,4.72104756e+00,4.85600222e+00
5.80000000e-01,1.86442484e+00,1.83801169e+00,3.22046987e+00,3.17051388e+00,4.10365163e+00,4.11649485e+00,4.50238141e+00,4.58408982e+00,4.65471660e+00,4.78614777e+00
6.00000000e-01,1.85597890e+00,1.82840830e+00,3.19356266e+00,3.14588089e+00,4.05563832e+00,4.07233570e+00,4.44290178e+00,4.52489368e+00,4.59051524e+00,4.71806768e+00
6.20000000e-01,1.84736917e+00,1.81875563e+00,3.16676077e+00,3.12137657e+00,4.00868518e+00,4.02883314e+00,4.38513398e+00,4.46695378e+00,4.52831117e+00,4.65168123e+00
6.40000000e-01,1.83860397e+00,1.80905720e+00,3.14008263e+00,3.09700275e+00,3.96275172e+00,3.98596969e+00,4.32898293e+00,4.41022178e+00,4.46798403e+00,4.58691353e+00
6.60000000e-01,1.82969145e+00,1.79931637e+00,3.11354427e+00,3.07276109e+00,3.91779917e+00,3.94372875e+00,4.27436123e+00,4.35465242e+00,4.40942405e+00,4.52369496e+00
6.80000000e-01,1.82063956e+00,1.78953635e+00,3.08715956e+00,3.04865309e+00,3.87379046e+00,3.90209455e+00,4.22118834e+00,4.30020331e+00,4.35253081e+00,4.46196061e+00
7.00000000e-01,1.81145608e+00,1.77972020e+00,3.06094044e+00,3.02468010e+00,3.83069023e+00,3.86105211e+00,4.16938988e+00,4.24683459e+00,4.29721221e+00,4.40164986e+00
7.20000000e-01,1.80214862e+00,1.76987086e+00,3.03489714e+00,3.00084333e+00,3.78846473e+00,3.82058714e+00,4.11889705e+00,4.19450877e+00,4.24338361e+00,4.34270599e+00
7.40000000e-01,1.79272453e+00,1.75999115e+00,3.00903836e+00,2.97714386e+00,3.74708180e+00,3.78068602e+00,4.06964604e+00,4.14319051e+00,4.19096702e+00,4.28507582e+00
7.60000000e-01,1.78319101e+00,1.75008375e+00,2.98337147e+00,2.95358266e+00,3.70651080e+00,3.74133570e+00,4.02157763e+00,4.09284641e+00,4.13989040e+00,4.22870940e+00
7.80000000e-01,1.77355501e+00,1.74015126e+00,2.95790260e+00,2.93016060e+00,3.66672255e+00,3.70252373e+00,3.97463670e+00,4.04344492e+00,4.09008713e+00,4.17355975e+00
8.00000000e-01,1.76382329e+00,1.73019616e+00,2.93263685e+00,2.90687843e+00,3.62768925e+00,3.66423816e+00,3.92877190e+00,3.99495611e+00,4.04149543e+00,4.11958260e+00
8.20000000e-01,1.75400238e+00,1.72022086e+00,2.90757834e+00,2.88373683e+00,3.58938443e+00,3.62646753e+00,3.88393532e+00,3.94735164e+00,3.99405793e+00,4.06673618e+00
8.40000000e-01,1.74409862e+00,1.71022765e+00,2.88273039e+00,2.86073639e+00,3.55178288e+00,3.58920082e+00,3.84008215e+00,3.90060456e+00,3.94772123e+00,4.01498103e+00
8.60000000e-01,1.73411811e+00,1.70021874e+00,2.85809554e+00,2.83787760e+00,3.51486057e+00,3.55242746e+00,3.79717048e+00,3.85468927e+00,3.90243559e+00,3.96427982e+00
8.80000000e-01,1.72406675e+00,1.69019629e+00,2.83367571e+00,2.81516089e+00,3.47859460e+00,3.51613726e+00,3.75516100e+00,3.80958138e+00,3.85815455e+00,3.91459717e+00
9.00000000e-01,1.71395023e+00,1.68016233e+00,2.80947223e+00,2.79258663e+00,3.44296316e+00,3.48032040e+00,3.71401684e+00,3.76525766e+00,3.81483471e+00,3.86589954e+00
9.20000000e-01,1.70377403e+00,1.67011886e+00,2.78548591e+00,2.77015511e+00,3.40794543e+00,3.44496742e+00,3.67370332e+00,3.72169593e+00,3.77243540e+00,3.81815507e+00
9.40000000e-01,1.69354342e+00,1.66006780e+00,2.76171714e+00,2.74786656e+00,3.37352155e+00,3.41006919e+00,3.63418783e+00,3.67887501e+00,3.73091850e+00,3.77133348e+00
9.60000000e-01,1.68326348e+00,1.65001100e+00,2.73816589e+00,2.72572116e+00,3.33967258e+00,3.37561689e+00,3.59543965e+00,3.63677467e+00,3.69024823e+00,3.72540596e+00
9.80000000e-01,1.67293910e+00,1.63995024e+00,2.71483179e+00,2.70371904e+00,3.30638043e+00,3.34160199e+00,3.55742980e+00,3.59537554e+00,3.65039095e+00,3.68034507e+00
1.00000000e+00,1.66257494e+00,1.62988724e+00,2.69171420e+00,2.68186025e+00,3.27362782e+00,3.30801625e+00,3.52013092e+00,3.55465907e+00,3.61131498e+00,3.63612463e+00
1.02000000e+00,1.65217552e+00,1.61982369e+00,2.66881217e+00,2.66014484e+00,3.24139824e+00,3.27485168e+00,3.48351716e+00,3.51460747e+00,3.57299050e+00,3.59271967e+00
1.04000000e+00,1.64174514e+00,1.60976119e+00,2.64612455e+00,2.63857278e+00,3.20967590e+00,3.24210054e+00,3.44756405e+00,3.47520369e+00,3.53538935e+00,3.55010635e+00
1.06000000e+00,1.63128795e+00,1.59970131e+00,2.62364998e+00,2.61714400e+00,3.17844570e+00,3.20975534e+00,3.41224842e+00,3.43643135e+00,3.49848494e+00,3.50826187e+00
1.08000000e+00,1.62080790e+00,1.58964554e+00,2.60138695e+00,2.59585841e+00,3.14769319e+00,3.17780882e+00,3.37754832e+00,3.39827472e+00,3.46225214e+00,3.46716440e+00
1.10000000e+00,1.61030880e+00,1.57959537e+00,2.57933376e+00,2.57471588e+00,3.11740455e+00,3.14625391e+00,3.34344291e+00,3.36071868e+00,3.42666716e+00,3.42679308e+00
1.12000000e+00,1.59979427e+00,1.56955219e+00,2.55748863e+00,2.55371622e+00,3.08756652e+00,3.11508376e+00,3.30991241e+00,3.32374866e+00,3.39170747e+00,3.38712787e+00
1.14000000e+00,1.58926780e+00,1.55951739e+00,2.53584965e+00,2.53285923e+00,3.05816641e+00,3.08429172e+00,3.27693800e+00,3.28735066e+00,3.35735169e+00,3.34814960e+00
1.16000000e+00,1.57873270e+00,1.54949227e+00,2.51441482e+00,2.51214468e+00,3.02919204e+00,3.05387132e+00,3.24450182e+00,3.25151118e+00,3.32357955e+00,3.30983986e+00
1.18000000e+00,1.56819215e+00,1.53947814e+00,2.49318207e+00,2.49157230e+00,3.00063175e+00,3.02381627e+00,3.21258682e+00,3.21621720e+00,3.29037179e+00,3.27218095e+00
1.20000000e+00,1.55764919e+00,1.52947623e+00,2.47214926e+00,2.47114179e+00,2.97247432e+00,2.99412044e+00,3.18117679e+00,3.18145619e+00,3.25771009e+00,3.23515591e+00
1.22000000e+00,1.54710672e+00,1.51948776e+00,2.45131422e+00,2.45085285e+00,2.94470901e+00,2.96477789e+00,3.15025627e+00,3.14721601e+00,3.22557703e+00,3.19874839e+00
1.24000000e+00,1.53656750e+00,1.50951387e+00,2.43067472e+00,2.43070511e+00,2.91732550e+00,2.93578280e+00,3.11981049e+00,3.11348499e+00,3.19395600e+00,3.16294268e+00
1.26000000e+00,1.52603417e+00,1.49955572e+00,2.41022851e+00,2.41069823e+00,2.89031384e+00,2.90712952e+00,3.08982538e+00,3.08025181e+00,3.16283122e+00,3.12772368e+00
1.28000000e+00,1.51550926e+00,1.48961438e+00,2.38997331e+00,2.39083180e+00,2.86366451e+00,2.87881255e+00,3.06028748e+00,3.04750557e+00,3.13218758e+00,3.09307681e+00
1.30000000e+00,1.50499516e+00,1.47969094e+00,2.36990685e+00,2.37110541e+00,2.83736834e+00,2.85082651e+00,3.03118392e+00,3.01523568e+00,3.10201070e+00,3.05898803e+00
1.32000000e+00,1.49449417e+00,1.46978640e+00,2.35002683e+00,2.35151864e+00,2.81141650e+00,2.82316616e+00,3.00250239e+00,2.98343194e+00,3.07228685e+00,3.02544383e+00
1.34000000e+00,1.48400846e+00,1.45990178e+00,2.33033094e+00,2.33207104e+00,2.78580049e+00,2.79582640e+00,2.97423111e+00,2.95208445e+00,3.04300288e+00,2.99243116e+00
1.36000000e+00,1.47354012e+00,1.45003804e+00,2.31081690e+00,2.31276215e+00,2.76051214e+00,2.76880223e+00,2.94635880e+00,2.92118362e+00,3.01414623e+00,2.95993741e+00
1.38000000e+00,1.46309112e+00,1.44019611e+00,2.29148242e+00,2.29359147e+00,2.73554357e+00,2.74208878e+00,2.91887465e+00,2.89072019e+00,2.98570489e+00,2.92795043e+00
1.40000000e+00,1.45266334e+00,1.43037691e+00,2.27232522e+00,2.27455852e+00,2.71088719e+00,2.71568130e+00,2.89176828e+00,2.86068514e+00,2.95766736e+00,2.89645848e+00
1.42000000e+00,1.44225859e+00,1.42058131e+00,2.25334305e+00,2.25566277e+00,2.68653569e+00,2.68957513e+00,2.86502976e+00,2.83106976e+00,2.93002260e+00,2.86545019e+00
1.44000000e+00,1.43187856e+00,1.41081017e+00,2.23453366e+00,2.23690371e+00,2.66248201e+00,2.66376573e+00,2.83864952e+00,2.80186558e+00,2.90276006e+00,2.83491460e+00
1.46000000e+00,1.42152487e+00,1.40106430e+00,2.21589482e+00,2.21828079e+00,2.63871935e+00,2.63824867e+00,2.81261841e+00,2.77306438e+00,2.87586959e+00,2.80484109e+00
1.48000000e+00,1.41119906e+00,1.39134452e+00,2.19742435e+00,2.19979347e+00,2.61524114e+00,2.61301960e+00,2.78692761e+00,2.74465820e+00,2.84934148e+00,2.77521938e+00
1.50000000e+00,1.40090261e+00,1.38165160e+00,2.17912006e+00,2.18144117e+00,2.59204104e+00,2.58807427e+00,2.76156864e+00,2.71663929e+00,2.82316639e+00,2.74603954e+00
1.52000000e+00,1.39063690e+00,1.37198628e+00,2.16097980e+00,2.16322332e+00,2.56911292e+00,2.56340853e+00,2.73653336e+00,2.68900013e+00,2.79733534e+00,2.71729193e+00
1.54000000e+00,1.38040325e+00,1.36234930e+00,2.14300145e+00,2.14513934e+00,2.54645089e+00,2.53901831e+00,2.71181394e+00,2.66173341e+00,2.77183971e+00,2.68896722e+00
1.56000000e+00,1.37020291e+00,1.35274136e+00,2.12518292e+00,2.12718864e+00,2.52404921e+00,2.51489964e+00,2.68740281e+00,2.63483202e+00,2.74667122e+00,2.66105637e+00
1.58000000e+00,1.36003707e+00,1.34316313e+00,2.10752213e+00,2.10937060e+00,2.50190238e+00,2.49104860e+00,2.66329272e+00,2.60828906e+00,2.72182190e+00,2.63355062e+00
1.60000000e+00,1.34990687e+00,1.33361529e+00,2.09001707e+00,2.09168462e+00,2.48000504e+00,2.46746139e+00,2.63947666e+00,2.58209779e+00,2.69728405e+00,2.60644146e+00
1.62000000e+00,1.33981337e+00,1.32409847e+00,2.07266571e+00,2.07413007e+00,2.45835203e+00,2.44413428e+00,2.61594787e+00,2.55625169e+00,2.67305031e+00,2.57972065e+00
1.64000000e+00,1.32975758e+00,1.31461329e+00,2.05546609e+00,2.05670633e+00,2.43693836e+00,2.42106358e+00,2.59269985e+00,2.53074437e+00,2.64911353e+00,2.55338017e+00
1.66000000e+00,1.31974047e+00,1.30516034e+00,2.03841627e+00,2.03941276e+00,2.41575919e+00,2.39824573e+00,2.56972631e+00,2.50556966e+00,2.62546688e+00,2.52741227e+00
1.68000000e+00,1.30976293e+00,1.29574020e+00,2.02151433e+00,2.02224872e+00,2.39480983e+00,2.37567719e+00,2.54702120e+00,2.48072149e+00,2.60210372e+00,2.50180940e+00
1.70000000e+00,1.29982584e+00,1.28635344e+00,2.00475841e+00,2.00521356e+00,2.37408575e+00,2.35335452e+00,2.52457866e+00,2.45619401e+00,2.57901768e+00,2.47656422e+00
1.72000000e+00,1.28992999e+00,1.27700059e+00,1.98814664e+00,1.98830662e+00,2.35358257e+00,2.33127434e+00,2.50239304e+00,2.43198147e+00,2.55620260e+00,2.45166961e+00
1.74000000e+00,1.28007617e+00,1.26768218e+00,1.97167723e+00,1.97152725e+00,2.33329601e+00,2.30943332e+00,2.48045888e+00,2.40807829e+00,2.53365255e+00,2.42711866e+00
1.76000000e+00,1.27026510e+00,1.25839871e+00,1.95534838e+00,1.95487478e+00,2.31322197e+00,2.28782823e+00,2.45877090e+00,2.38447903e+00,2.51136178e+00,2.40290462e+00
1.78000000e+00,1.26049745e+00,1.24915066e+00,1.93915836e+00,1.93834854e+00,2.29335644e+00,2.26645586e+00,2.43732400e+00,2.36117837e+00,2.48932475e+00,2.37902095e+00
1.80000000e+00,1.25077387e+00,1.23993851e+00,1.92310543e+00,1.92194786e+00,2.27369554e+00,2.24531308e+00,2.41611325e+00,2.33817114e+00,2.46753610e+00,2.35546130e+00
1.82000000e+00,1.24109498e+00,1.23076272e+00,1.90718791e+00,1.90567206e+00,2.25423552e+00,2.22439682e+00,2.39513387e+00,2.31545228e+00,2.44599066e+00,2.33221945e+00
1.84000000e+00,1.23146134e+00,1.22162371e+00,1.89140415e+00,1.88952045e+00,2.23497273e+00,2.20370406e+00,2.37438125e+00,2.29301686e+00,2.42468343e+00,2.30928937e+00
1.86000000e+00,1.22187350e+00,1.21252192e+00,1.87575253e+00,1.87349236e+00,2.21590362e+00,2.18323184e+00,2.35385090e+00,2.27086007e+00,2.40360955e+00,2.28666521e+00
1.88000000e+00,1.21233195e+00,1.20345775e+00,1.86023144e+00,1.85758710e+00,2.19702476e+00,2.16297725e+00,2.33353851e+00,2.24897721e+00,2.38276435e+00,2.26434123e+00
1.90000000e+00,1.20283718e+00,1.19443158e+00,1.84483932e+00,1.84180397e+00,2.17833281e+00,2.14293744e+00,2.31343987e+00,2.22736370e+00,2.36214329e+00,2.24231188e+00
1.92000000e+00,1.19338963e+00,1.18544380e+00,1.82957463e+00,1.82614227e+00,2.15982454e+00,2.12310959e+00,2.29355092e+00,2.20601504e+00,2.34174198e+00,2.22057172e+00
1.94000000e+00,1.18398971e+00,1.17649478e+00,1.81443588e+00,1.81060133e+00,2.14149680e+00,2.10349096e+00,2.27386773e+00,2.18492686e+00,2.32155616e+00,2.19911547e+00
1.96000000e+00,1.17463781e+00,1.16758485e+00,1.79942158e+00,1.79518043e+00,2.12334653e+00,2.08407884e+00,2.25438647e+00,2.16409488e+00,2.30158173e+00,2.17793798e+00
1.98000000e+00,1.16533430e+00,1.15871436e+00,1.78453028e+00,1.77987888e+00,2.10537076e+00,2.06487055e+00,2.23510344e+00,2.14351492e+00,2.28181468e+00,2.15703421e+00
2.00000000e+00,1.15607953e+00,1.14988362e+00,1.76976057e+00,1.76469597e+00,2.08756660e+00,2.04586350e+00,2.21601506e+00,2.12318290e+00,2.26225114e+00,2.13639928e+00
2.02000000e+00,1.14687379e+00,1.14109295e+00,1.75511105e+00,1.74963101e+00,2.06993125e+00,2.02705511e+00,2.19711783e+00,2.10309481e+00,2.24288738e+00,2.11602839e+00
2.04000000e+00,1.13771739e+00,1.13234264e+00,1.74058035e+00,1.73468329e+00,2.05246198e+00,2.00844286e+00,2.17840837e+00,2.08324676e+00,2.22371974e+00,2.09591690e+00
2.06000000e+00,1.12861060e+00,1.12363298e+00,1.72616713e+00,1.71985211e+00,2.03515613e+00,1.99002425e+00,2.15988341e+00,2.06363492e+00,2.20474469e+00,2.07606025e+00
2.08000000e+00,1.11955367e+00,1.11496424e+00,1.71187007e+00,1.70513676e+00,2.01801112e+00,1.97179686e+00,2.14153976e+00,2.04425554e+00,2.18595882e+00,2.05645401e+00
2.10000000e+00,1.11054682e+00,1.10633667e+00,1.69768790e+00,1.69053653e+00,2.00102444e+00,1.95375827e+00,2.12337431e+00,2.02510498e+00,2.16735880e+00,2.03709383e+00
2.12000000e+00,1.10159028e+00,1.09775052e+00,1.68361934e+00,1.67605072e+00,1.98419364e+00,1.93590613e+00,2.10538407e+00,2.00617966e+00,2.14894140e+00,2.01797549e+00
2.14000000e+00,1.09268423e+00,1.08920604e+00,1.66966316e+00,1.66167862e+00,1.96751636e+00,1.91823812e+00,2.08756612e+00,1.98747607e+00,2.13070348e+00,1.99909485e+00
2.16000000e+00,1.08382885e+00,1.08070345e+00,1.65581814e+00,1.64741953e+00,1.95099026e+00,1.90075195e+00,2.06991761e+00,1.96899078e+00,2.11264202e+00,1.98044789e+00
2.18000000e+00,1.07502431e+00,1.07224296e+00,1.64208308e+00,1.63327274e+00,1.93461309e+00,1.88344537e+00,2.05243578e+00,1.95072044e+00,2.09475403e+00,1.96203065e+00
2.20000000e+00,1.06627074e+00,1.06382477e+00,1.62845683e+00,1.61923754e+00,1.91838266e+00,1.86631617e+00,2.03511795e+00,1.93266176e+00,2.07703667e+00,1.94383929e+00
2.22000000e+00,1.05756827e+00,1.05544909e+00,1.61493823e+00,1.60531322e+00,1.90229683e+00,1.84936218e+00,2.01796152e+00,1.91481152e+00,2.05948712e+00,1.92587005e+00
2.24000000e+00,1.04891703e+00,1.04711609e+00,1.60152616e+00,1.59149909e+00,1.88635352e+00,1.83258126e+00,2.00096395e+00,1.89716657e+00,2.04210268e+00,1.90811924e+00
2.26000000e+00,1.04031710e+00,1.03882595e+00,1.58821952e+00,1.57779443e+00,1.87055069e+00,1.81597129e+00,1.98412276e+00,1.87972383e+00,2.02488071e+00,1.89058327e+00
2.28000000e+00,1.03176858e+00,1.03057883e+00,1.57501722e+00,1.56419855e+00,1.85488636e+00,1.79953020e+00,1.96743555e+00,1.86248025e+00,2.00781864e+00,1.87325861e+00
2.30000000e+00,1.02327155e+00,1.02237489e+00,1.56191821e+00,1.55071073e+00,1.83935862e+00,1.78325595e+00,1.95089999e+00,1.84543288e+00,1.99091397e+00,1.85614185e+00
2.32000000e+00,1.01482606e+00,1.01421427e+00,1.54892144e+00,1.53733028e+00,1.82396557e+00,1.76714654e+00,1.93451381e+00,1.82857882e+00,1.97416427e+00,1.83922960e+00
2.34000000e+00,1.00643216e+00,1.00609710e+00,1.53602590e+00,1.52405650e+00,1.80870538e+00,1.75119997e+00,1.91827477e+00,1.81191521e+00,1.95756718e+00,1.82251859e+00
2.36000000e+00,9.98089895e-01,9.98023526e-01,1.52323059e+00,1.51088868e+00,1.79357626e+00,1.73541431e+00,1.90218074e+00,1.79543927e+00,1.94112039e+00,1.80600558e+00
2.38000000e+00,9.89799295e-01,9.89993653e-01,1.51053452e+00,1.49782613e+00,1.77857648e+00,1.71978763e+00,1.88622960e+00,1.77914824e+00,1.92482167e+00,1.78968744e+00
2.40000000e+00,9.81560375e-01,9.82007594e-01,1.49793673e+00,1.48486815e+00,1.76370433e+00,1.70431804e+00,1.87041931e+00,1.76303946e+00,1.90866883e+00,1.77356109e+00
2.42000000e+00,9.73373146e-01,9.74065452e-01,1.48543627e+00,1.47201405e+00,1.74895815e+00,1.68900369e+00,1.85474788e+00,1.74711029e+00,1.89265975e+00,1.75762350e+00
2.44000000e+00,9.65237604e-01,9.66167320e-01,1.47303222e+00,1.45926313e+00,1.73433631e+00,1.67384273e+00,1.83921335e+00,1.73135814e+00,1.87679236e+00,1.74187172e+00
2.46000000e+00,9.57153741e-01,9.58313283e-01,1.46072367e+00,1.44661469e+00,1.71983725e+00,1.65883337e+00,1.82381384e+00,1.71578048e+00,1.86106463e+00,1.72630286e+00
2.48000000e+00,9.49121536e-01,9.50503420e-01,1.44850972e+00,1.43406805e+00,1.70545942e+00,1.64397382e+00,1.80854750e+00,1.70037483e+00,1.84547462e+00,1.71091409e+00
2.50000000e+00,9.41140963e-01,9.42737802e-01,1.43638950e+00,1.42162253e+00,1.69120131e+00,1.62926233e+00,1.79341253e+00,1.68513875e+00,1.83002040e+00,1.69570264e+00
2.52000000e+00,9.33211986e-01,9.35016490e-01,1.42436214e+00,1.40927742e+00,1.67706144e+00,1.61469717e+00,1.77840716e+00,1.67006984e+00,1.81470010e+00,1.68066579e+00
2.54000000e+00,9.25334561e-01,9.27339542e-01,1.41242681e+00,1.39703206e+00,1.66303839e+00,1.60027665e+00,1.76352970e+00,1.65516576e+00,1.79951191e+00,1.66580088e+00
2.56000000e+00,9.17508639e-01,9.19707005e-01,1.40058267e+00,1.38488575e+00,1.64913075e+00,1.58599907e+00,1.74877846e+00,1.64042421e+00,1.78445405e+00,1.65110531e+00
2.58000000e+00,9.09734159e-01,9.12118921e-01,1.38882890e+00,1.37283782e+00,1.63533715e+00,1.57186280e+00,1.73415182e+00,1.62584292e+00,1.76952478e+00,1.63657652e+00
2.60000000e+00,9.02011059e-01,9.04575326e-01,1.37716472e+00,1.36088758e+00,1.62165626e+00,1.55786620e+00,1.71964819e+00,1.61141967e+00,1.75472243e+00,1.62221200e+00
2.62000000e+00,8.94339266e-01,8.97076246e-01,1.36558933e+00,1.34903436e+00,1.60808675e+00,1.54400767e+00,1.70526601e+00,1.59715228e+00,1.74004534e+00,1.60800932e+00
2.64000000e+00,8.86718702e-01,8.89621706e-01,1.35410196e+00,1.33727749e+00,1.59462736e+00,1.53028562e+00,1.69100377e+00,1.58303861e+00,1.72549191e+00,1.59396605e+00
2.66000000e+00,8.79149283e-01,8.82211718e-01,1.34270185e+00,1.32561630e+00,1.58127683e+00,1.51669849e+00,1.67685999e+00,1.56907656e+00,1.71106057e+00,1.58007985e+00
2.68000000e+00,8.71630919e-01,8.74846294e-01,1.33138826e+00,1.31405012e+00,1.56803394e+00,1.50324475e+00,1.66283322e+00,1.55526406e+00,1.69674979e+00,1.56634841e+00
2.70000000e+00,8.64163514e-01,8.67525436e-01,1.32016046e+00,1.30257828e+00,1.55489750e+00,1.48992287e+00,1.64892206e+00,1.54159907e+00,1.68255807e+00,1.55276945e+00
2.72000000e+00,8.56746967e-01,8.60249140e-01,1.30901772e+00,1.29120011e+00,1.54186633e+00,1.47673137e+00,1.63512512e+00,1.52807962e+00,1.66848395e+00,1.53934076e+00
2.74000000e+00,8.49381171e-01,8.53017400e-01,1.29795935e+00,1.27991496e+00,1.52893930e+00,1.46366877e+00,1.62144106e+00,1.51470375e+00,1.65452601e+00,1.52606015e+00
2.76000000e+00,8.42066015e-01,8.45830200e-01,1.28698464e+00,1.26872217e+00,1.51611529e+00,1.45073361e+00,1.60786856e+00,1.50146952e+00,1.64068286e+00,1.51292549e+00
2.78000000e+00,8.34801381e-01,8.38687521e-01,1.27609292e+00,1.25762108e+00,1.50339320e+00,1.43792446e+00,1.59440634e+00,1.48837505e+00,1.62695314e+00,1.49993468e+00
2.80000000e+00,8.27587149e-01,8.31589338e-01,1.26528351e+00,1.24661104e+00,1.49077196e+00,1.42523992e+00,1.58105314e+00,1.47541848e+00,1.61333552e+00,1.48708566e+00
2.82000000e+00,8.20423192e-01,8.24535620e-01,1.25455575e+00,1.23569140e+00,1.47825053e+00,1.41267857e+00,1.56780773e+00,1.46259799e+00,1.59982869e+00,1.47437642e+00
2.84000000e+00,8.13309380e-01,8.17526332e-01,1.24390899e+00,1.22486151e+00,1.46582788e+00,1.40023905e+00,1.55466891e+00,1.44991178e+00,1.58643141e+00,1.46180497e+00
2.86000000e+00,8.06245577e-01,8.10561432e-01,1.23334259e+00,1.21412073e+00,1.45350300e+00,1.38792000e+00,1.54163551e+00,1.43735809e+00,1.57314241e+00,1.44936936e+00
2.88000000e+00,7.99231646e-01,8.03640877e-01,1.22285593e+00,1.20346841e+00,1.44127491e+00,1.37572008e+00,1.52870638e+00,1.42493518e+00,1.55996050e+00,1.43706769e+00
2.90000000e+00,7.92267443e-01,7.96764614e-01,1.21244838e+00,1.19290392e+00,1.42914265e+00,1.36363798e+00,1.51588040e+00,1.41264135e+00,1.54688448e+00,1.42489808e+00
2.92000000e+00,7.85352822e-01,7.89932590e-01,1.20211934e+00,1.18242661e+00,1.41710528e+00,1.35167238e+00,1.50315646e+00,1.40047493e+00,1.53391320e+00,1.41285870e+00
2.94000000e+00,7.78487632e-01,7.83144744e-01,1.19186821e+00,1.17203586e+00,1.40516188e+00,1.33982201e+00,1.49053350e+00,1.38843426e+00,1.52104553e+00,1.40094774e+00
2.96000000e+00,7.71671719e-01,7.76401014e-01,1.18169440e+00,1.16173104e+00,1.39331153e+00,1.32808559e+00,1.47801045e+00,1.37651772e+00,1.50828035e+00,1.38916342e+00
2.98000000e+00,7.64904926e-01,7.69701329e-01,1.17159732e+00,1.15151152e+00,1.38155335e+00,1.31646188e+00,1.46558630e+00,1.36472373e+00,1.49561658e+00,1.37750400e+00
3.00000000e+00,7.58187091e-01,7.63045618e-01,1.16157640e+00,1.14137667e+00,1.36988647e+00,1.30494963e+00,1.45326003e+00,1.35305071e+00,1.48305316e+00,1.36596778e+00
3.02000000e+00,7.51518051e-01,7.56433803e-01,1.15163108e+00,1.13132588e+00,1.35831004e+00,1.29354764e+00,1.44103065e+00,1.34149712e+00,1.47058904e+00,1.35455307e+00
3.04000000e+00,7.44897638e-01,7.49865804e-01,1.14176081e+00,1.12135852e+00,1.34682323e+00,1.28225470e+00,1.42889720e+00,1.33006145e+00,1.45822322e+00,1.34325822e+00
3.06000000e+00,7.38325683e-01,7.43341537e-01,1.13196503e+00,1.11147399e+00,1.33542521e+00,1.27106962e+00,1.41685874e+00,1.31874219e+00,1.44595470e+00,1.33208161e+00
3.08000000e+00,7.31802011e-01,7.36860911e-01,1.12224321e+00,1.10167166e+00,1.32411519e+00,1.25999123e+00,1.40491433e+00,1.30753789e+00,1.43378250e+00,1.32102165e+00
3.10000000e+00,7.25326447e-01,7.30423835e-01,1.11259481e+00,1.09195094e+00,1.31289236e+00,1.24901838e+00,1.39306306e+00,1.29644710e+00,1.42170567e+00,1.31007677e+00
3.12000000e+00,7.18898811e-01,7.24030213e-01,1.10301932e+00,1.08231121e+00,1.30175597e+00,1.23814993e+00,1.38130405e+00,1.28546839e+00,1.40972326e+00,1.29924544e+00
3.14000000e+00,7.12518924e-01,7.17679946e-01,1.09351621e+00,1.07275187e+00,1.29070525e+00,1.22738474e+00,1.36963643e+00,1.27460037e+00,1.39783438e+00,1.28852614e+00
3.16000000e+00,7.06186599e-01,7.11372928e-01,1.08408497e+00,1.06327233e+00,1.27973945e+00,1.21672171e+00,1.35805933e+00,1.26384166e+00,1.38603811e+00,1.27791739e+00
3.18000000e+00,6.99901652e-01,7.05109056e-01,1.07472510e+00,1.05387198e+00,1.26885785e+00,1.20615974e+00,1.34657193e+00,1.25319091e+00,1.37433358e+00,1.26741773e+00
3.20000000e+00,6.93663892e-01,6.98888217e-01,1.06543610e+00,1.04455024e+00,1.25805972e+00,1.19569775e+00,1.33517339e+00,1.24264677e+00,1.36271993e+00,1.25702572e+00
3.22000000e+00,6.87473130e-01,6.92710300e-01,1.05621749e+00,1.03530652e+00,1.24734437e+00,1.18533467e+00,1.32386291e+00,1.23220795e+00,1.35119631e+00,1.24673995e+00
3.24000000e+00,6.81329170e-01,6.86575188e-01,1.04706878e+00,1.02614023e+00,1.23671110e+00,1.17506943e+00,1.31263971e+00,1.22187314e+00,1.33976189e+00,1.23655905e+00
3.26000000e+00,6.75231818e-01,6.80482761e-01,1.03798949e+00,1.01705078e+00,1.22615923e+00,1.16490101e+00,1.30150301e+00,1.21164107e+00,1.32841587e+00,1.22648163e+00
3.28000000e+00,6.69180876e-01,6.74432898e-01,1.02897914e+00,1.00803760e+00,1.21568809e+00,1.15482837e+00,1.29045203e+00,1.20151049e+00,1.31715743e+00,1.21650636e+00
3.30000000e+00,6.63176144e-01,6.68425474e-01,1.02003728e+00,9.99100109e-01,1.20529702e+00,1.14485048e+00,1.27948605e+00,1.19148017e+00,1.30598581e+00,1.20663193e+00
3.32000000e+00,6.57217421e-01,6.62460360e-01,1.01116345e+00,9.90237735e-01,1.19498538e+00,1.13496636e+00,1.26860432e+00,1.18154889e+00,1.29490023e+00,1.19685703e+00
3.34000000e+00,6.51304502e-01,6.56537425e-01,1.00235718e+00,9.81449907e-01,1.18475253e+00,1.12517501e+00,1.25780612e+00,1.17171545e+00,1.28389994e+00,1.18718040e+00
3.36000000e+00,6.45437182e-01,6.50656537e-01,9.93618029e-01,9.72736060e-01,1.17459786e+00,1.11547544e+00,1.24709076e+00,1.16197867e+00,1.27298421e+00,1.17760076e+00
3.38000000e+00,6.39615255e-01,6.44817560e-01,9.84945552e-01,9.64095628e-01,1.16452073e+00,1.10586670e+00,1.23645752e+00,1.15233741e+00,1.26215230e+00,1.16811691e+00
3.40000000e+00,6.33838511e-01,6.39020354e-01,9.76339308e-01,9.55528053e-01,1.15452056e+00,1.09634783e+00,1.22590574e+00,1.14279050e+00,1.25140351e+00,1.15872761e+00
3.42000000e+00,6.28106739e-01,6.33264779e-01,9.67798863e-01,9.47032777e-01,1.14459675e+00,1.08691788e+00,1.21543473e+00,1.13333683e+00,1.24073713e+00,1.14943167e+00
3.44000000e+00,6.22419728e-01,6.27550692e-01,9.59323787e-01,9.38609246e-01,1.13474870e+00,1.07757593e+00,1.20504385e+00,1.12397529e+00,1.23015248e+00,1.14022792e+00
3.46000000e+00,6.16777264e-01,6.21877947e-01,9.50913654e-01,9.30256910e-01,1.12497585e+00,1.06832105e+00,1.19473244e+00,1.11470478e+00,1.21964888e+00,1.13111521e+00
3.48000000e+00,6.11179132e-01,6.16246396e-01,9.42568043e-01,9.21975222e-01,1.11527763e+00,1.05915233e+00,1.18449987e+00,1.10552423e+00,1.20922567e+00,1.12209239e+00
3.50000000e+00,6.05625115e-01,6.10655889e-01,9.34286537e-01,9.13763638e-01,1.10565348e+00,1.05006888e+00,1.17434551e+00,1.09643258e+00,1.19888219e+00,1.11315834e+00
3.52000000e+00,6.00114996e-01,6.05106275e-01,9.26068723e-01,9.05621617e-01,1.09610285e+00,1.04106982e+00,1.16426874e+00,1.08742878e+00,1.18861782e+00,1.10431197e+00
3.54000000e+00,5.94648555e-01,5.99597399e-01,9.17914193e-01,8.97548622e-01,1.08662520e+00,1.03215426e+00,1.15426897e+00,1.07851180e+00,1.17843190e+00,1.09555219e+00
3.56000000e+00,5.89225572e-01,5.94129105e-01,9.09822542e-01,8.89544119e-01,1.07721999e+00,1.02332134e+00,1.14434559e+00,1.06968063e+00,1.16832384e+00,1.08687793e+00
3.58000000e+00,5.83845825e-01,5.88701234e-01,9.01793368e-01,8.81607577e-01,1.06788670e+00,1.01457020e+00,1.13449802e+00,1.06093427e+00,1.15829301e+00,1.07828814e+00
3.60000000e+00,5.78509092e-01,5.83313628e-01,8.93826274e-01,8.73738470e-01,1.05862480e+00,1.00590001e+00,1.12472569e+00,1.05227173e+00,1.14833882e+00,1.06978179e+00
3.62000000e+00,5.73215149e-01,5.77966125e-01,8.85920867e-01,8.65936271e-01,1.04943380e+00,9.97309924e-01,1.11502801e+00,1.04369205e+00,1.13846067e+00,1.06135786e+00
3.64000000e+00,5.67963771e-01,5.72658560e-01,8.78076757e-01,8.58200462e-01,1.04031317e+00,9.88799120e-01,1.10540444e+00,1.03519425e+00,1.12865799e+00,1.05301534e+00
3.66000000e+00,5.62754731e-01,5.67390769e-01,8.70293555e-01,8.50530523e-01,1.03126243e+00,9.80366784e-01,1.09585441e+00,1.02677741e+00,1.11893020e+00,1.04475325e+00
3.68000000e+00,5.57587804e-01,5.62162585e-01,8.62570879e-01,8.42925941e-01,1.02228108e+00,9.72012112e-01,1.08637740e+00,1.01844059e+00,1.10927675e+00,1.03657062e+00
3.70000000e+00,5.52462761e-01,5.56973841e-01,8.54908348e-01,8.35386205e-01,1.01336863e+00,9.63734307e-01,1.07697286e+00,1.01018287e+00,1.09969706e+00,1.02846648e+00
3.72000000e+00,5.47379374e-01,5.51824365e-01,8.47305584e-01,8.27910806e-01,1.00452462e+00,9.55532584e-01,1.06764027e+00,1.00200335e+00,1.09019061e+00,1.02043991e+00
3.74000000e+00,5.42337413e-01,5.46713988e-01,8.39762213e-01,8.20499239e-01,9.95748557e-01,9.47406167e-01,1.05837910e+00,9.93901139e-01,1.08075685e+00,1.01248996e+00
3.76000000e+00,5.37336649e-01,5.41642536e-01,8.32277863e-01,8.13151005e-01,9.87039985e-01,9.39354288e-01,1.04918884e+00,9.85875357e-01,1.07139524e+00,1.00461573e+00
3.78000000e+00,5.32376850e-01,5.36609835e-01,8.24852166e-01,8.05865603e-01,9.78398441e-01,9.31376188e-01,1.04006899e+00,9.77925138e-01,1.06210527e+00,9.96816316e-01
3.80000000e+00,5.27457784e-01,5.31615710e-01,8.17484754e-01,7.98642540e-01,9.69823467e-01,9.23471119e-01,1.03101905e+00,9.70049627e-01,1.05288643e+00,9.89090826e-01
3.82000000e+00,5.22579220e-01,5.26659985e-01,8.10175264e-01,7.91481323e-01,9.61314614e-01,9.15638340e-01,1.02203853e+00,9.62247983e-01,1.04373819e+00,9.81438389e-01
3.84000000e+00,5.17740924e-01,5.21742482e-01,8.02923336e-01,7.84381464e-01,9.52871437e-01,9.07877119e-01,1.01312693e+00,9.54519374e-01,1.03466007e+00,9.73858145e-01
3.86000000e+00,5.12942664e-01,5.16863021e-01,7.95728610e-01,7.77342477e-01,9.44493495e-01,9.00186731e-01,1.00428379e+00,9.46862981e-01,1.02565156e+00,9.66349245e-01
3.88000000e+00,5.08184204e-01,5.12021424e-01,7.88590730e-01,7.70363881e-01,9.36180352e-01,8.92566463e-01,9.95508620e-01,9.39277997e-01,1.01671218e+00,9.58910855e-01
3.90000000e+00,5.03465312e-01,5.07217508e-01,7.81509343e-01,7.63445197e-01,9.27931578e-01,8.85015607e-01,9.86800960e-01,9.31763624e-01,1.00784144e+00,9.51542150e-01
3.92000000e+00,4.98785751e-01,5.02451092e-01,7.74484096e-01,7.56585948e-01,9.19746747e-01,8.77533464e-01,9.78160347e-01,9.24319076e-01,9.99038870e-01,9.44242320e-01
3.94000000e+00,4.94145287e-01,4.97721993e-01,7.67514640e-01,7.49785662e-01,9.11625436e-01,8.70119345e-01,9.69586324e-01,9.16943578e-01,9.90303999e-01,9.37010564e-01
3.96000000e+00,4.89543683e-01,4.93030027e-01,7.60600628e-01,7.43043869e-01,9.03567229e-01,8.62772566e-01,9.61078439e-01,9.09636365e-01,9.81636362e-01,9.29846096e-01
3.98000000e+00,4.84980705e-01,4.88375009e-01,7.53741715e-01,7.36360104e-01,8.95571712e-01,8.55492452e-01,9.52636247e-01,9.02396683e-01,9.73035499e-01,9.22748139e-01
4.00000000e+00,4.80456115e-01,4.83756752e-01,7.46937556e-01,7.29733903e-01,8.87638476e-01,8.48278337e-01,9.44259307e-01,8.95223788e-01,9.64500958e-01,9.15715928e-01
4.02000000e+00,4.75969678e-01,4.79175072e-01,7.40187810e-01,7.23164806e-01,8.79767116e-01,8.41129561e-01,9.35947182e-01,8.88116945e-01,9.56032291e-01,9.08748709e-01
4.04000000e+00,4.71521156e-01,4.74629780e-01,7.33492139e-01,7.16652355e-01,8.71957229e-01,8.34045472e-01,9.27699441e-01,8.81075430e-01,9.47629054e-01,9.01845738e-01
4.06000000e+00,4.67110312e-01,4.70120688e-01,7.26850203e-01,7.10196098e-01,8.64208417e-01,8.27025426e-01,9.19515658e-01,8.74098528e-01,9.39290808e-01,8.95006283e-01
4.08000000e+00,4.62736910e-01,4.65647609e-01,7.20261668e-01,7.03795583e-01,8.56520288e-01,8.20068786e-01,9.11395409e-01,8.67185534e-01,9.31017122e-01,8.88229622e-01
4.10000000e+00,4.58400712e-01,4.61210352e-01,7.13726199e-01,6.97450363e-01,8.48892448e-01,8.13174921e-01,9.03338277e-01,8.60335753e-01,9.22807566e-01,8.81515041e-01
4.12000000e+00,4.54101482e-01,4.56808727e-01,7.07243463e-01,6.91159993e-01,8.41324512e-01,8.06343208e-01,8.95343848e-01,8.53548498e-01,9.14661715e-01,8.74861841e-01
4.14000000e+00,4.49838980e-01,4.52442545e-01,7.00813129e-01,6.84924032e-01,8.33816094e-01,7.99573033e-01,8.87411711e-01,8.46823090e-01,9.06579151e-01,8.68269327e-01
4.16000000e+00,4.45612971e-01,4.48111613e-01,6.94434868e-01,6.78742041e-01,8.26366814e-01,7.92863786e-01,8.79541462e-01,8.40158862e-01,8.98559457e-01,8.61736819e-01
4.18000000e+00,4.41423217e-01,4.43815742e-01,6.88108352e-01,6.72613584e-01,8.18976293e-01,7.86214865e-01,8.71732698e-01,8.33555154e-01,8.90602222e-01,8.55263642e-01
4.20000000e+00,4.37269481e-01,4.39554738e-01,6.81833255e-01,6.66538230e-01,8.11644156e-01,7.79625674e-01,8.63985020e-01,8.27011315e-01,8.82707038e-01,8.48849135e-01
4.22000000e+00,4.33151525e-01,4.35328409e-01,6.75609252e-01,6.60515548e-01,8.04370030e-01,7.73095626e-01,8.56298034e-01,8.20526701e-01,8.74873502e-01,8.42492641e-01
4.24000000e+00,4.29069112e-01,4.31136563e-01,6.69436020e-01,6.54545113e-01,7.97153546e-01,7.66624138e-01,8.48671347e-01,8.14100679e-01,8.67101214e-01,8.36193517e-01
4.26000000e+00,4.25022006e-01,4.26979007e-01,6.63313236e-01,6.48626501e-01,7.89994337e-01,7.60210635e-01,8.41104573e-01,8.07732622e-01,8.59389777e-01,8.29951126e-01
4.28000000e+00,4.21009970e-01,4.22855546e-01,6.57240580e-01,6.42759291e-01,7.82892039e-01,7.53854547e-01,8.33597326e-01,8.01421913e-01,8.51738798e-01,8.23764840e-01
4.30000000e+00,4.17032767e-01,4.18765987e-01,6.51217732e-01,6.36943067e-01,7.75846290e-01,7.47555311e-01,8.26149224e-01,7.95167940e-01,8.44147889e-01,8.17634041e-01
4.32000000e+00,4.13090160e-01,4.14710137e-01,6.45244376e-01,6.31177413e-01,7.68856730e-01,7.41312372e-01,8.18759890e-01,7.88970103e-01,8.36616662e-01,8.11558118e-01
4.34000000e+00,4.09181914e-01,4.10687800e-01,6.39320193e-01,6.25461918e-01,7.61923003e-01,7.35125178e-01,8.11428946e-01,7.82827806e-01,8.29144735e-01,8.05536468e-01
4.36000000e+00,4.05307793e-01,4.06698783e-01,6.33444868e-01,6.19796174e-01,7.55044754e-01,7.28993186e-01,8.04156021e-01,7.76740463e-01,8.21731729e-01,7.99568499e-01
4.38000000e+00,4.01467562e-01,4.02742890e-01,6.27618088e-01,6.14179774e-01,7.48221630e-01,7.22915856e-01,7.96940744e-01,7.70707493e-01,8.14377266e-01,7.93653623e-01
4.40000000e+00,3.97660984e-01,3.98819927e-01,6.21839539e-01,6.08612315e-01,7.41453282e-01,7.16892657e-01,7.89782749e-01,7.64728326e-01,8.07080972e-01,7.87791264e-01
4.42000000e+00,3.93887827e-01,3.94929699e-01,6.16108910e-01,6.03093398e-01,7.34739361e-01,7.10923062e-01,7.82681669e-01,7.58802396e-01,7.99842476e-01,7.81980850e-01
4.44000000e+00,3.90147854e-01,3.91072011e-01,6.10425889e-01,5.97622626e-01,7.28079521e-01,7.05006549e-01,7.75637144e-01,7.52929145e-01,7.92661409e-01,7.76221819e-01
4.46000000e+00,3.86440832e-01,3.87246668e-01,6.04790168e-01,5.92199605e-01,7.21473418e-01,6.99142605e-01,7.68648814e-01,7.47108023e-01,7.85537407e-01,7.70513616e-01
4.48000000e+00,3.82766528e-01,3.83453474e-01,5.99201437e-01,5.86823942e-01,7.14920710e-01,6.93330719e-01,7.61716320e-01,7.41338486e-01,7.78470105e-01,7.64855693e-01
4.50000000e+00,3.79124708e-01,3.79692235e-01,5.93659390e-01,5.81495250e-01,7.08421056e-01,6.87570387e-01,7.54839309e-01,7.35619997e-01,7.71459143e-01,7.59247509e-01
4.52000000e+00,3.75515141e-01,3.75962755e-01,5.88163721e-01,5.76213142e-01,7.01974119e-01,6.81861111e-01,7.48017427e-01,7.29952026e-01,7.64504163e-01,7.53688533e-01
4.54000000e+00,3.71937593e-01,3.72264840e-01,5.82714124e-01,5.70977236e-01,6.95579561e-01,6.76202398e-01,7.41250325e-01,7.24334048e-01,7.57604809e-01,7.48178236e-01
4.56000000e+00,3.68391834e-01,3.68598294e-01,5.77310295e-01,5.65787151e-01,6.89237048e-01,6.70593761e-01,7.34537652e-01,7.18765548e-01,7.50760726e-01,7.42716101e-01
4.58000000e+00,3.64877633e-01,3.64962923e-01,5.71951932e-01,5.60642511e-01,6.82946246e-01,6.65034715e-01,7.27879064e-01,7.13246014e-01,7.43971565e-01,7.37301613e-01
4.60000000e+00,3.61394758e-01,3.61358530e-01,5.66638733e-01,5.55542939e-01,6.76706825e-01,6.59524785e-01,7.21274215e-01,7.07774942e-01,7.37236974e-01,7.31934269e-01
4.62000000e+00,3.57942982e-01,3.57784923e-01,5.61370396e-01,5.50488066e-01,6.70518453e-01,6.54063499e-01,7.14722763e-01,7.02351834e-01,7.30556608e-01,7.26613568e-01
4.64000000e+00,3.54522073e-01,3.54241906e-01,5.56146622e-01,5.45477521e-01,6.64380803e-01,6.48650388e-01,7.08224368e-01,6.96976197e-01,7.23930121e-01,7.21339017e-01
4.66000000e+00,3.51131804e-01,3.50729284e-01,5.50967113e-01,5.40510938e-01,6.58293548e-01,6.43284992e-01,7.01778691e-01,6.91647546e-01,7.17357169e-01,7.16110131e-01
4.68000000e+00,3.47771948e-01,3.47246864e-01,5.45831570e-01,5.35587953e-01,6.52256362e-01,6.37966853e-01,6.95385395e-01,6.86365400e-01,7.10837411e-01,7.10926429e-01
4.70000000e+00,3.44442276e-01,3.43794452e-01,5.40739696e-01,5.30708205e-01,6.46268922e-01,6.32695518e-01,6.89044145e-01,6.81129285e-01,7.04370509e-01,7.05787437e-01
4.72000000e+00,3.41142563e-01,3.40371853e-01,5.35691197e-01,5.25871336e-01,6.40330904e-01,6.27470542e-01,6.82754608e-01,6.75938733e-01,6.97956123e-01,7.00692688e-01
4.74000000e+00,3.37872583e-01,3.36978875e-01,5.30685777e-01,5.21076990e-01,6.34441989e-01,6.22291480e-01,6.76516451e-01,6.70793280e-01,6.91593919e-01,6.95641719e-01
4.76000000e+00,3.34632111e-01,3.33615324e-01,5.25723142e-01,5.16324814e-01,6.28601857e-01,6.17157896e-01,6.70329344e-01,6.65692471e-01,6.85283562e-01,6.90634076e-01
4.78000000e+00,3.31420923e-01,3.30281007e-01,5.20803000e-01,5.11614457e-01,6.22810189e-01,6.12069356e-01,6.64192959e-01,6.60635852e-01,6.79024720e-01,6.85669308e-01
4.80000000e+00,3.28238795e-01,3.26975731e-01,5.15925059e-01,5.06945572e-01,6.17066667e-01,6.07025431e-01,6.58106969e-01,6.55622978e-01,6.72817061e-01,6.80746970e-01
4.82000000e+00,3.25085506e-01,3.23699305e-01,5.11089029e-01,5.02317814e-01,6.11370978e-01,6.02025697e-01,6.52071049e-01,6.50653409e-01,6.66660258e-01,6.75866623e-01
4.84000000e+00,3.21960832e-01,3.20451536e-01,5.06294619e-01,4.97730839e-01,6.05722805e-01,5.97069735e-01,6.46084873e-01,6.45726707e-01,6.60553981e-01,6.71027836e-01
4.86000000e+00,3.18864554e-01,3.17232232e-01,5.01541540e-01,4.93184308e-01,6.00121836e-01,5.92157130e-01,6.40148120e-01,6.40842444e-01,6.54497904e-01,6.66230179e-01
4.88000000e+00,3.15796452e-01,3.14041203e-01,4.96829506e-01,4.88677883e-01,5.94567760e-01,5.87287470e-01,6.34260468e-01,6.36000193e-01,6.48491704e-01,6.61473230e-01
4.90000000e+00,3.12756305e-01,3.10878258e-01,4.92158229e-01,4.84211229e-01,5.89060264e-01,5.82460350e-01,6.28421597e-01,6.31199534e-01,6.42535057e-01,6.56756573e-01
4.92000000e+00,3.09743897e-01,3.07743206e-01,4.87527423e-01,4.79784014e-01,5.83599041e-01,5.77675367e-01,6.22631189e-01,6.26440053e-01,6.36627640e-01,6.52079796e-01
4.94000000e+00,3.06759008e-01,3.04635857e-01,4.82936804e-01,4.75395908e-01,5.78183781e-01,5.72932123e-01,6.16888927e-01,6.21721339e-01,6.30769135e-01,6.47442491e-01
4.96000000e+00,3.03801424e-01,3.01556022e-01,4.78386088e-01,4.71046583e-01,5.72814178e-01,5.68230225e-01,6.11194495e-01,6.17042986e-01,6.24959220e-01,6.42844257e-01
4.98000000e+00,3.00870928e-01,2.98503512e-01,4.73874992e-01,4.66735715e-01,5.67489925e-01,5.63569283e-01,6.05547578e-01,6.12404595e-01,6.19197580e-01,6.38284697e-01
5.00000000e+00,2.97967306e-01,2.95478138e-01,4.69403235e-01,4.62462981e-01,5.62210717e-01,5.58948911e-01,5.99947863e-01,6.07805768e-01,6.13483896e-01,6.33763420e-01
5.02000000e+00,2.95090343e-01,2.92479712e-01,4.64970535e-01,4.58228060e-01,5.56976252e-01,5.54368728e-01,5.94395037e-01,6.03246114e-01,6.07817855e-01,6.29280039e-01
5.04000000e+00,2.92239829e-01,2.89508047e-01,4.60576613e-01,4.54030636e-01,5.51786225e-01,5.49828355e-01,5.88888791e-01,5.98725248e-01,6.02199143e-01,6.24834171e-01
5.06000000e+00,2.89415549e-01,2.86562955e-01,4.56221190e-01,4.49870392e-01,5.46640337e-01,5.45327420e-01,5.83428814e-01,5.94242786e-01,5.96627446e-01,6.20425438e-01
5.08000000e+00,2.86617295e-01,2.83644250e-01,4.51903989e-01,4.45747017e-01,5.41538286e-01,5.40865553e-01,5.78014797e-01,5.89798351e-01,5.91102454e-01,6.16053468e-01
5.10000000e+00,2.83844855e-01,2.80751745e-01,4.47624732e-01,4.41660200e-01,5.36479774e-01,5.36442388e-01,5.72646435e-01,5.85391569e-01,5.85623856e-01,6.11717893e-01
5.12000000e+00,2.81098022e-01,2.77885256e-01,4.43383145e-01,4.37609633e-01,5.31464501e-01,5.32057562e-01,5.67323419e-01,5.81022072e-01,5.80191343e-01,6.07418348e-01
5.14000000e+00,2.78376587e-01,2.75044597e-01,4.39178952e-01,4.33595011e-01,5.26492172e-01,5.27710717e-01,5.62045447e-01,5.76689494e-01,5.74804608e-01,6.03154474e-01
5.16000000e+00,2.75680345e-01,2.72229585e-01,4.35011880e-01,4.29616029e-01,5.21562489e-01,5.23401498e-01,5.56812212e-01,5.72393475e-01,5.69463344e-01,5.98925916e-01
5.18000000e+00,2.73009088e-01,2.69440035e-01,4.30881657e-01,4.25672388e-01,5.16675158e-01,5.19129555e-01,5.51623414e-01,5.68133658e-01,5.64167245e-01,5.94732323e-01
5.20000000e+00,2.70362613e-01,2.66675764e-01,4.26788011e-01,4.21763788e-01,5.11829886e-01,5.14894540e-01,5.46478750e-01,5.63909692e-01,5.58916008e-01,5.90573349e-01
5.22000000e+00,2.67740717e-01,2.63936590e-01,4.22730672e-01,4.17889933e-01,5.07026379e-01,5.10696109e-01,5.41377920e-01,5.59721227e-01,5.53709329e-01,5.86448650e-01
5.24000000e+00,2.65143195e-01,2.61222331e-01,4.18709370e-01,4.14050530e-01,5.02264346e-01,5.06533921e-01,5.36320624e-01,5.55567920e-01,5.48546906e-01,5.82357888e-01
5.26000000e+00,2.62569848e-01,2.58532806e-01,4.14723838e-01,4.10245286e-01,4.97543496e-01,5.02407641e-01,5.31306564e-01,5.51449430e-01,5.43428438e-01,5.78300730e-01
5.28000000e+00,2.60020475e-01,2.55867833e-01,4.10773808e-01,4.06473912e-01,4.92863539e-01,4.98316934e-01,5.26335443e-01,5.47365420e-01,5.38353625e-01,5.74276844e-01
5.30000000e+00,2.57494876e-01,2.53227234e-01,4.06859014e-01,4.02736121e-01,4.88224187e-01,4.94261470e-01,5.21406965e-01,5.43315559e-01,5.33322168e-01,5.70285905e-01
5.32000000e+00,2.54992854e-01,2.50610829e-01,4.02979191e-01,3.99031628e-01,4.83625153e-01,4.90240923e-01,5.16520835e-01,5.39299516e-01,5.28333770e-01,5.66327589e-01
5.34000000e+00,2.52514212e-01,2.48018439e-01,3.99134075e-01,3.95360150e-01,4.79066149e-01,4.86254970e-01,5.11676759e-01,5.35316966e-01,5.23388135e-01,5.62401578e-01
5.36000000e+00,2.50058752e-01,2.45449886e-01,3.95323404e-01,3.91721406e-01,4.74546891e-01,4.82303290e-01,5.06874443e-01,5.31367589e-01,5.18484967e-01,5.58507557e-01
5.38000000e+00,2.47626282e-01,2.42904993e-01,3.91546916e-01,3.88115119e-01,4.70067095e-01,4.78385567e-01,5.02113597e-01,5.27451066e-01,5.13623970e-01,5.54645215e-01
5.40000000e+00,2.45216606e-01,2.40383583e-01,3.87804351e-01,3.84541012e-01,4.65626477e-01,4.74501487e-01,4.97393929e-01,5.23567083e-01,5.08804853e-01,5.50814243e-01
5.42000000e+00,2.42829533e-01,2.37885481e-01,3.84095448e-01,3.80998811e-01,4.61224756e-01,4.70650740e-01,4.92715149e-01,5.19715328e-01,5.04027323e-01,5.47014339e-01
5.44000000e+00,2.40464871e-01,2.35410511e-01,3.80419951e-01,3.77488244e-01,4.56861649e-01,4.66833019e-01,4.88076970e-01,5.15895496e-01,4.99291088e-01,5.43245200e-01
5.46000000e+00,2.38122430e-01,2.32958500e-01,3.76777602e-01,3.74009041e-01,4.52536877e-01,4.63048019e-01,4.83479103e-01,5.12107281e-01,4.94595859e-01,5.39506532e-01
5.48000000e+00,2.35802020e-01,2.30529272e-01,3.73168145e-01,3.70560936e-01,4.48250162e-01,4.59295440e-01,4.78921262e-01,5.08350383e-01,4.89941346e-01,5.35798039e-01
5.50000000e+00,2.33503454e-01,2.28122656e-01,3.69591325e-01,3.67143662e-01,4.44001225e-01,4.55574983e-01,4.74403162e-01,5.04624505e-01,4.85327262e-01,5.32119431e-01
5.52000000e+00,2.31226545e-01,2.25738479e-01,3.66046889e-01,3.63756955e-01,4.39789791e-01,4.51886354e-01,4.69924518e-01,5.00929353e-01,4.80753319e-01,5.28470423e-01
5.54000000e+00,2.28971107e-01,2.23376570e-01,3.62534584e-01,3.60400556e-01,4.35615582e-01,4.48229261e-01,4.65485046e-01,4.97264636e-01,4.76219232e-01,5.24850730e-01
5.56000000e+00,2.26736955e-01,2.21036758e-01,3.59054160e-01,3.57074204e-01,4.31478325e-01,4.44603414e-01,4.61084466e-01,4.93630067e-01,4.71724715e-01,5.21260072e-01
5.58000000e+00,2.24523906e-01,2.18718873e-01,3.55605366e-01,3.53777642e-01,4.27377746e-01,4.41008527e-01,4.56722496e-01,4.90025362e-01,4.67269486e-01,5.17698173e-01
5.60000000e+00,2.22331779e-01,2.16422745e-01,3.52187953e-01,3.50510615e-01,4.23313573e-01,4.37444317e-01,4.52398855e-01,4.86450239e-01,4.62853262e-01,5.14164758e-01
5.62000000e+00,2.20160391e-01,2.14148207e-01,3.48801674e-01,3.47272870e-01,4.19285536e-01,4.33910503e-01,4.48113265e-01,4.82904421e-01,4.58475761e-01,5.10659556e-01
5.64000000e+00,2.18009563e-01,2.11895090e-01,3.45446283e-01,3.44064156e-01,4.15293363e-01,4.30406808e-01,4.43865447e-01,4.79387632e-01,4.54136702e-01,5.07182301e-01
5.66000000e+00,2.15879117e-01,2.09663229e-01,3.42121533e-01,3.40884224e-01,4.11336785e-01,4.26932957e-01,4.39655126e-01,4.75899600e-01,4.49835806e-01,5.03732726e-01
5.68000000e+00,2.13768874e-01,2.07452456e-01,3.38827182e-01,3.37732827e-01,4.07415536e-01,4.23488678e-01,4.35482026e-01,4.72440057e-01,4.45572795e-01,5.00310572e-01
5.70000000e+00,2.11678659e-01,2.05262606e-01,3.35562987e-01,3.34609719e-01,4.03529349e-01,4.20073701e-01,4.31345871e-01,4.69008737e-01,4.41347392e-01,4.96915579e-01
5.72000000e+00,2.09608296e-01,2.03093516e-01,3.32328705e-01,3.31514657e-01,3.99677957e-01,4.16687759e-01,4.27246389e-01,4.65605375e-01,4.37159321e-01,4.93547492e-01
5.74000000e+00,2.07557611e-01,2.00945021e-01,3.29124098e-01,3.28447400e-01,3.95861097e-01,4.13330589e-01,4.23183307e-01,4.62229712e-01,4.33008306e-01,4.90206057e-01
5.76000000e+00,2.05526431e-01,1.98816959e-01,3.25948925e-01,3.25407709e-01,3.92078506e-01,4.10001929e-01,4.19156354e-01,4.58881490e-01,4.28894074e-01,4.86891025e-01
5.78000000e+00,2.03514585e-01,1.96709167e-01,3.22802949e-01,3.22395346e-01,3.88329920e-01,4.06701519e-01,4.15165259e-01,4.55560454e-01,4.24816351e-01,4.83602149e-01
5.80000000e+00,2.01521902e-01,1.94621484e-01,3.19685934e-01,3.19410076e-01,3.84615081e-01,4.03429104e-01,4.11209755e-01,4.52266353e-01,4.20774867e-01,4.80339184e-01
5.82000000e+00,1.99548214e-01,1.92553750e-01,3.16597644e-01,3.16451665e-01,3.80933727e-01,4.00184430e-01,4.07289573e-01,4.48998937e-01,4.16769351e-01,4.77101888e-01
5.84000000e+00,1.97593351e-01,1.90505805e-01,3.13537845e-01,3.13519881e-01,3.77285601e-01,3.96967245e-01,4.03404446e-01,4.45757960e-01,4.12799533e-01,4.73890023e-01
5.86000000e+00,1.95657146e-01,1.88477491e-01,3.10506306e-01,3.10614495e-01,3.73670444e-01,3.93777301e-01,3.99554109e-01,4.42543177e-01,4.08865145e-01,4.70703353e-01
5.88000000e+00,1.93739435e-01,1.86468649e-01,3.07502793e-01,3.07735279e-01,3.70088002e-01,3.90614351e-01,3.95738297e-01,4.39354347e-01,4.04965920e-01,4.67541643e-01
5.90000000e+00,1.91840052e-01,1.84479122e-01,3.04527078e-01,3.04882006e-01,3.66538019e-01,3.87478152e-01,3.91956748e-01,4.36191231e-01,4.01101591e-01,4.64404662e-01
5.92000000e+00,1.89958834e-01,1.82508754e-01,3.01578930e-01,3.02054452e-01,3.63020241e-01,3.84368461e-01,3.88209198e-01,4.33053594e-01,3.97271895e-01,4.61292183e-01
5.94000000e+00,1.88095619e-01,1.80557390e-01,2.98658124e-01,2.99252395e-01,3.59534415e-01,3.81285040e-01,3.84495389e-01,4.29941201e-01,3.93476567e-01,4.58203978e-01
5.96000000e+00,1.86250245e-01,1.78624875e-01,2.95764432e-01,2.96475613e-01,3.56080292e-01,3.78227652e-01,3.80815058e-01,4.26853821e-01,3.89715344e-01,4.55139824e-01
5.98000000e+00,1.84422553e-01,1.76711055e-01,2.92897629e-01,2.93723888e-01,3.52657620e-01,3.75196062e-01,3.77167949e-01,4.23791226e-01,3.85987966e-01,4.52099501e-01
6.00000000e+00,1.82612383e-01,1.74815777e-01,2.90057493e-01,2.90997003e-01,3.49266150e-01,3.72190038e-01,3.73553804e-01,4.20753189e-01,3.82294173e-01,4.49082789e-01
6.02000000e+00,1.80819579e-01,1.72938890e-01,2.87243799e-01,2.88294742e-01,3.45905636e-01,3.69209350e-01,3.69972366e-01,4.17739486e-01,3.78633704e-01,4.46089473e-01
6.04000000e+00,1.79043984e-01,1.71080241e-01,2.84456329e-01,2.85616892e-01,3.42575831e-01,3.66253771e-01,3.66423381e-01,4.14749895e-01,3.75006303e-01,4.43119338e-01
6.06000000e+00,1.77285442e-01,1.69239681e-01,2.81694860e-01,2.82963240e-01,3.39276489e-01,3.63323075e-01,3.62906595e-01,4.11784197e-01,3.71411713e-01,4.40172173e-01
6.08000000e+00,1.75543800e-01,1.67417060e-01,2.78959177e-01,2.80333577e-01,3.36007367e-01,3.60417038e-01,3.59421755e-01,4.08842176e-01,3.67849678e-01,4.37247768e-01
6.10000000e+00,1.73818904e-01,1.65612229e-01,2.76249060e-01,2.77727693e-01,3.32768223e-01,3.57535440e-01,3.55968611e-01,4.05923616e-01,3.64319944e-01,4.34345916e-01
6.12000000e+00,1.72110602e-01,1.63825041e-01,2.73564294e-01,2.75145383e-01,3.29558814e-01,3.54678062e-01,3.52546912e-01,4.03028306e-01,3.60822259e-01,4.31466414e-01
6.14000000e+00,1.70418745e-01,1.62055348e-01,2.70904666e-01,2.72586441e-01,3.26378901e-01,3.51844687e-01,3.49156409e-01,4.00156034e-01,3.57356370e-01,4.28609057e-01
6.16000000e+00,1.68743182e-01,1.60303005e-01,2.68269961e-01,2.70050664e-01,3.23228246e-01,3.49035099e-01,3.45796854e-01,3.97306593e-01,3.53922026e-01,4.25773646e-01
6.18000000e+00,1.67083765e-01,1.58567866e-01,2.65659968e-01,2.67537850e-01,3.20106610e-01,3.46249087e-01,3.42468002e-01,3.94479777e-01,3.50518979e-01,4.22959982e-01
6.20000000e+00,1.65440347e-01,1.56849786e-01,2.63074476e-01,2.65047799e-01,3.17013758e-01,3.43486440e-01,3.39169608e-01,3.91675382e-01,3.47146981e-01,4.20167869e-01
6.22000000e+00,1.63812782e-01,1.55148623e-01,2.60513276e-01,2.62580311e-01,3.13949455e-01,3.40746950e-01,3.35901427e-01,3.88893207e-01,3.43805784e-01,4.17397114e-01
6.24000000e+00,1.62200924e-01,1.53464233e-01,2.57976161e-01,2.60135192e-01,3.10913466e-01,3.38030409e-01,3.32663217e-01,3.86133052e-01,3.40495143e-01,4.14647524e-01
6.26000000e+00,1.60604630e-01,1.51796475e-01,2.55462924e-01,2.57712245e-01,3.07905560e-01,3.35336614e-01,3.29454736e-01,3.83394719e-01,3.37214814e-01,4.11918909e-01
6.28000000e+00,1.59023757e-01,1.50145208e-01,2.52973359e-01,2.55311276e-01,3.04925506e-01,3.32665361e-01,3.26275745e-01,3.80678014e-01,3.33964554e-01,4.09211082e-01
6.30000000e+00,1.57458164e-01,1.48510291e-01,2.50507263e-01,2.52932094e-01,3.01973073e-01,3.30016451e-01,3.23126004e-01,3.77982743e-01,3.30744120e-01,4.06523856e-01
6.32000000e+00,1.55907710e-01,1.46891586e-01,2.48064433e-01,2.50574509e-01,2.99048035e-01,3.27389684e-01,3.20005277e-01,3.75308713e-01,3.27553272e-01,4.03857048e-01
6.34000000e+00,1.54372255e-01,1.45288953e-01,2.45644668e-01,2.48238331e-01,2.96150162e-01,3.24784863e-01,3.16913327e-01,3.72655737e-01,3.24391771e-01,4.01210476e-01
6.36000000e+00,1.52851662e-01,1.43702256e-01,2.43247768e-01,2.45923373e-01,2.93279230e-01,3.22201795e-01,3.13849919e-01,3.70023626e-01,3.21259379e-01,3.98583959e-01
6.38000000e+00,1.51345794e-01,1.42131358e-01,2.40873535e-01,2.43629449e-01,2.90435014e-01,3.19640285e-01,3.10814820e-01,3.67412196e-01,3.18155860e-01,3.95977320e-01
6.40000000e+00,1.49854513e-01,1.40576123e-01,2.38521771e-01,2.41356375e-01,2.87617292e-01,3.17100144e-01,3.07807797e-01,3.64821261e-01,3.15080977e-01,3.93390381e-01
6.42000000e+00,1.48377685e-01,1.39036416e-01,2.36192281e-01,2.39103969e-01,2.84825840e-01,3.14581180e-01,3.04828619e-01,3.62250640e-01,3.12034496e-01,3.90822970e-01
6.44000000e+00,1.46915177e-01,1.37512102e-01,2.33884870e-01,2.36872049e-01,2.82060439e-01,3.12083207e-01,3.01877057e-01,3.59700154e-01,3.09016186e-01,3.88274912e-01
6.46000000e+00,1.45466856e-01,1.36003049e-01,2.31599344e-01,2.34660435e-01,2.79320870e-01,3.09606040e-01,2.98952882e-01,3.57169624e-01,3.06025813e-01,3.85746038e-01
6.48000000e+00,1.44032589e-01,1.34509125e-01,2.29335512e-01,2.32468949e-01,2.76606914e-01,3.07149493e-01,2.96055867e-01,3.54658874e-01,3.03063149e-01,3.83236178e-01
6.50000000e+00,1.42612246e-01,1.33030197e-01,2.27093184e-01,2.30297415e-01,2.73918356e-01,3.04713386e-01,2.93185786e-01,3.52167729e-01,3.00127963e-01,3.80745165e-01
6.52000000e+00,1.41205698e-01,1.31566135e-01,2.24872169e-01,2.28145658e-01,2.71254979e-01,3.02297537e-01,2.90342415e-01,3.49696017e-01,2.97220029e-01,3.78272834e-01
6.54000000e+00,1.39812816e-01,1.30116810e-01,2.22672281e-01,2.26013503e-01,2.68616571e-01,2.99901767e-01,2.87525531e-01,3.47243566e-01,2.94339121e-01,3.75819020e-01
6.56000000e+00,1.38433473e-01,1.28682092e-01,2.20493332e-01,2.23900777e-01,2.66002918e-01,2.97525901e-01,2.84734911e-01,3.44810207e-01,2.91485012e-01,3.73383561e-01
6.58000000e+00,1.37067542e-01,1.27261852e-01,2.18335137e-01,2.21807311e-01,2.63413810e-01,2.95169762e-01,2.81970336e-01,3.42395773e-01,2.88657480e-01,3.70966297e-01
6.60000000e+00,1.35714897e-01,1.25855965e-01,2.16197513e-01,2.19732935e-01,2.60849037e-01,2.92833176e-01,2.79231586e-01,3.40000098e-01,2.85856302e-01,3.68567070e-01
6.62000000e+00,1.34375416e-01,1.24464303e-01,2.14080276e-01,2.17677480e-01,2.58308389e-01,2.90515972e-01,2.76518444e-01,3.37623017e-01,2.83081257e-01,3.66185722e-01
6.64000000e+00,1.33048973e-01,1.23086741e-01,2.11983245e-01,2.15640781e-01,2.55791661e-01,2.88217980e-01,2.73830692e-01,3.35264368e-01,2.80332125e-01,3.63822097e-01
6.66000000e+00,1.31735448e-01,1.21723155e-01,2.09906240e-01,2.13622670e-01,2.53298646e-01,2.85939029e-01,2.71168117e-01,3.32923990e-01,2.77608689e-01,3.61476042e-01
6.68000000e+00,1.30434718e-01,1.20373419e-01,2.07849083e-01,2.11622986e-01,2.50829140e-01,2.83678954e-01,2.68530503e-01,3.30601723e-01,2.74910731e-01,3.59147403e-01
6.70000000e+00,1.29146664e-01,1.19037412e-01,2.05811596e-01,2.09641564e-01,2.48382940e-01,2.81437589e-01,2.65917639e-01,3.28297409e-01,2.72238035e-01,3.56836032e-01
6.72000000e+00,1.27871167e-01,1.17715010e-01,2.03793603e-01,2.07678245e-01,2.45959844e-01,2.79214769e-01,2.63329313e-01,3.26010894e-01,2.69590387e-01,3.54541777e-01
6.74000000e+00,1.26608107e-01,1.16406094e-01,2.01794929e-01,2.05732868e-01,2.43559651e-01,2.77010332e-01,2.60765315e-01,3.23742021e-01,2.66967574e-01,3.52264491e-01
6.76000000e+00,1.25357369e-01,1.15110541e-01,1.99815400e-01,2.03805274e-01,2.41182163e-01,2.74824117e-01,2.58225438e-01,3.21490637e-01,2.64369384e-01,3.50004029e-01
6.78000000e+00,1.24118836e-01,1.13828233e-01,1.97854845e-01,2.01895307e-01,2.38827181e-01,2.72655964e-01,2.55709474e-01,3.19256592e-01,2.61795607e-01,3.47760244e-01
6.80000000e+00,1.22892393e-01,1.12559050e-01,1.95913092e-01,2.00002810e-01,2.36494509e-01,2.70505716e-01,2.53217217e-01,3.17039735e-01,2.59246035e-01,3.45532995e-01
6.82000000e+00,1.21677925e-01,1.11302875e-01,1.93989972e-01,1.98127630e-01,2.34183953e-01,2.68373216e-01,2.50748463e-01,3.14839917e-01,2.56720458e-01,3.43322138e-01
6.84000000e+00,1.20475320e-01,1.10059590e-01,1.92085316e-01,1.96269612e-01,2.31895319e-01,2.66258309e-01,2.48303008e-01,3.12656991e-01,2.54218672e-01,3.41127534e-01
6.86000000e+00,1.19284465e-01,1.08829079e-01,1.90198957e-01,1.94428605e-01,2.29628413e-01,2.64160842e-01,2.45880652e-01,3.10490811e-01,2.51740471e-01,3.38949044e-01
6.88000000e+00,1.18105249e-01,1.07611227e-01,1.88330730e-01,1.92604459e-01,2.27383045e-01,2.62080662e-01,2.43481193e-01,3.08341234e-01,2.49285651e-01,3.36786529e-01
6.90000000e+00,1.16937561e-01,1.06405918e-01,1.86480469e-01,1.90797023e-01,2.25159026e-01,2.60017618e-01,2.41104432e-01,3.06208115e-01,2.46854010e-01,3.34639854e-01
6.92000000e+00,1.15781293e-01,1.05213039e-01,1.84648012e-01,1.89006150e-01,2.22956167e-01,2.57971562e-01,2.38750172e-01,3.04091315e-01,2.44445347e-01,3.32508884e-01
6.94000000e+00,1.14636336e-01,1.04032476e-01,1.82833196e-01,1.87231693e-01,2.20774280e-01,2.55942346e-01,2.36418217e-01,3.01990693e-01,2.42059463e-01,3.30393485e-01
6.96000000e+00,1.13502582e-01,1.02864118e-01,1.81035861e-01,1.85473506e-01,2.18613181e-01,2.53929822e-01,2.34108371e-01,2.99906109e-01,2.39696160e-01,3.28293524e-01
6.98000000e+00,1.12379925e-01,1.01707852e-01,1.79255847e-01,1.83731444e-01,2.16472684e-01,2.51933846e-01,2.31820441e-01,2.97837427e-01,2.37355239e-01,3.26208872e-01
7.00000000e+00,1.11268259e-01,1.00563569e-01,1.77492996e-01,1.82005366e-01,2.14352607e-01,2.49954274e-01,2.29554234e-01,2.95784511e-01,2.35036507e-01,3.24139399e-01
7.02000000e+00,1.10167480e-01,9.94311581e-02,1.75747150e-01,1.80295127e-01,2.12252768e-01,2.47990963e-01,2.27309559e-01,2.93747225e-01,2.32739768e-01,3.22084975e-01
7.04000000e+00,1.09077484e-01,9.83105104e-02,1.74018154e-01,1.78600589e-01,2.10172986e-01,2.46043773e-01,2.25086227e-01,2.91725438e-01,2.30464829e-01,3.20045475e-01
7.06000000e+00,1.07998168e-01,9.72015178e-02,1.72305853e-01,1.76921611e-01,2.08113082e-01,2.44112564e-01,2.22884049e-01,2.89719015e-01,2.28211500e-01,3.18020772e-01
7.08000000e+00,1.06929430e-01,9.61040726e-02,1.70610095e-01,1.75258054e-01,2.06072879e-01,2.42197197e-01,2.20702838e-01,2.87727828e-01,2.25979590e-01,3.16010741e-01
7.10000000e+00,1.05871170e-01,9.50180684e-02,1.68930726e-01,1.73609782e-01,2.04052199e-01,2.40297534e-01,2.18542408e-01,2.85751745e-01,2.23768909e-01,3.14015260e-01
7.12000000e+00,1.04823287e-01,9.39433991e-02,1.67267596e-01,1.71976658e-01,2.02050868e-01,2.38413441e-01,2.16402576e-01,2.83790639e-01,2.21579271e-01,3.12034207e-01
7.14000000e+00,1.03785681e-01,9.28799597e-02,1.65620554e-01,1.70358548e-01,2.00068712e-01,2.36544781e-01,2.14283157e-01,2.81844383e-01,2.19410490e-01,3.10067459e-01
7.16000000e+00,1.02758255e-01,9.18276460e-02,1.63989454e-01,1.68755318e-01,1.98105558e-01,2.34691422e-01,2.12183971e-01,2.79912851e-01,2.17262379e-01,3.08114899e-01
7.18000000e+00,1.01740911e-01,9.07863543e-02,1.62374146e-01,1.67166835e-01,1.96161235e-01,2.32853232e-01,2.10104837e-01,2.77995918e-01,2.15134756e-01,3.06176407e-01
7.20000000e+00,1.00733553e-01,8.97559819e-02,1.60774486e-01,1.65592968e-01,1.94235573e-01,2.31030079e-01,2.08045575e-01,2.76093461e-01,2.13027438e-01,3.04251865e-01
7.22000000e+00,9.97360846e-02,8.87364270e-02,1.59190328e-01,1.64033585e-01,1.92328402e-01,2.29221834e-01,2.06006009e-01,2.74205358e-01,2.10940245e-01,3.02341158e-01
7.24000000e+00,9.87484110e-02,8.77275882e-02,1.57621528e-01,1.62488559e-01,1.90439557e-01,2.27428368e-01,2.03985960e-01,2.72331487e-01,2.08872996e-01,3.00444170e-01
7.26000000e+00,9.77704382e-02,8.67293652e-02,1.56067944e-01,1.60957761e-01,1.88568869e-01,2.25649554e-01,2.01985255e-01,2.70471729e-01,2.06825514e-01,2.98560788e-01
7.28000000e+00,9.68020732e-02,8.57416584e-02,1.54529434e-01,1.59441063e-01,1.86716175e-01,2.23885265e-01,2.00003720e-01,2.68625965e-01,2.04797622e-01,2.96690898e-01
7.30000000e+00,9.58432235e-02,8.47643687e-02,1.53005859e-01,1.57938340e-01,1.84881311e-01,2.22135377e-01,1.98041181e-01,2.66794076e-01,2.02789143e-01,2.94834389e-01
7.32000000e+00,9.48937977e-02,8.37973981e-02,1.51497078e-01,1.56449467e-01,1.83064114e-01,2.20399765e-01,1.96097468e-01,2.64975948e-01,2.00799903e-01,2.92991150e-01
7.34000000e+00,9.39537051e-02,8.28406493e-02,1.50002955e-01,1.54974320e-01,1.81264423e-01,2.18678307e-01,1.94172410e-01,2.63171464e-01,1.98829730e-01,2.91161071e-01
7.36000000e+00,9.30228558e-02,8.18940256e-02,1.48523352e-01,1.53512776e-01,1.79482079e-01,2.16970880e-01,1.92265839e-01,2.61380509e-01,1.96878450e-01,2.89344043e-01
7.38000000e+00,9.21011609e-02,8.09574311e-02,1.47058133e-01,1.52064714e-01,1.77716923e-01,2.15277366e-01,1.90377587e-01,2.59602972e-01,1.94945895e-01,2.87539960e-01
7.40000000e+00,9.11885321e-02,8.00307707e-02,1.45607164e-01,1.50630012e-01,1.75968797e-01,2.13597643e-01,1.88507488e-01,2.57838739e-01,1.93031894e-01,2.85748715e-01
7.42000000e+00,9.02848820e-02,7.91139501e-02,1.44170312e-01,1.49208552e-01,1.74237545e-01,2.11931595e-01,1.86655378e-01,2.56087699e-01,1.91136280e-01,2.83970201e-01
7.44000000e+00,8.93901239e-02,7.82068756e-02,1.42747445e-01,1.47800214e-01,1.72523013e-01,2.10279102e-01,1.84821092e-01,2.54349743e-01,1.89258886e-01,2.82204316e-01
7.46000000e+00,8.85041720e-02,7.73094542e-02,1.41338430e-01,1.46404881e-01,1.70825046e-01,2.08640051e-01,1.83004469e-01,2.52624761e-01,1.87399547e-01,2.80450954e-01
7.48000000e+00,8.76269414e-02,7.64215939e-02,1.39943139e-01,1.45022436e-01,1.69143493e-01,2.07014324e-01,1.81205347e-01,2.50912646e-01,1.85558098e-01,2.78710014e-01
7.50000000e+00,8.67583476e-02,7.55432032e-02,1.38561442e-01,1.43652764e-01,1.67478202e-01,2.05401808e-01,1.79423566e-01,2.49213290e-01,1.83734377e-01,2.76981394e-01
7.52000000e+00,8.58983072e-02,7.46741913e-02,1.37193211e-01,1.42295750e-01,1.65829022e-01,2.03802391e-01,1.77658968e-01,2.47526587e-01,1.81928221e-01,2.75264994e-01
7.54000000e+00,8.50467375e-02,7.38144684e-02,1.35838320e-01,1.40951280e-01,1.64195806e-01,2.02215960e-01,1.75911396e-01,2.45852433e-01,1.80139472e-01,2.73560714e-01
7.56000000e+00,8.42035566e-02,7.29639450e-02,1.34496643e-01,1.39619243e-01,1.62578406e-01,2.00642403e-01,1.74180693e-01,2.44190724e-01,1.78367968e-01,2.71868455e-01
7.58000000e+00,8.33686831e-02,7.21225327e-02,1.33168055e-01,1.38299525e-01,1.60976675e-01,1.99081612e-01,1.72466704e-01,2.42541356e-01,1.76613554e-01,2.70188119e-01
7.60000000e+00,8.25420366e-02,7.12901437e-02,1.31852433e-01,1.36992017e-01,1.59390468e-01,1.97533478e-01,1.70769277e-01,2.40904227e-01,1.74876072e-01,2.68519611e-01
7.62000000e+00,8.17235375e-02,7.04666906e-02,1.30549654e-01,1.35696608e-01,1.57819641e-01,1.95997891e-01,1.69088257e-01,2.39279237e-01,1.73155366e-01,2.66862833e-01
7.64000000e+00,8.09131067e-02,6.96520873e-02,1.29259596e-01,1.34413190e-01,1.56264051e-01,1.94474746e-01,1.67423495e-01,2.37666285e-01,1.71451283e-01,2.65217691e-01
7.66000000e+00,8.01106659e-02,6.88462478e-02,1.27982141e-01,1.33141655e-01,1.54723557e-01,1.92963936e-01,1.65774841e-01,2.36065271e-01,1.69763670e-01,2.63584091e-01
7.68000000e+00,7.93161377e-02,6.80490872e-02,1.26717167e-01,1.31881896e-01,1.53198017e-01,1.91465356e-01,1.64142145e-01,2.34476099e-01,1.68092375e-01,2.61961939e-01
7.70000000e+00,7.85294453e-02,6.72605212e-02,1.25464557e-01,1.30633807e-01,1.51687293e-01,1.89978902e-01,1.62525260e-01,2.32898669e-01,1.66437248e-01,2.60351144e-01
7.72000000e+00,7.77505124e-02,6.64804660e-02,1.24224193e-01,1.29397284e-01,1.50191247e-01,1.88504471e-01,1.60924039e-01,2.31332887e-01,1.64798139e-01,2.58751613e-01
7.74000000e+00,7.69792638e-02,6.57088387e-02,1.22995960e-01,1.28172220e-01,1.48709741e-01,1.87041961e-01,1.59338338e-01,2.29778655e-01,1.63174900e-01,2.57163256e-01
7.76000000e+00,7.62156248e-02,6.49455571e-02,1.21779742e-01,1.26958514e-01,1.47242640e-01,1.85591270e-01,1.57768012e-01,2.28235880e-01,1.61567385e-01,2.55585984e-01
7.78000000e+00,7.54595214e-02,6.41905395e-02,1.20575425e-01,1.25756064e-01,1.45789808e-01,1.84152298e-01,1.56212919e-01,2.26704467e-01,1.59975447e-01,2.54019707e-01
7.80000000e+00,7.47108802e-02,6.34437050e-02,1.19382895e-01,1.24564766e-01,1.44351112e-01,1.82724946e-01,1.54672917e-01,2.25184324e-01,1.58398943e-01,2.52464338e-01
7.82000000e+00,7.39696287e-02,6.27049733e-02,1.18202041e-01,1.23384522e-01,1.42926420e-01,1.81309114e-01,1.53147866e-01,2.23675359e-01,1.56837729e-01,2.50919788e-01
7.84000000e+00,7.32356949e-02,6.19742649e-02,1.17032750e-01,1.22215231e-01,1.41515601e-01,1.79904706e-01,1.51637626e-01,2.22177479e-01,1.55291663e-01,2.49385973e-01
7.86000000e+00,7.25090076e-02,6.12515007e-02,1.15874914e-01,1.21056793e-01,1.40118523e-01,1.78511624e-01,1.50142058e-01,2.20690596e-01,1.53760603e-01,2.47862804e-01
7.88000000e+00,7.17894962e-02,6.05366026e-02,1.14728422e-01,1.19909113e-01,1.38735058e-01,1.77129773e-01,1.48661027e-01,2.19214618e-01,1.52244411e-01,2.46350199e-01
7.90000000e+00,7.10770907e-02,5.98294930e-02,1.13593167e-01,1.18772091e-01,1.37365078e-01,1.75759057e-01,1.47194396e-01,2.17749458e-01,1.50742948e-01,2.44848073e-01
7.92000000e+00,7.03717219e-02,5.91300948e-02,1.12469040e-01,1.17645631e-01,1.36008455e-01,1.74399382e-01,1.45742030e-01,2.16295028e-01,1.49256075e-01,2.43356342e-01
7.94000000e+00,6.96733211e-02,5.84383317e-02,1.11355936e-01,1.16529639e-01,1.34665065e-01,1.73050655e-01,1.44303797e-01,2.14851239e-01,1.47783658e-01,2.41874924e-01
7.96000000e+00,6.89818205e-02,5.77541281e-02,1.10253750e-01,1.15424020e-01,1.33334781e-01,1.71712783e-01,1.42879562e-01,2.13418006e-01,1.46325560e-01,2.40403738e-01
7.98000000e+00,6.82971525e-02,5.70774090e-02,1.09162375e-01,1.14328679e-01,1.32017480e-01,1.70385675e-01,1.41469196e-01,2.11995244e-01,1.44881647e-01,2.38942701e-01
8.00000000e+00,6.76192506e-02,5.64080999e-02,1.08081710e-01,1.13243524e-01,1.30713041e-01,1.69069239e-01,1.40072567e-01,2.10582867e-01,1.43451788e-01,2.37491734e-01
8.02000000e+00,6.69480486e-02,5.57461271e-02,1.07011652e-01,1.12168462e-01,1.29421340e-01,1.67763386e-01,1.38689547e-01,2.09180792e-01,1.42035849e-01,2.36050758e-01
8.04000000e+00,6.62834812e-02,5.50914175e-02,1.05952098e-01,1.11103402e-01,1.28142257e-01,1.66468026e-01,1.37320008e-01,2.07788934e-01,1.40633700e-01,2.34619693e-01
8.06000000e+00,6.56254834e-02,5.44438985e-02,1.04902947e-01,1.10048253e-01,1.26875674e-01,1.65183071e-01,1.35963822e-01,2.06407212e-01,1.39245212e-01,2.33198461e-01
8.08000000e+00,6.49739911e-02,5.38034984e-02,1.03864101e-01,1.09002927e-01,1.25621470e-01,1.63908433e-01,1.34620864e-01,2.05035545e-01,1.37870255e-01,2.31786984e-01
8.10000000e+00,6.43289407e-02,5.31701457e-02,1.02835460e-01,1.07967332e-01,1.24379530e-01,1.62644025e-01,1.33291009e-01,2.03673849e-01,1.36508704e-01,2.30385187e-01
8.12000000e+00,6.36902692e-02,5.25437699e-02,1.01816926e-01,1.06941382e-01,1.23149736e-01,1.61389762e-01,1.31974134e-01,2.02322047e-01,1.35160431e-01,2.28992993e-01
8.14000000e+00,6.30579141e-02,5.19243009e-02,1.00808401e-01,1.05924989e-01,1.21931973e-01,1.60145557e-01,1.30670115e-01,2.00980057e-01,1.33825311e-01,2.27610327e-01
8.16000000e+00,6.24318136e-02,5.13116692e-02,9.98097900e-02,1.04918065e-01,1.20726127e-01,1.58911327e-01,1.29378831e-01,1.99647802e-01,1.32503220e-01,2.26237114e-01
8.18000000e+00,6.18119066e-02,5.07058061e-02,9.88209967e-02,1.03920526e-01,1.19532085e-01,1.57686987e-01,1.28100162e-01,1.98325202e-01,1.31194035e-01,2.24873280e-01
8.20000000e+00,6.11981323e-02,5.01066434e-02,9.78419268e-02,1.02932286e-01,1.18349733e-01,1.56472454e-01,1.26833987e-01,1.97012181e-01,1.29897634e-01,2.23518751e-01
8.22000000e+00,6.05904308e-02,4.95141133e-02,9.68724864e-02,1.01953260e-01,1.17178960e-01,1.55267646e-01,1.25580189e-01,1.95708662e-01,1.28613896e-01,2.22173456e-01
8.24000000e+00,5.99887424e-02,4.89281488e-02,9.59125828e-02,1.00983365e-01,1.16019657e-01,1.54072482e-01,1.24338651e-01,1.94414568e-01,1.27342701e-01,2.20837322e-01
8.26000000e+00,5.93930084e-02,4.83486834e-02,9.49621239e-02,1.00022517e-01,1.14871713e-01,1.52886879e-01,1.23109255e-01,1.93129825e-01,1.26083930e-01,2.19510278e-01
8.28000000e+00,5.88031703e-02,4.77756513e-02,9.40210185e-02,9.90706347e-02,1.13735021e-01,1.51710760e-01,1.21891886e-01,1.91854357e-01,1.24837465e-01,2.18192253e-01
8.30000000e+00,5.82191702e-02,4.72089872e-02,9.30891764e-02,9.81276363e-02,1.12609472e-01,1.50544043e-01,1.20686431e-01,1.90588091e-01,1.23603190e-01,2.16883177e-01
8.32000000e+00,5.76409511e-02,4.66486263e-02,9.21665079e-02,9.71934409e-02,1.11494960e-01,1.49386650e-01,1.19492775e-01,1.89330953e-01,1.22380989e-01,2.15582981e-01
8.34000000e+00,5.70684561e-02,4.60945046e-02,9.12529244e-02,9.62679684e-02,1.10391380e-01,1.48238503e-01,1.18310806e-01,1.88082871e-01,1.21170746e-01,2.14291596e-01
8.36000000e+00,5.65016291e-02,4.55465583e-02,9.03483379e-02,9.53511395e-02,1.09298627e-01,1.47099525e-01,1.17140413e-01,1.86843772e-01,1.19972349e-01,2.13008953e-01
8.38000000e+00,5.59404144e-02,4.50047245e-02,8.94526616e-02,9.44428753e-02,1.08216596e-01,1.45969638e-01,1.15981486e-01,1.85613584e-01,1.18785685e-01,2.11734985e-01
8.40000000e+00,5.53847570e-02,4.44689408e-02,8.85658090e-02,9.35430978e-02,1.07145186e-01,1.44848768e-01,1.14833915e-01,1.84392239e-01,1.17610640e-01,2.10469625e-01
8.42000000e+00,5.48346023e-02,4.39391451e-02,8.76876947e-02,9.26517298e-02,1.06084295e-01,1.43736838e-01,1.13697591e-01,1.83179664e-01,1.16447106e-01,2.09212807e-01
8.44000000e+00,5.42898962e-02,4.34152762e-02,8.68182340e-02,9.17686945e-02,1.05033821e-01,1.42633775e-01,1.12572408e-01,1.81975790e-01,1.15294972e-01,2.07964464e-01
8.46000000e+00,5.37505853e-02,4.28972733e-02,8.59573431e-02,9.08939160e-02,1.03993664e-01,1.41539503e-01,1.11458258e-01,1.80780549e-01,1.14154129e-01,2.06724532e-01
8.48000000e+00,5.32166165e-02,4.23850761e-02,8.51049388e-02,9.00273189e-02,1.02963726e-01,1.40453950e-01,1.10355036e-01,1.79593873e-01,1.13024470e-01,2.05492946e-01
8.50000000e+00,5.26879373e-02,4.18786249e-02,8.42609387e-02,8.91688286e-02,1.01943908e-01,1.39377043e-01,1.09262638e-01,1.78415693e-01,1.11905887e-01,2.04269642e-01
8.52000000e+00,5.21644957e-02,4.13778605e-02,8.34252614e-02,8.83183712e-02,1.00934112e-01,1.38308710e-01,1.08180960e-01,1.77245942e-01,1.10798274e-01,2.03054556e-01
8.54000000e+00,5.16462402e-02,4.08827243e-02,8.25978259e-02,8.74758732e-02,9.99342432e-02,1.37248879e-01,1.07109898e-01,1.76084554e-01,1.09701527e-01,2.01847626e-01
8.56000000e+00,5.11331199e-02,4.03931581e-02,8.17785522e-02,8.66412619e-02,9.89442047e-02,1.36197480e-01,1.06049352e-01,1.74931463e-01,1.08615541e-01,2.00648788e-01
8.58000000e+00,5.06250842e-02,3.99091044e-02,8.09673610e-02,8.58144655e-02,9.79639022e-02,1.35154442e-01,1.04999220e-01,1.73786603e-01,1.07540214e-01,1.99457982e-01
8.60000000e+00,5.01220830e-02,3.94305061e-02,8.01641737e-02,8.49954123e-02,9.69932419e-02,1.34119696e-01,1.03959402e-01,1.72649911e-01,1.06475442e-01,1.98275145e-01
8.62000000e+00,4.96240670e-02,3.89573066e-02,7.93689124e-02,8.41840317e-02,9.60321306e-02,1.33093173e-01,1.02929799e-01,1.71521321e-01,1.05421126e-01,1.97100218e-01
8.64000000e+00,4.91309869e-02,3.84894500e-02,7.85815001e-02,8.33802534e-02,9.50804762e-02,1.32074805e-01,1.01910313e-01,1.70400769e-01,1.04377164e-01,1.95933139e-01
8.66000000e+00,4.86427942e-02,3.80268807e-02,7.78018602e-02,8.25840080e-02,9.41381875e-02,1.31064523e-01,1.00900847e-01,1.69288194e-01,1.03343457e-01,1.94773849e-01
8.68000000e+00,4.81594408e-02,3.75695438e-02,7.70299173e-02,8.17952265e-02,9.32051740e-02,1.30062262e-01,9.99013038e-02,1.68183532e-01,1.02319906e-01,1.93622289e-01
8.70000000e+00,4.76808790e-02,3.71173846e-02,7.62655961e-02,8.10138406e-02,9.22813460e-02,1.29067953e-01,9.89115882e-02,1.67086721e-01,1.01306414e-01,1.92478401e-01
8.72000000e+00,4.72070617e-02,3.66703492e-02,7.55088226e-02,8.02397826e-02,9.13666147e-02,1.28081532e-01,9.79316055e-02,1.65997699e-01,1.00302884e-01,1.91342125e-01
8.74000000e+00,4.67379420e-02,3.62283841e-02,7.47595231e-02,7.94729855e-02,9.04608922e-02,1.27102933e-01,9.69612618e-02,1.64916407e-01,9.93092193e-02,1.90213405e-01
8.76000000e+00,4.62734738e-02,3.57914363e-02,7.40176248e-02,7.87133826e-02,8.95640911e-02,1.26132090e-01,9.60004643e-02,1.63842783e-01,9.83253260e-02,1.89092183e-01
8.78000000e+00,4.58136112e-02,3.53594532e-02,7.32830554e-02,7.79609081e-02,8.86761252e-02,1.25168940e-01,9.50491206e-02,1.62776768e-01,9.73511095e-02,1.87978402e-01
8.80000000e+00,4.53583087e-02,3.49323829e-02,7.25557434e-02,7.72154966e-02,8.77969088e-02,1.24213419e-01,9.41071397e-02,1.61718302e-01,9.63864764e-02,1.86872007e-01
8.82000000e+00,4.49075215e-02,3.45101738e-02,7.18356180e-02,7.64770834e-02,8.69263572e-02,1.23265464e-01,9.31744309e-02,1.60667327e-01,9.54313343e-02,1.85772942e-01
8.84000000e+00,4.44612050e-02,3.40927747e-02,7.11226091e-02,7.57456042e-02,8.60643864e-02,1.22325013e-01,9.22509048e-02,1.59623783e-01,9.44855915e-02,1.84681151e-01
8.86000000e+00,4.40193151e-02,3.36801351e-02,7.04166471e-02,7.50209956e-02,8.52109130e-02,1.21392002e-01,9.13364725e-02,1.58587614e-01,9.35491573e-02,1.83596580e-01
8.88000000e+00,4.35818082e-02,3.32722050e-02,6.97176632e-02,7.43031944e-02,8.43658547e-02,1.20466372e-01,9.04310460e-02,1.57558762e-01,9.26219417e-02,1.82519175e-01
8.90000000e+00,4.31486411e-02,3.28689345e-02,6.90255891e-02,7.35921382e-02,8.35291297e-02,1.19548060e-01,8.95345382e-02,1.56537170e-01,9.17038556e-02,1.81448881e-01
8.92000000e+00,4.27197709e-02,3.24702745e-02,6.83403574e-02,7.28877650e-02,8.27006572e-02,1.18637006e-01,8.86468627e-02,1.55522782e-01,9.07948107e-02,1.80385646e-01
8.94000000e+00,4.22951552e-02,3.20761764e-02,6.76619011e-02,7.21900134e-02,8.18803569e-02,1.17733151e-01,8.77679340e-02,1.54515542e-01,8.98947195e-02,1.79329416e-01
8.96000000e+00,4.18747521e-02,3.16865918e-02,6.69901540e-02,7.14988227e-02,8.10681495e-02,1.16836435e-01,8.68976672e-02,1.53515394e-01,8.90034953e-02,1.78280140e-01
8.98000000e+00,4.14585200e-02,3.13014728e-02,6.63250503e-02,7.08141325e-02,8.02639561e-02,1.15946799e-01,8.60359785e-02,1.52522284e-01,8.81210523e-02,1.77237764e-01
9.00000000e+00,4.10464176e-02,3.09207722e-02,6.56665252e-02,7.01358830e-02,7.94676990e-02,1.15064185e-01,8.51827846e-02,1.51536158e-01,8.72473053e-02,1.76202238e-01
9.02000000e+00,4.06384043e-02,3.05444431e-02,6.50145140e-02,6.94640151e-02,7.86793007e-02,1.14188535e-01,8.43380030e-02,1.50556961e-01,8.63821701e-02,1.75173511e-01
9.04000000e+00,4.02344397e-02,3.01724388e-02,6.43689532e-02,6.87984701e-02,7.78986850e-02,1.13319791e-01,8.35015521e-02,1.49584639e-01,8.55255631e-02,1.74151532e-01
9.06000000e+00,3.98344837e-02,2.98047135e-02,6.37297795e-02,6.81391897e-02,7.71257758e-02,1.12457898e-01,8.26733510e-02,1.48619141e-01,8.46774016e-02,1.73136250e-01
9.08000000e+00,3.94384969e-02,2.94412215e-02,6.30969303e-02,6.74861164e-02,7.63604983e-02,1.11602797e-01,8.18533195e-02,1.47660413e-01,8.38376036e-02,1.72127616e-01
9.10000000e+00,3.90464399e-02,2.90819177e-02,6.24703436e-02,6.68391930e-02,7.56027779e-02,1.10754434e-01,8.10413782e-02,1.46708403e-01,8.30060878e-02,1.71125581e-01
9.12000000e+00,3.86582739e-02,2.87267572e-02,6.18499581e-02,6.61983628e-02,7.48525411e-02,1.09912753e-01,8.02374485e-02,1.45763060e-01,8.21827740e-02,1.70130095e-01
9.14000000e+00,3.82739606e-02,2.83756959e-02,6.12357129e-02,6.55635699e-02,7.41097149e-02,1.09077700e-01,7.94414524e-02,1.44824331e-01,8.13675822e-02,1.69141111e-01
9.16000000e+00,3.78934618e-02,2.80286898e-02,6.06275478e-02,6.49347584e-02,7.33742269e-02,1.08249219e-01,7.86533127e-02,1.43892168e-01,8.05604336e-02,1.68158579e-01
9.18000000e+00,3.75167399e-02,2.76856955e-02,6.00254032e-02,6.43118734e-02,7.26460056e-02,1.07427257e-01,7.78729530e-02,1.42966518e-01,7.97612500e-02,1.67182453e-01
9.20000000e+00,3.71437575e-02,2.73466699e-02,5.94292199e-02,6.36948602e-02,7.19249801e-02,1.06611760e-01,7.71002974e-02,1.42047332e-01,7.89699538e-02,1.66212684e-01
9.22000000e+00,3.67744777e-02,2.70115705e-02,5.88389396e-02,6.30836646e-02,7.12110800e-02,1.05802676e-01,7.63352710e-02,1.41134562e-01,7.81864682e-02,1.65249227e-01
9.24000000e+00,3.64088638e-02,2.66803549e-02,5.82545042e-02,6.24782330e-02,7.05042357e-02,1.04999951e-01,7.55777993e-02,1.40228156e-01,7.74107173e-02,1.64292033e-01
9.26000000e+00,3.60468796e-02,2.63529814e-02,5.76758563e-02,6.18785122e-02,6.98043784e-02,1.04203534e-01,7.48278088e-02,1.39328068e-01,7.66426257e-02,1.63341059e-01
9.28000000e+00,3.56884892e-02,2.60294086e-02,5.71029391e-02,6.12844496e-02,6.91114398e-02,1.03413373e-01,7.40852264e-02,1.38434248e-01,7.58821187e-02,1.62396257e-01
9.30000000e+00,3.53336571e-02,2.57095954e-02,5.65356962e-02,6.06959929e-02,6.84253521e-02,1.02629416e-01,7.33499800e-02,1.37546649e-01,7.51291224e-02,1.61457582e-01
9.32000000e+00,3.49823481e-02,2.53935013e-02,5.59740721e-02,6.01130903e-02,6.77460484e-02,1.01851613e-01,7.26219978e-02,1.36665223e-01,7.43835637e-02,1.60524989e-01
9.34000000e+00,3.46345273e-02,2.50810860e-02,5.54180113e-02,5.95356905e-02,6.70734624e-02,1.01079914e-01,7.19012091e-02,1.35789923e-01,7.36453698e-02,1.59598434e-01
9.36000000e+00,3.42901603e-02,2.47723098e-02,5.48674593e-02,5.89637428e-02,6.64075283e-02,1.00314269e-01,7.11875436e-02,1.34920703e-01,7.29144691e-02,1.58677873e-01
9.38000000e+00,3.39492128e-02,2.44671332e-02,5.43223618e-02,5.83971967e-02,6.57481810e-02,9.95546272e-02,7.04809316e-02,1.34057517e-01,7.21907902e-02,1.57763261e-01
9.40000000e+00,3.36116510e-02,2.41655171e-02,5.37826653e-02,5.78360023e-02,6.50953560e-02,9.88009407e-02,6.97813043e-02,1.33200318e-01,7.14742628e-02,1.56854555e-01
9.42000000e+00,3.32774414e-02,2.38674228e-02,5.32483165e-02,5.72801101e-02,6.44489894e-02,9.80531607e-02,6.90885934e-02,1.32349060e-01,7.07648169e-02,1.55951713e-01
9.44000000e+00,3.29465509e-02,2.35728122e-02,5.27192630e-02,5.67294712e-02,6.38090180e-02,9.73112388e-02,6.84027313e-02,1.31503700e-01,7.00623833e-02,1.55054690e-01
9.46000000e+00,3.26189466e-02,2.32816472e-02,5.21954525e-02,5.61840369e-02,6.31753791e-02,9.65751273e-02,6.77236510e-02,1.30664192e-01,6.93668936e-02,1.54163445e-01
9.48000000e+00,3.22945959e-02,2.29938904e-02,5.16768335e-02,5.56437590e-02,6.25480106e-02,9.58447788e-02,6.70512861e-02,1.29830491e-01,6.86782799e-02,1.53277936e-01
9.50000000e+00,3.19734667e-02,2.27095045e-02,5.11633549e-02,5.51085898e-02,6.19268511e-02,9.51201462e-02,6.63855710e-02,1.29002555e-01,6.79964748e-02,1.52398122e-01
9.52000000e+00,3.16555271e-02,2.24284528e-02,5.06549660e-02,5.45784821e-02,6.13118397e-02,9.44011830e-02,6.57264406e-02,1.28180338e-01,6.73214119e-02,1.51523959e-01
9.54000000e+00,3.13407455e-02,2.21506987e-02,5.01516168e-02,5.40533890e-02,6.07029160e-02,9.36878429e-02,6.50738304e-02,1.27363799e-01,6.66530252e-02,1.50655408e-01
9.56000000e+00,3.10290905e-02,2.18762064e-02,4.96532576e-02,5.35332640e-02,6.01000204e-02,9.29800803e-02,6.44276765e-02,1.26552893e-01,6.59912492e-02,1.49792429e-01
9.58000000e+00,3.07205313e-02,2.16049399e-02,4.91598393e-02,5.30180612e-02,5.95030938e-02,9.22778496e-02,6.37879156e-02,1.25747580e-01,6.53360194e-02,1.48934979e-01
9.60000000e+00,3.04150373e-02,2.13368640e-02,4.86713131e-02,5.25077348e-02,5.89120774e-02,9.15811058e-02,6.31544853e-02,1.24947815e-01,6.46872715e-02,1.48083021e-01
9.62000000e+00,3.01125779e-02,2.10719436e-02,4.81876309e-02,5.20022397e-02,5.83269133e-02,9.08898044e-02,6.25273233e-02,1.24153558e-01,6.40449422e-02,1.47236513e-01
9.64000000e+00,2.98131233e-02,2.08101440e-02,4.77087450e-02,5.15015311e-02,5.77475440e-02,9.02039010e-02,6.19063683e-02,1.23364767e-01,6.34089684e-02,1.46395417e-01
9.66000000e+00,2.95166435e-02,2.05514310e-02,4.72346080e-02,5.10055646e-02,5.71739127e-02,8.95233518e-02,6.12915594e-02,1.22581402e-01,6.27792880e-02,1.45559693e-01
9.68000000e+00,2.92231092e-02,2.02957705e-02,4.67651731e-02,5.05142963e-02,5.66059629e-02,8.88481133e-02,6.06828363e-02,1.21803420e-01,6.21558393e-02,1.44729303e-01
9.70000000e+00,2.89324912e-02,2.00431290e-02,4.63003940e-02,5.00276825e-02,5.60436387e-02,8.81781423e-02,6.00801392e-02,1.21030782e-01,6.15385611e-02,1.43904208e-01
9.72000000e+00,2.86447605e-02,1.97934730e-02,4.58402247e-02,4.95456800e-02,5.54868850e-02,8.75133961e-02,5.94834092e-02,1.20263448e-01,6.09273929e-02,1.43084371e-01
9.74000000e+00,2.83598885e-02,1.95467696e-02,4.53846198e-02,4.90682460e-02,5.49356470e-02,8.68538323e-02,5.88925875e-02,1.19501377e-01,6.03222748e-02,1.42269753e-01
9.76000000e+00,2.80778470e-02,1.93029862e-02,4.49335343e-02,4.85953382e-02,5.43898703e-02,8.61994088e-02,5.83076162e-02,1.18744531e-01,5.97231474e-02,1.41460317e-01
9.78000000e+00,2.77986079e-02,1.90620905e-02,4.44869236e-02,4.81269144e-02,5.38495014e-02,8.55500840e-02,5.77284378e-02,1.17992871e-01,5.91299519e-02,1.40656026e-01
9.80000000e+00,2.75221434e-02,1.88240505e-02,4.40447434e-02,4.76629330e-02,5.33144870e-02,8.49058165e-02,5.71549955e-02,1.17246356e-01,5.85426301e-02,1.39856842e-01
9.82000000e+00,2.72484260e-02,1.85888345e-02,4.36069501e-02,4.72033528e-02,5.27847744e-02,8.42665653e-02,5.65872329e-02,1.16504950e-01,5.79611244e-02,1.39062731e-01
9.84000000e+00,2.69774284e-02,1.83564112e-02,4.31735005e-02,4.67481327e-02,5.22603115e-02,8.36322899e-02,5.60250941e-02,1.15768614e-01,5.73853775e-02,1.38273654e-01
9.86000000e+00,2.67091238e-02,1.81267495e-02,4.27443515e-02,4.62972324e-02,5.17410466e-02,8.30029499e-02,5.54685239e-02,1.15037309e-01,5.68153330e-02,1.37489577e-01
9.88000000e+00,2.64434853e-02,1.78998187e-02,4.23194607e-02,4.58506116e-02,5.12269285e-02,8.23785055e-02,5.49174676e-02,1.14310999e-01,5.62509347e-02,1.36710463e-01
9.90000000e+00,2.61804867e-02,1.76755884e-02,4.18987862e-02,4.54082305e-02,5.07179065e-02,8.17589169e-02,5.43718709e-02,1.13589647e-01,5.56921273e-02,1.35936277e-01
9.92000000e+00,2.59201016e-02,1.74540286e-02,4.14822862e-02,4.49700496e-02,5.02139305e-02,8.11441450e-02,5.38316801e-02,1.12873214e-01,5.51388557e-02,1.35166984e-01
9.94000000e+00,2.56623042e-02,1.72351094e-02,4.10699195e-02,4.45360299e-02,4.97149508e-02,8.05341508e-02,5.32968422e-02,1.12161665e-01,5.45910655e-02,1.34402549e-01
9.96000000e+00,2.54070689e-02,1.70188013e-02,4.06616453e-02,4.41061327e-02,4.92209182e-02,7.99288956e-02,5.27673043e-02,1.11454964e-01,5.40487029e-02,1.33642938e-01
9.98000000e+00,2.51543702e-02,1.68050753e-02,4.02574231e-02,4.36803195e-02,4.87317838e-02,7.93283413e-02,5.22430143e-02,1.10753074e-01,5.35117144e-02,1.32888117e-01
1.00000000e+01,2.49041829e-02,1.65939023e-02,3.98572130e-02,4.32585524e-02,4.82474995e-02,7.87324499e-02,5.17239207e-02,1.10055959e-01,5.29800471e-02,1.32138050e-01
