D,Num_s0.05,New_s0.05,Num_s0.10,New_s0.10,Num_s0.15,New_s0.15,Num_s0.20,New_s0.20,Num_s0.25,New_s0.25
2.00000000e-02,3.45050169e+01,3.47501762e+01,4.49376869e+01,4.50098418e+01,5.06188799e+01,5.08242409e+01,5.47620854e+01,5.48505345e+01,5.74723361e+01,5.79150332e+01
4.00000000e-02,2.82832905e+01,2.82596884e+01,3.66610331e+01,3.64529443e+01,4.11736598e+01,4.10553783e+01,4.44431360e+01,4.42237735e+01,4.65721792e+01,4.66245622e+01
6.00000000e-02,2.48612163e+01,2.47696465e+01,3.21169307e+01,3.18496013e+01,3.59939539e+01,3.57974560e+01,3.87893547e+01,3.85021632e+01,4.06035915e+01,4.05441751e+01
8.00000000e-02,2.24887968e+01,2.23977609e+01,2.89720546e+01,2.87226111e+01,3.24131093e+01,3.22266054e+01,3.48840949e+01,3.46171505e+01,3.64832644e+01,3.64163028e+01
1.00000000e-01,2.06760345e+01,2.06067164e+01,2.65730796e+01,2.63636644e+01,2.96844733e+01,2.95343545e+01,3.19107096e+01,3.16893433e+01,3.33478891e+01,3.33066467e+01
1.20000000e-01,1.92129321e+01,1.91704283e+01,2.46400136e+01,2.44743164e+01,2.74880593e+01,2.73797064e+01,2.95192182e+01,2.93475479e+01,3.08274899e+01,3.08205991e+01
1.40000000e-01,1.79894919e+01,1.79730559e+01,2.30261981e+01,2.29014667e+01,2.56562620e+01,2.55875807e+01,2.75263068e+01,2.74010584e+01,2.87282815e+01,2.87553252e+01
1.60000000e-01,1.69407166e+01,1.69475193e+01,2.16449742e+01,2.15563663e+01,2.40900472e+01,2.40564112e+01,2.58236611e+01,2.57391850e+01,2.69357637e+01,2.69930467e+01
1.80000000e-01,1.60249418e+01,1.60515638e+01,2.04407941e+01,2.03830580e+01,2.27259359e+01,2.27221185e+01,2.43418556e+01,2.42920601e+01,2.53765473e+01,2.54593959e+01
2.00000000e-01,1.52138368e+01,1.52568779e+01,1.93758878e+01,1.93440191e+01,2.15207667e+01,2.15417093e+01,2.30336866e+01,2.30127884e+01,2.40007349e+01,2.41044430e+01
2.20000000e-01,1.44872524e+01,1.45435737e+01,1.84233943e+01,1.84128721e+01,2.04438456e+01,2.04849460e+01,2.18655868e+01,2.18683775e+01,2.27728443e+01,2.28930521e+01
2.40000000e-01,1.38303425e+01,1.38971480e+01,1.75635232e+01,1.75703691e+01,1.94725590e+01,1.95297551e+01,2.08128268e+01,2.08347361e+01,2.16667365e+01,2.17995617e+01
2.60000000e-01,1.32318508e+01,1.33066975e+01,1.67812703e+01,1.68020327e+01,1.85897635e+01,1.86595280e+01,1.98566601e+01,1.98937334e+01,2.06625969e+01,2.08046564e+01
2.80000000e-01,1.26830383e+01,1.27638166e+01,1.60649881e+01,1.60966965e+01,1.77821515e+01,1.78614512e+01,1.89825355e+01,1.90313791e+01,1.97450463e+01,1.98934301e+01
3.00000000e-01,1.21769844e+01,1.22618863e+01,1.54054530e+01,1.54455645e+01,1.70391860e+01,1.71254288e+01,1.81789323e+01,1.82366487e+01,1.89019085e+01,1.90541352e+01
3.20000000e-01,1.17081143e+01,1.17955991e+01,1.47952366e+01,1.48415819e+01,1.63523811e+01,1.64433621e+01,1.74365727e+01,1.75006973e+01,1.81233789e+01,1.82773469e+01
3.40000000e-01,1.12718716e+01,1.13606325e+01,1.42282674e+01,1.42790014e+01,1.57148020e+01,1.58086526e+01,1.67478757e+01,1.68163185e+01,1.74014462e+01,1.75553856e+01
3.60000000e-01,1.08644840e+01,1.09534174e+01,1.36995200e+01,1.37530773e+01,1.51207090e+01,1.52158513e+01,1.61065672e+01,1.61775609e+01,1.67294809e+01,1.68819093e+01
3.80000000e-01,1.04827933e+01,1.05709718e+01,1.32047874e+01,1.32598438e+01,1.45652978e+01,1.46604046e+01,1.55073963e+01,1.55794513e+01,1.61019349e+01,1.62516184e+01
4.00000000e-01,1.01241288e+01,1.02107771e+01,1.27405127e+01,1.27959518e+01,1.40445072e+01,1.41384668e+01,1.49459246e+01,1.50177896e+01,1.55141189e+01,1.56600375e+01
4.20000000e-01,9.78621202e+00,9.87068617e+00,1.23036618e+01,1.23585459e+01,1.35548732e+01,1.36467598e+01,1.44183669e+01,1.44889958e+01,1.49620344e+01,1.51033522e+01
4.40000000e-01,9.46708342e+00,9.54885278e+00,1.18916259e+01,1.19451714e+01,1.30934179e+01,1.31824653e+01,1.39214695e+01,1.39899924e+01,1.44422443e+01,1.45782839e+01
4.60000000e-01,9.16504553e+00,9.24367727e+00,1.15021455e+01,1.15537017e+01,1.26575624e+01,1.27431421e+01,1.34524153e+01,1.35181142e+01,1.39517734e+01,1.40819930e+01
4.80000000e-01,8.87861828e+00,8.95376394e+00,1.11332509e+01,1.11822816e+01,1.22450591e+01,1.23266610e+01,1.30087492e+01,1.30710366e+01,1.34880289e+01,1.36120039e+01
5.00000000e-01,8.60650337e+00,8.67788729e+00,1.07832149e+01,1.08292829e+01,1.18539373e+01,1.19311534e+01,1.25883190e+01,1.26467199e+01,1.30487381e+01,1.31661442e+01
5.20000000e-01,8.34755572e+00,8.41496504e+00,1.04505143e+01,1.04932676e+01,1.14824597e+01,1.15549698e+01,1.21892277e+01,1.22433642e+01,1.26318980e+01,1.27424971e+01
5.40000000e-01,8.10076031e+00,8.16403631e+00,1.01337993e+01,1.01729600e+01,1.11290868e+01,1.11966467e+01,1.18097947e+01,1.18593724e+01,1.22357346e+01,1.23393625e+01
5.60000000e-01,7.86521318e+00,7.92424383e+00,9.83186830e+00,9.86722200e+00,1.07924484e+01,1.08548791e+01,1.14485245e+01,1.14933209e+01,1.18586692e+01,1.19552251e+01
5.80000000e-01,7.64010587e+00,7.69481931e+00,9.54364679e+00,9.57503422e+00,1.04713199e+01,1.05284984e+01,1.11040803e+01,1.11439354e+01,1.14992910e+01,1.15887283e+01
6.00000000e-01,7.42471239e+00,7.47507136e+00,9.26817028e+00,9.29547969e+00,1.01646018e+01,1.02164537e+01,1.07752628e+01,1.08100698e+01,1.11563344e+01,1.12386531e+01
6.20000000e-01,7.21837844e+00,7.26437532e+00,9.00456975e+00,9.02773040e+00,9.87130406e+00,9.91779634e+00,1.04609919e+01,1.04906902e+01,1.08286599e+01,1.09038992e+01
6.40000000e-01,7.02051226e+00,7.06216487e+00,8.75205957e+00,8.77103600e+00,9.59053176e+00,9.63166701e+00,1.01602916e+01,1.01848599e+01,1.05152377e+01,1.05834706e+01
6.60000000e-01,6.83057692e+00,6.86792479e+00,8.50992713e+00,8.52471427e+00,9.32147337e+00,9.35728465e+00,9.87227693e+00,9.89172794e+00,1.02151346e+01,1.02764624e+01
6.80000000e-01,6.64808376e+00,6.68118491e+00,8.27752416e+00,8.28814298e+00,9.06339086e+00,9.09393716e+00,9.59614348e+00,9.61051882e+00,9.92750213e+00,9.98205013e+00
7.00000000e-01,6.47258684e+00,6.50151493e+00,8.05425926e+00,8.06075301e+00,8.81561107e+00,8.84097348e+00,9.33115756e+00,9.34052357e+00,9.65156672e+00,9.69948028e+00
7.20000000e-01,6.30367801e+00,6.32851991e+00,7.83959141e+00,7.84202234e+00,8.57751847e+00,8.59779667e+00,9.07664849e+00,9.08109243e+00,9.38662135e+00,9.42806244e+00
7.40000000e-01,6.14098289e+00,6.16183648e+00,7.63302453e+00,7.63147099e+00,8.34854875e+00,8.36385809e+00,8.83200157e+00,8.83162836e+00,9.13201809e+00,9.16716239e+00
7.60000000e-01,5.98415715e+00,6.00112948e+00,7.43410260e+00,7.42865652e+00,8.12818336e+00,8.13865225e+00,8.59665208e+00,8.59158146e+00,8.88716185e+00,8.91619613e+00
7.80000000e-01,5.83288345e+00,5.84608905e+00,7.24240552e+00,7.23317021e+00,7.91594476e+00,7.92171236e+00,8.37008010e+00,8.36044413e+00,8.65150481e+00,8.67462472e+00
8.00000000e-01,5.68686870e+00,5.69642814e+00,7.05754544e+00,7.04463365e+00,7.71139221e+00,7.71260647e+00,8.15180592e+00,8.13774679e+00,8.42454163e+00,8.44194970e+00
8.20000000e-01,5.54584162e+00,5.55188026e+00,6.87916361e+00,6.86269581e+00,7.51411817e+00,7.51093404e+00,7.94138608e+00,7.92305416e+00,8.20580525e+00,8.21770921e+00
8.40000000e-01,5.40955068e+00,5.41219754e+00,6.70692752e+00,6.68703043e+00,7.32374503e+00,7.31632298e+00,7.73840980e+00,7.71596201e+00,7.99486312e+00,8.00147440e+00
8.60000000e-01,5.27776221e+00,5.27714901e+00,6.54052843e+00,6.51733370e+00,7.13992234e+00,7.12842698e+00,7.54249597e+00,7.51609428e+00,7.79131398e+00,7.79284642e+00
8.80000000e-01,5.15025877e+00,5.14651908e+00,6.37967922e+00,6.35332226e+00,6.96232425e+00,6.94692320e+00,7.35329033e+00,7.32310047e+00,7.59478496e+00,7.59145368e+00
9.00000000e-01,5.02683766e+00,5.02010616e+00,6.22411237e+00,6.19473139e+00,6.79064732e+00,6.77151015e+00,7.17046306e+00,7.13665343e+00,7.40492898e+00,7.39694938e+00
9.20000000e-01,4.90730968e+00,4.89772151e+00,6.07357830e+00,6.04131338e+00,6.62460852e+00,6.60190589e+00,6.99370667e+00,6.95644730e+00,7.22142248e+00,7.20900943e+00
9.40000000e-01,4.79149790e+00,4.77918809e+00,5.92784376e+00,5.89283612e+00,6.46394348e+00,6.43784635e+00,6.82273397e+00,6.78219571e+00,7.04396338e+00,7.02733047e+00
9.60000000e-01,4.67923667e+00,4.66433967e+00,5.78669050e+00,5.74908178e+00,6.30840490e+00,6.27908383e+00,6.65727642e+00,6.61363018e+00,6.87226927e+00,6.85162817e+00
9.80000000e-01,4.57037066e+00,4.55301990e+00,5.64991399e+00,5.60984571e+00,6.15776113e+00,6.12538573e+00,6.49708258e+00,6.45049866e+00,6.70607573e+00,6.68163564e+00
1.00000000e+00,4.46475406e+00,4.44508158e+00,5.51732233e+00,5.47493533e+00,6.01179489e+00,5.97653331e+00,6.34191666e+00,6.29256419e+00,6.54513491e+00,6.51710213e+00
1.02000000e+00,4.36224978e+00,4.34038591e+00,5.38873523e+00,5.34416924e+00,5.87030217e+00,5.83232061e+00,6.19155732e+00,6.13960378e+00,6.38921417e+00,6.35779166e+00
1.04000000e+00,4.26272880e+00,4.23880192e+00,5.26398311e+00,5.21737639e+00,5.73309111e+00,5.69255351e+00,6.04579651e+00,5.99140732e+00,6.23809490e+00,6.20348197e+00
1.06000000e+00,4.16606955e+00,4.14020582e+00,5.14290627e+00,5.09439526e+00,5.59998115e+00,5.55704882e+00,5.90443848e+00,5.84777659e+00,6.09157145e+00,6.05396347e+00
1.08000000e+00,4.07215734e+00,4.04448052e+00,5.02535417e+00,4.97507318e+00,5.47080212e+00,5.42563349e+00,5.76729879e+00,5.70852444e+00,5.94945012e+00,5.90903829e+00
1.10000000e+00,3.98088387e+00,3.95151515e+00,4.91118474e+00,4.85926572e+00,5.34539349e+00,5.29814387e+00,5.63420354e+00,5.57347393e+00,5.81154828e+00,5.76851945e+00
1.12000000e+00,3.89214675e+00,3.86120464e+00,4.80026374e+00,4.74683611e+00,5.22360370e+00,5.17442507e+00,5.50498856e+00,5.44245766e+00,5.67769358e+00,5.63223006e+00
1.14000000e+00,3.80584909e+00,3.77344928e+00,4.69246426e+00,4.63765468e+00,5.10528945e+00,5.05433034e+00,5.37949872e+00,5.31531710e+00,5.54772320e+00,5.50000269e+00
1.16000000e+00,3.72189914e+00,3.68815440e+00,4.58766615e+00,4.53159841e+00,4.99031519e+00,4.93772050e+00,5.25758730e+00,5.19190193e+00,5.42148318e+00,5.37167862e+00
1.18000000e+00,3.64020988e+00,3.60523003e+00,4.48575559e+00,4.42855046e+00,4.87855253e+00,4.82446347e+00,5.13911538e+00,5.07206959e+00,5.29882779e+00,5.24710733e+00
1.20000000e+00,3.56069876e+00,3.52459057e+00,4.38662464e+00,4.32839980e+00,4.76987978e+00,4.71443376e+00,5.02395137e+00,4.95568465e+00,5.17961898e+00,5.12614594e+00
1.22000000e+00,3.48328736e+00,3.44615455e+00,4.29017085e+00,4.23104083e+00,4.66418152e+00,4.60751211e+00,4.91197045e+00,4.84261845e+00,5.06372587e+00,5.00865869e+00
1.24000000e+00,3.40790115e+00,3.36984434e+00,4.19629693e+00,4.13637300e+00,4.56134814e+00,4.50358500e+00,4.80305415e+00,4.73274862e+00,4.95102428e+00,4.89451652e+00
1.26000000e+00,3.33446922e+00,3.29558594e+00,4.10491038e+00,4.04430054e+00,4.46127550e+00,4.40254439e+00,4.69708997e+00,4.62595866e+00,4.84139625e+00,4.78359661e+00
1.28000000e+00,3.26292408e+00,3.22330874e+00,4.01592319e+00,3.95473216e+00,4.36386456e+00,4.30428732e+00,4.59397092e+00,4.52213766e+00,4.73472971e+00,4.67578204e+00
1.30000000e+00,3.19320139e+00,3.15294531e+00,3.92925157e+00,3.86758074e+00,4.26902109e+00,4.20871562e+00,4.49359526e+00,4.42117986e+00,4.63091804e+00,4.57096136e+00
1.32000000e+00,3.12523985e+00,3.08443126e+00,3.84481571e+00,3.78276315e+00,4.17665534e+00,4.11573561e+00,4.39586612e+00,4.32298442e+00,4.52985978e+00,4.46902835e+00
1.34000000e+00,3.05898093e+00,3.01770499e+00,3.76253949e+00,3.70019997e+00,4.08668176e+00,4.02525788e+00,4.30069119e+00,4.22745509e+00,4.43145828e+00,4.36988164e+00
1.36000000e+00,2.99436876e+00,2.95270761e+00,3.68235030e+00,3.61981527e+00,3.99901879e+00,3.93719698e+00,4.20798251e+00,4.13449996e+00,4.33562143e+00,4.27342445e+00
1.38000000e+00,2.93134996e+00,2.88938274e+00,3.60417880e+00,3.54153645e+00,3.91358860e+00,3.85147127e+00,4.11765615e+00,4.04403119e+00,4.24226138e+00,4.17956433e+00
1.40000000e+00,2.86987350e+00,2.82767636e+00,3.52795877e+00,3.46529403e+00,3.83031684e+00,3.76800262e+00,4.02963198e+00,3.95596480e+00,4.15129430e+00,4.08821292e+00
1.42000000e+00,2.80989055e+00,2.76753675e+00,3.45362688e+00,3.39102149e+00,3.74913249e+00,3.68671628e+00,3.94383348e+00,3.87022046e+00,4.06264012e+00,3.99928571e+00
1.44000000e+00,2.75135437e+00,2.70891428e+00,3.38112258e+00,3.31865510e+00,3.66996766e+00,3.60754068e+00,3.86018751e+00,3.78672127e+00,3.97622234e+00,3.91270182e+00
1.46000000e+00,2.69422020e+00,2.65176137e+00,3.31038790e+00,3.24813375e+00,3.59275739e+00,3.53040724e+00,3.77862414e+00,3.70539359e+00,3.89196782e+00,3.82838382e+00
1.48000000e+00,2.63844514e+00,2.59603232e+00,3.24136734e+00,3.17939887e+00,3.51743949e+00,3.45525023e+00,3.69907643e+00,3.62616684e+00,3.80980660e+00,3.74625753e+00
1.50000000e+00,2.58398803e+00,2.54168328e+00,3.17400771e+00,3.11239424e+00,3.44395442e+00,3.38200661e+00,3.62148032e+00,3.54897337e+00,3.72967169e+00,3.66625188e+00
1.52000000e+00,2.53080942e+00,2.48867211e+00,3.10825803e+00,3.04706590e+00,3.37224512e+00,3.31061590e+00,3.54577442e+00,3.47374831e+00,3.65149896e+00,3.58829870e+00
1.54000000e+00,2.47887141e+00,2.43695829e+00,3.04406938e+00,2.98336202e+00,3.30225688e+00,3.24102004e+00,3.47189992e+00,3.40042938e+00,3.57522695e+00,3.51233259e+00
1.56000000e+00,2.42813760e+00,2.38650290e+00,2.98139484e+00,2.92123281e+00,3.23393722e+00,3.17316327e+00,3.39980041e+00,3.32895680e+00,3.50079675e+00,3.43829079e+00
1.58000000e+00,2.37857303e+00,2.33726845e+00,2.92018933e+00,2.86063041e+00,3.16723578e+00,3.10699201e+00,3.32942177e+00,3.25927317e+00,3.42815183e+00,3.36611303e+00
1.60000000e+00,2.33014407e+00,2.28921889e+00,2.86040957e+00,2.80150877e+00,3.10210421e+00,3.04245478e+00,3.26071206e+00,3.19132333e+00,3.35723797e+00,3.29574143e+00
1.62000000e+00,2.28281839e+00,2.24231950e+00,2.80201395e+00,2.74382361e+00,3.03849603e+00,2.97950205e+00,3.19362140e+00,3.12505423e+00,3.28800310e+00,3.22712035e+00
1.64000000e+00,2.23656486e+00,2.19653684e+00,2.74496246e+00,2.68753232e+00,2.97636662e+00,2.91808620e+00,3.12810186e+00,3.06041489e+00,3.22039720e+00,3.16019631e+00
1.66000000e+00,2.19135354e+00,2.15183870e+00,2.68921662e+00,2.63259385e+00,2.91567303e+00,2.85816138e+00,3.06410738e+00,2.99735623e+00,3.15437221e+00,3.09491785e+00
1.68000000e+00,2.14715555e+00,2.10819402e+00,2.63473938e+00,2.57896867e+00,2.85637397e+00,2.79968346e+00,3.00159367e+00,2.93583106e+00,3.08988192e+00,3.03123548e+00
1.70000000e+00,2.10394309e+00,2.06557284e+00,2.58149509e+00,2.52661871e+00,2.79842970e+00,2.74260993e+00,2.94051810e+00,2.87579389e+00,3.02688188e+00,2.96910155e+00
1.72000000e+00,2.06168936e+00,2.02394628e+00,2.52944940e+00,2.47550724e+00,2.74180195e+00,2.68689984e+00,2.88083966e+00,2.81720096e+00,2.96532934e+00,2.90847019e+00
1.74000000e+00,2.02036851e+00,1.98328647e+00,2.47856920e+00,2.42559887e+00,2.68645387e+00,2.63251372e+00,2.82251886e+00,2.76001007e+00,2.90518311e+00,2.84929721e+00
1.76000000e+00,1.97995560e+00,1.94356650e+00,2.42882260e+00,2.37685946e+00,2.63234995e+00,2.57941351e+00,2.76551766e+00,2.70418057e+00,2.84640356e+00,2.79154003e+00
1.78000000e+00,1.94042656e+00,1.90476039e+00,2.38017881e+00,2.32925605e+00,2.57945597e+00,2.52756252e+00,2.70979940e+00,2.64967325e+00,2.78895248e+00,2.73515761e+00
1.80000000e+00,1.90175814e+00,1.86684304e+00,2.33260815e+00,2.28275685e+00,2.52773890e+00,2.47692534e+00,2.65532874e+00,2.59645032e+00,2.73279307e+00,2.68011037e+00
1.82000000e+00,1.86392790e+00,1.82979022e+00,2.28608198e+00,2.23733116e+00,2.47716691e+00,2.42746780e+00,2.60207162e+00,2.54447528e+00,2.67788983e+00,2.62636014e+00
1.84000000e+00,1.82691415e+00,1.79357849e+00,2.24057263e+00,2.19294933e+00,2.42770927e+00,2.37915691e+00,2.54999516e+00,2.49371296e+00,2.62420853e+00,2.57387009e+00
1.86000000e+00,1.79069592e+00,1.75818519e+00,2.19605338e+00,2.14958271e+00,2.37933632e+00,2.33196082e+00,2.49906763e+00,2.44412935e+00,2.57171614e+00,2.52260469e+00
1.88000000e+00,1.75525295e+00,1.72358843e+00,2.15249842e+00,2.10720362e+00,2.33201941e+00,2.28584876e+00,2.44925841e+00,2.39569165e+00,2.52038078e+00,2.47252961e+00
1.90000000e+00,1.72056562e+00,1.68976701e+00,2.10988281e+00,2.06578529e+00,2.28573086e+00,2.24079100e+00,2.40053791e+00,2.34836816e+00,2.47017166e+00,2.42361171e+00
1.92000000e+00,1.68661496e+00,1.65670043e+00,2.06818244e+00,2.02530186e+00,2.24044393e+00,2.19675880e+00,2.35287757e+00,2.30212827e+00,2.42105906e+00,2.37581899e+00
1.94000000e+00,1.65338261e+00,1.62436884e+00,2.02737396e+00,1.98572831e+00,2.19613277e+00,2.15372438e+00,2.30624978e+00,2.25694236e+00,2.37301425e+00,2.32912052e+00
1.96000000e+00,1.62085079e+00,1.59275304e+00,1.98743483e+00,1.94704041e+00,2.15277237e+00,2.11166088e+00,2.26062783e+00,2.21278182e+00,2.32600947e+00,2.28348640e+00
1.98000000e+00,1.58900229e+00,1.56183443e+00,1.94834320e+00,1.90921475e+00,2.11033856e+00,2.07054233e+00,2.21598591e+00,2.16961899e+00,2.28001788e+00,2.23888773e+00
2.00000000e+00,1.55782041e+00,1.53159499e+00,1.91007793e+00,1.87222865e+00,2.06880793e+00,2.03034356e+00,2.17229907e+00,2.12742711e+00,2.23501351e+00,2.19529656e+00
2.02000000e+00,1.52728901e+00,1.50201727e+00,1.87261856e+00,1.83606016e+00,2.02815784e+00,1.99104026e+00,2.12954313e+00,2.08618027e+00,2.19097126e+00,2.15268585e+00
2.04000000e+00,1.49739239e+00,1.47308435e+00,1.83594526e+00,1.80068801e+00,1.98836636e+00,1.95260888e+00,2.08769471e+00,2.04585343e+00,2.14786683e+00,2.11102946e+00
2.06000000e+00,1.46811538e+00,1.44477985e+00,1.80003881e+00,1.76609161e+00,1.94941225e+00,1.91502661e+00,2.04673117e+00,2.00642232e+00,2.10567668e+00,2.07030207e+00
2.08000000e+00,1.43944323e+00,1.41708787e+00,1.76488061e+00,1.73225101e+00,1.91127493e+00,1.87827136e+00,2.00663060e+00,1.96786347e+00,2.06437805e+00,2.03047917e+00
2.10000000e+00,1.41136164e+00,1.38999300e+00,1.73045259e+00,1.69914688e+00,1.87393448e+00,1.84232174e+00,1.96737173e+00,1.93015414e+00,2.02394887e+00,1.99153705e+00
2.12000000e+00,1.38385674e+00,1.36348029e+00,1.69673726e+00,1.66676048e+00,1.83737156e+00,1.80715702e+00,1.92893401e+00,1.89327229e+00,1.98436777e+00,1.95345273e+00
2.14000000e+00,1.35691506e+00,1.33753526e+00,1.66371764e+00,1.63507363e+00,1.80156745e+00,1.77275713e+00,1.89129746e+00,1.85719659e+00,1.94561403e+00,1.91620396e+00
2.16000000e+00,1.33052352e+00,1.31214382e+00,1.63137727e+00,1.60406872e+00,1.76650397e+00,1.73910257e+00,1.85444276e+00,1.82190635e+00,1.90766759e+00,1.87976918e+00
2.18000000e+00,1.30466942e+00,1.28729233e+00,1.59970015e+00,1.57372866e+00,1.73216349e+00,1.70617448e+00,1.81835114e+00,1.78738152e+00,1.87050896e+00,1.84412748e+00
2.20000000e+00,1.27934042e+00,1.26296754e+00,1.56867076e+00,1.54403687e+00,1.69852891e+00,1.67395456e+00,1.78300442e+00,1.75360268e+00,1.83411928e+00,1.80925863e+00
2.22000000e+00,1.25452453e+00,1.23915658e+00,1.53827406e+00,1.51497727e+00,1.66558364e+00,1.64242503e+00,1.74838493e+00,1.72055097e+00,1.79848022e+00,1.77514298e+00
2.24000000e+00,1.23021010e+00,1.21584696e+00,1.50849539e+00,1.48653425e+00,1.63331155e+00,1.61156868e+00,1.71447554e+00,1.68820813e+00,1.76357402e+00,1.74176151e+00
2.26000000e+00,1.20638581e+00,1.19302654e+00,1.47932055e+00,1.45869266e+00,1.60169701e+00,1.58136879e+00,1.68125962e+00,1.65655641e+00,1.72938342e+00,1.70909573e+00
2.28000000e+00,1.18304063e+00,1.17068354e+00,1.45073573e+00,1.43143778e+00,1.57072480e+00,1.55180914e+00,1.64872102e+00,1.62557863e+00,1.69589169e+00,1.67712775e+00
2.30000000e+00,1.16016385e+00,1.14880650e+00,1.42272750e+00,1.40475534e+00,1.54038017e+00,1.52287398e+00,1.61684405e+00,1.59525808e+00,1.66308254e+00,1.64584019e+00
2.32000000e+00,1.13774506e+00,1.12738431e+00,1.39528282e+00,1.37863145e+00,1.51064878e+00,1.49454804e+00,1.58561348e+00,1.56557856e+00,1.63094021e+00,1.61521617e+00
2.34000000e+00,1.11577411e+00,1.10640614e+00,1.36838900e+00,1.35305265e+00,1.48151666e+00,1.46681645e+00,1.55501451e+00,1.53652435e+00,1.59944933e+00,1.58523933e+00
2.36000000e+00,1.09424114e+00,1.08586149e+00,1.34203370e+00,1.32800585e+00,1.45297027e+00,1.43966482e+00,1.52503273e+00,1.50808017e+00,1.56859500e+00,1.55589379e+00
2.38000000e+00,1.07313654e+00,1.06574013e+00,1.31620492e+00,1.30347831e+00,1.42499643e+00,1.41307913e+00,1.49565416e+00,1.48023118e+00,1.53836273e+00,1.52716411e+00
2.40000000e+00,1.05245096e+00,1.04603212e+00,1.29089099e+00,1.27945769e+00,1.39758232e+00,1.38704579e+00,1.46686521e+00,1.45296300e+00,1.50873843e+00,1.49903530e+00
2.42000000e+00,1.03217529e+00,1.02672780e+00,1.26608054e+00,1.25593196e+00,1.37071547e+00,1.36155156e+00,1.43865265e+00,1.42626161e+00,1.47970841e+00,1.47149283e+00
2.44000000e+00,1.01230066e+00,1.00781778e+00,1.24176252e+00,1.23288944e+00,1.34438373e+00,1.33658361e+00,1.41100361e+00,1.40011343e+00,1.45125934e+00,1.44452254e+00
2.46000000e+00,9.92818434e-01,9.89292891e-01,1.21792615e+00,1.21031876e+00,1.31857532e+00,1.31212944e+00,1.38390557e+00,1.37450523e+00,1.42337826e+00,1.41811072e+00
2.48000000e+00,9.73720191e-01,9.71144251e-01,1.19456095e+00,1.18820890e+00,1.29327873e+00,1.28817693e+00,1.35734636e+00,1.34942419e+00,1.39605257e+00,1.39224399e+00
2.50000000e+00,9.54997727e-01,9.53363198e-01,1.17165672e+00,1.16654909e+00,1.26848277e+00,1.26471425e+00,1.33131412e+00,1.32485780e+00,1.36926999e+00,1.36690941e+00
2.52000000e+00,9.36643043e-01,9.35941304e-01,1.14920350e+00,1.14532888e+00,1.24417655e+00,1.24172994e+00,1.30579731e+00,1.30079395e+00,1.34301859e+00,1.34209435e+00
2.54000000e+00,9.18648344e-01,9.18870366e-01,1.12719161e+00,1.12453812e+00,1.22034946e+00,1.21921283e+00,1.28078469e+00,1.27722081e+00,1.31728674e+00,1.31778655e+00
2.56000000e+00,9.01006028e-01,9.02142400e-01,1.10561161e+00,1.10416690e+00,1.19699116e+00,1.19715207e+00,1.25626532e+00,1.25412692e+00,1.29206312e+00,1.29397411e+00
2.58000000e+00,8.83708681e-01,8.85749629e-01,1.08445430e+00,1.08420560e+00,1.17409158e+00,1.17553708e+00,1.23222855e+00,1.23150112e+00,1.26733670e+00,1.27064541e+00
2.60000000e+00,8.66749074e-01,8.69684482e-01,1.06371070e+00,1.06464484e+00,1.15164092e+00,1.15435758e+00,1.20866398e+00,1.20933253e+00,1.24309675e+00,1.24778919e+00
2.62000000e+00,8.50120152e-01,8.53939586e-01,1.04337207e+00,1.04547550e+00,1.12962960e+00,1.13360358e+00,1.18556150e+00,1.18761060e+00,1.21933280e+00,1.22539447e+00
2.64000000e+00,8.33815034e-01,8.38507758e-01,1.02342989e+00,1.02668869e+00,1.10804830e+00,1.11326534e+00,1.16291126e+00,1.16632505e+00,1.19603466e+00,1.20345059e+00
2.66000000e+00,8.17827002e-01,8.23382003e-01,1.00387583e+00,1.00827578e+00,1.08688795e+00,1.09333337e+00,1.14070364e+00,1.14546586e+00,1.17319241e+00,1.18194716e+00
2.68000000e+00,8.02149503e-01,8.08555503e-01,9.84701795e-01,9.90228333e-01,1.06613967e+00,1.07379845e+00,1.11892927e+00,1.12502330e+00,1.15079634e+00,1.16087408e+00
2.70000000e+00,7.86776138e-01,7.94021617e-01,9.65899861e-01,9.72538148e-01,1.04579482e+00,1.05465160e+00,1.09757901e+00,1.10498788e+00,1.12883703e+00,1.14022150e+00
2.72000000e+00,7.71700660e-01,7.79773871e-01,9.47462308e-01,9.55197237e-01,1.02584497e+00,1.03588407e+00,1.07664396e+00,1.08535037e+00,1.10730526e+00,1.11997986e+00
2.74000000e+00,7.56916971e-01,7.65805959e-01,9.29381603e-01,9.38197814e-01,1.00628190e+00,1.01748733e+00,1.05611543e+00,1.06610179e+00,1.08619207e+00,1.10013983e+00
2.76000000e+00,7.42419114e-01,7.52111730e-01,9.11650391e-01,9.21532296e-01,9.87097588e-01,9.99453093e-01,1.03598495e+00,1.04723339e+00,1.06548869e+00,1.08069234e+00
2.78000000e+00,7.28201272e-01,7.38685192e-01,8.94261493e-01,9.05193291e-01,9.68284194e-01,9.81773267e-01,1.01624423e+00,1.02873662e+00,1.04518659e+00,1.06162854e+00
2.80000000e+00,7.14257762e-01,7.25520498e-01,8.77207900e-01,8.89173598e-01,9.49834078e-01,9.64439976e-01,9.96885223e-01,1.01060321e+00,1.02527743e+00,1.04293983e+00
2.82000000e+00,7.00583032e-01,7.12611953e-01,8.60482768e-01,8.73466198e-01,9.31739780e-01,9.47445546e-01,9.77900038e-01,9.92825037e-01,1.00575307e+00,1.02461782e+00
2.84000000e+00,6.87171658e-01,6.99953998e-01,8.44079413e-01,8.58064247e-01,9.13994016e-01,9.30782497e-01,9.59280992e-01,9.75394239e-01,9.86605588e-01,1.00665434e+00
2.86000000e+00,6.74018340e-01,6.87541214e-01,8.27991308e-01,8.42961074e-01,8.96589674e-01,9.14443539e-01,9.41020581e-01,9.58303128e-01,9.67827229e-01,9.89041436e-01
2.88000000e+00,6.61117896e-01,6.75368317e-01,8.12212076e-01,8.28150177e-01,8.79519807e-01,8.98421567e-01,9.23111477e-01,9.41544220e-01,9.49410432e-01,9.71771352e-01
2.90000000e+00,6.48465263e-01,6.63430148e-01,7.96735488e-01,8.13625214e-01,8.62777633e-01,8.82709655e-01,9.05546525e-01,9.25110219e-01,9.31347812e-01,9.54836529e-01
2.92000000e+00,6.36055491e-01,6.51721680e-01,7.81555456e-01,7.99379999e-01,8.46356525e-01,8.67301049e-01,8.88318737e-01,9.08994014e-01,9.13632159e-01,9.38229602e-01
2.94000000e+00,6.23883741e-01,6.40238003e-01,7.66666031e-01,7.85408502e-01,8.30250008e-01,8.52189165e-01,8.71421287e-01,8.93188671e-01,8.96256429e-01,9.21943392e-01
2.96000000e+00,6.11945279e-01,6.28974329e-01,7.52061400e-01,7.71704840e-01,8.14451758e-01,8.37367583e-01,8.54847508e-01,8.77687432e-01,8.79213745e-01,9.05970899e-01
2.98000000e+00,6.00235480e-01,6.17925985e-01,7.37735881e-01,7.58263274e-01,7.98955592e-01,8.22830041e-01,8.38590884e-01,8.62483706e-01,8.62497385e-01,8.90305300e-01
3.00000000e+00,5.88749816e-01,6.07088410e-01,7.23683918e-01,7.45078204e-01,7.83755471e-01,8.08570431e-01,8.22645050e-01,8.47571066e-01,8.46100783e-01,8.74939943e-01
3.02000000e+00,5.77483861e-01,5.96457154e-01,7.09900080e-01,7.32144168e-01,7.68845489e-01,7.94582795e-01,8.07003784e-01,8.32943244e-01,8.30017525e-01,8.59868338e-01
3.04000000e+00,5.66433285e-01,5.86027870e-01,6.96379056e-01,7.19455836e-01,7.54219874e-01,7.80861323e-01,7.91661007e-01,8.18594125e-01,8.14241340e-01,8.45084160e-01
3.06000000e+00,5.55593852e-01,5.75796317e-01,6.83115654e-01,7.07008007e-01,7.39872983e-01,7.67400344e-01,7.76610774e-01,8.04517746e-01,7.98766100e-01,8.30581235e-01
3.08000000e+00,5.44961417e-01,5.65758354e-01,6.70104793e-01,6.94795603e-01,7.25799297e-01,7.54194325e-01,7.61847275e-01,7.90708288e-01,7.83585814e-01,8.16353546e-01
3.10000000e+00,5.34531924e-01,5.55909937e-01,6.57341507e-01,6.82813669e-01,7.11993421e-01,7.41237868e-01,7.47364829e-01,7.77160076e-01,7.68694626e-01,8.02395219e-01
3.12000000e+00,5.24301405e-01,5.46247118e-01,6.44820935e-01,6.71057368e-01,6.98450078e-01,7.28525704e-01,7.33157881e-01,7.63867569e-01,7.54086811e-01,7.88700525e-01
3.14000000e+00,5.14265974e-01,5.36766041e-01,6.32538322e-01,6.59521979e-01,6.85164105e-01,7.16052690e-01,7.19220998e-01,7.50825363e-01,7.39756769e-01,7.75263872e-01
3.16000000e+00,5.04421830e-01,5.27462940e-01,6.20489018e-01,6.48202891e-01,6.72130454e-01,7.03813807e-01,7.05548866e-01,7.38028182e-01,7.25699024e-01,7.62079807e-01
3.18000000e+00,4.94765251e-01,5.18334138e-01,6.08668469e-01,6.37095603e-01,6.59344185e-01,6.91804155e-01,6.92136288e-01,7.25470878e-01,7.11908222e-01,7.49143005e-01
3.20000000e+00,4.85292594e-01,5.09376042e-01,5.97072221e-01,6.26195720e-01,6.46800464e-01,6.80018950e-01,6.78978181e-01,7.13148425e-01,6.98379122e-01,7.36448269e-01
3.22000000e+00,4.76000293e-01,5.00585142e-01,5.85695916e-01,6.15498948e-01,6.34494564e-01,6.68453521e-01,6.66069569e-01,7.01055915e-01,6.85106602e-01,7.23990528e-01
3.24000000e+00,4.66884854e-01,4.91958009e-01,5.74535284e-01,6.05001097e-01,6.22421855e-01,6.57103308e-01,6.53405585e-01,6.89188560e-01,6.72085647e-01,7.11764831e-01
3.26000000e+00,4.57942858e-01,4.83491293e-01,5.63586150e-01,5.94698070e-01,6.10577809e-01,6.45963858e-01,6.40981467e-01,6.77541683e-01,6.59311351e-01,6.99766344e-01
3.28000000e+00,4.49170956e-01,4.75181721e-01,5.52844423e-01,5.84585868e-01,5.98957993e-01,6.35030820e-01,6.28792553e-01,6.66110716e-01,6.46778914e-01,6.87990347e-01
3.30000000e+00,4.40565869e-01,4.67026095e-01,5.42306101e-01,5.74660584e-01,5.87558066e-01,6.24299948e-01,6.16834283e-01,6.54891199e-01,6.34483638e-01,6.76432232e-01
3.32000000e+00,4.32124385e-01,4.59021288e-01,5.31967262e-01,5.64918400e-01,5.76373782e-01,6.13767091e-01,6.05102189e-01,6.43878778e-01,6.22420925e-01,6.65087499e-01
3.34000000e+00,4.23843356e-01,4.51164245e-01,5.21824069e-01,5.55355586e-01,5.65400980e-01,6.03428196e-01,5.93591902e-01,6.33069198e-01,6.10586273e-01,6.53951753e-01
3.36000000e+00,4.15719701e-01,4.43451980e-01,5.11872761e-01,5.45968498e-01,5.54635589e-01,5.93279303e-01,5.82299142e-01,6.22458304e-01,5.98975277e-01,6.43020702e-01
3.38000000e+00,4.07750401e-01,4.35881576e-01,5.02109658e-01,5.36753575e-01,5.44073620e-01,5.83316544e-01,5.71219720e-01,6.12042036e-01,5.87583624e-01,6.32290154e-01
3.40000000e+00,3.99932498e-01,4.28450177e-01,4.92531153e-01,5.27707336e-01,5.33711170e-01,5.73536138e-01,5.60349532e-01,6.01816429e-01,5.76407089e-01,6.21756011e-01
3.42000000e+00,3.92263093e-01,4.21154996e-01,4.83133714e-01,5.18826379e-01,5.23544413e-01,5.63934392e-01,5.49684561e-01,5.91777609e-01,5.65441539e-01,6.11414275e-01
3.44000000e+00,3.84739348e-01,4.13993305e-01,4.73913881e-01,5.10107380e-01,5.13569603e-01,5.54507696e-01,5.39220873e-01,5.81921788e-01,5.54682923e-01,6.01261034e-01
3.46000000e+00,3.77358479e-01,4.06962437e-01,4.64868264e-01,5.01547089e-01,5.03783072e-01,5.45252522e-01,5.28954614e-01,5.72245268e-01,5.44127276e-01,5.91292471e-01
3.48000000e+00,3.70117760e-01,4.00059787e-01,4.55993542e-01,4.93142328e-01,4.94181225e-01,5.36165423e-01,5.18882012e-01,5.62744434e-01,5.33770713e-01,5.81504852e-01
3.50000000e+00,3.63014519e-01,3.93282803e-01,4.47286460e-01,4.84889992e-01,4.84760541e-01,5.27243027e-01,5.08999367e-01,5.53415751e-01,5.23609431e-01,5.71894531e-01
3.52000000e+00,3.56046136e-01,3.86628992e-01,4.38743832e-01,4.76787044e-01,4.75517570e-01,5.18482041e-01,4.99303059e-01,5.44255767e-01,5.13639702e-01,5.62457942e-01
3.54000000e+00,3.49210045e-01,3.80095918e-01,4.30362531e-01,4.68830516e-01,4.66448933e-01,5.09879243e-01,4.89789540e-01,5.35261106e-01,5.03857877e-01,5.53191602e-01
3.56000000e+00,3.42503731e-01,3.73681193e-01,4.22139496e-01,4.61017502e-01,4.57551318e-01,5.01431486e-01,4.80455332e-01,5.26428467e-01,4.94260377e-01,5.44092106e-01
3.58000000e+00,3.35924726e-01,3.67382486e-01,4.14071726e-01,4.53345166e-01,4.48821479e-01,4.93135690e-01,4.71297031e-01,5.17754626e-01,4.84843699e-01,5.35156125e-01
3.60000000e+00,3.29470614e-01,3.61197514e-01,4.06156280e-01,4.45810729e-01,4.40256235e-01,4.84988845e-01,4.62311297e-01,5.09236427e-01,4.75604410e-01,5.26380404e-01
3.62000000e+00,3.23139024e-01,3.55124046e-01,3.98390274e-01,4.38411476e-01,4.31852469e-01,4.76988008e-01,4.53494861e-01,5.00870787e-01,4.66539145e-01,5.17761762e-01
3.64000000e+00,3.16927633e-01,3.49159897e-01,3.90770884e-01,4.31144752e-01,4.23607128e-01,4.69130300e-01,4.44844516e-01,4.92654690e-01,4.57644607e-01,5.09297089e-01
3.66000000e+00,3.10834163e-01,3.43302931e-01,3.83295338e-01,4.24007957e-01,4.15517215e-01,4.61412906e-01,4.36357122e-01,4.84585188e-01,4.48917564e-01,5.00983343e-01
3.68000000e+00,3.04856381e-01,3.37551057e-01,3.75960922e-01,4.16998551e-01,4.07579795e-01,4.53833071e-01,4.28029598e-01,4.76659397e-01,4.40354849e-01,4.92817550e-01
3.70000000e+00,2.98992097e-01,3.31902229e-01,3.68764972e-01,4.10114048e-01,3.99791993e-01,4.46388103e-01,4.19858926e-01,4.68874497e-01,4.31953359e-01,4.84796800e-01
3.72000000e+00,2.93239163e-01,3.26354446e-01,3.61704878e-01,4.03352014e-01,3.92150985e-01,4.39075367e-01,4.11842148e-01,4.61227729e-01,4.23710051e-01,4.76918250e-01
3.74000000e+00,2.87595475e-01,3.20905749e-01,3.54778082e-01,3.96710071e-01,3.84654008e-01,4.31892286e-01,4.03976363e-01,4.53716395e-01,4.15621942e-01,4.69179117e-01
3.76000000e+00,2.82058967e-01,3.15554221e-01,3.47982073e-01,3.90185889e-01,3.77298350e-01,4.24836339e-01,3.96258728e-01,4.46337855e-01,4.07686109e-01,4.61576680e-01
3.78000000e+00,2.76627615e-01,3.10297986e-01,3.41314391e-01,3.83777190e-01,3.70081352e-01,4.17905058e-01,3.88686454e-01,4.39089527e-01,3.99899684e-01,4.54108277e-01
3.80000000e+00,2.71299433e-01,3.05135206e-01,3.34772622e-01,3.77481744e-01,3.63000408e-01,4.11096030e-01,3.81256809e-01,4.31968886e-01,3.92259858e-01,4.46771304e-01
3.82000000e+00,2.66072473e-01,3.00064085e-01,3.28354401e-01,3.71297369e-01,3.56052961e-01,4.04406893e-01,3.73967112e-01,4.24973460e-01,3.84763875e-01,4.39563212e-01
3.84000000e+00,2.60944826e-01,2.95082863e-01,3.22057406e-01,3.65221929e-01,3.49236505e-01,3.97835336e-01,3.66814736e-01,4.18100830e-01,3.77409034e-01,4.32481510e-01
3.86000000e+00,2.55914617e-01,2.90189818e-01,3.15879361e-01,3.59253335e-01,3.42548583e-01,3.91379098e-01,3.59797103e-01,4.11348630e-01,3.70192685e-01,4.25523758e-01
3.88000000e+00,2.50980011e-01,2.85383262e-01,3.09818035e-01,3.53389539e-01,3.35986783e-01,3.85035965e-01,3.52911686e-01,4.04714545e-01,3.63112230e-01,4.18687570e-01
3.90000000e+00,2.46139204e-01,2.80661546e-01,3.03871238e-01,3.47628540e-01,3.29548741e-01,3.78803770e-01,3.46156007e-01,3.98196308e-01,3.56165121e-01,4.11970611e-01
3.92000000e+00,2.41390428e-01,2.76023053e-01,2.98036821e-01,3.41968378e-01,3.23232138e-01,3.72680394e-01,3.39527635e-01,3.91791702e-01,3.49348861e-01,4.05370596e-01
3.94000000e+00,2.36731950e-01,2.71466200e-01,2.92312680e-01,3.36407132e-01,3.17034700e-01,3.66663761e-01,3.33024186e-01,3.85498556e-01,3.42660998e-01,3.98885288e-01
3.96000000e+00,2.32162068e-01,2.66989438e-01,2.86696746e-01,3.30942924e-01,3.10954197e-01,3.60751839e-01,3.26643321e-01,3.79314745e-01,3.36099130e-01,3.92512497e-01
3.98000000e+00,2.27679115e-01,2.62591249e-01,2.81186994e-01,3.25573914e-01,3.04988439e-01,3.54942640e-01,3.20382749e-01,3.73238189e-01,3.29660899e-01,3.86250082e-01
4.00000000e+00,2.23281452e-01,2.58270147e-01,2.75781435e-01,3.20298302e-01,2.99135280e-01,3.49234215e-01,3.14240218e-01,3.67266853e-01,3.23343993e-01,3.80095946e-01
4.02000000e+00,2.18967473e-01,2.54024676e-01,2.70478118e-01,3.15114323e-01,2.93392615e-01,3.43624660e-01,3.08213522e-01,3.61398743e-01,3.17146145e-01,3.74048034e-01
4.04000000e+00,2.14735604e-01,2.49853412e-01,2.65275129e-01,3.10020251e-01,2.87758378e-01,3.38112107e-01,3.02300497e-01,3.55631909e-01,3.11065129e-01,3.68104338e-01
4.06000000e+00,2.10584299e-01,2.45754957e-01,2.60170592e-01,3.05014394e-01,2.82230541e-01,3.32694729e-01,2.96499018e-01,3.49964440e-01,3.05098763e-01,3.62262889e-01
4.08000000e+00,2.06512041e-01,2.41727946e-01,2.55162663e-01,3.00095096e-01,2.76807118e-01,3.27370736e-01,2.90807003e-01,3.44394464e-01,2.99244906e-01,3.56521761e-01
4.10000000e+00,2.02517343e-01,2.37771038e-01,2.50249535e-01,2.95260735e-01,2.71486158e-01,3.22138376e-01,2.85222407e-01,3.38920151e-01,2.93501458e-01,3.50879069e-01
4.12000000e+00,1.98598744e-01,2.33882922e-01,2.45429436e-01,2.90509721e-01,2.66265746e-01,3.16995932e-01,2.79743225e-01,3.33539708e-01,2.87866358e-01,3.45332964e-01
4.14000000e+00,1.94754813e-01,2.30062313e-01,2.40700626e-01,2.85840500e-01,2.61144005e-01,3.11941724e-01,2.74367491e-01,3.28251376e-01,2.82337585e-01,3.39881639e-01
4.16000000e+00,1.90984144e-01,2.26307951e-01,2.36061397e-01,2.81251546e-01,2.56119093e-01,3.06974105e-01,2.69093274e-01,3.23053438e-01,2.76913155e-01,3.34523322e-01
4.18000000e+00,1.87285358e-01,2.22618602e-01,2.31510074e-01,2.76741367e-01,2.51189202e-01,3.02091463e-01,2.63918679e-01,3.17944206e-01,2.71591122e-01,3.29256279e-01
4.20000000e+00,1.83657104e-01,2.18993059e-01,2.27045013e-01,2.72308500e-01,2.46352557e-01,2.97292219e-01,2.58841849e-01,3.12922033e-01,2.66369577e-01,3.24078811e-01
4.22000000e+00,1.80098052e-01,2.15430137e-01,2.22664602e-01,2.67951512e-01,2.41607420e-01,2.92574825e-01,2.53860959e-01,3.07985301e-01,2.61246645e-01,3.18989254e-01
4.24000000e+00,1.76606901e-01,2.11928677e-01,2.18367258e-01,2.63668998e-01,2.36952081e-01,2.87937766e-01,2.48974222e-01,3.03132427e-01,2.56220490e-01,3.13985979e-01
4.26000000e+00,1.73182372e-01,2.08487541e-01,2.14151428e-01,2.59459585e-01,2.32384865e-01,2.83379557e-01,2.44179880e-01,2.98361860e-01,2.51289306e-01,3.09067389e-01
4.28000000e+00,1.69823211e-01,2.05105615e-01,2.10015587e-01,2.55321923e-01,2.27904127e-01,2.78898743e-01,2.39476212e-01,2.93672082e-01,2.46451323e-01,3.04231921e-01
4.30000000e+00,1.66528189e-01,2.01781808e-01,2.05958241e-01,2.51254693e-01,2.23508253e-01,2.74493900e-01,2.34861526e-01,2.89061604e-01,2.41704805e-01,2.99478042e-01
4.32000000e+00,1.63296096e-01,1.98515049e-01,2.01977920e-01,2.47256601e-01,2.19195659e-01,2.70163631e-01,2.30334163e-01,2.84528967e-01,2.37048046e-01,2.94804252e-01
4.34000000e+00,1.60125748e-01,1.95304291e-01,1.98073185e-01,2.43326378e-01,2.14964791e-01,2.65906568e-01,2.25892495e-01,2.80072743e-01,2.32479374e-01,2.90209080e-01
4.36000000e+00,1.57015982e-01,1.92148507e-01,1.94242622e-01,2.39462782e-01,2.10814124e-01,2.61721370e-01,2.21534924e-01,2.75691533e-01,2.27997147e-01,2.85691087e-01
4.38000000e+00,1.53965657e-01,1.89046687e-01,1.90484844e-01,2.35664596e-01,2.06742160e-01,2.57606723e-01,2.17259882e-01,2.71383963e-01,2.23599754e-01,2.81248859e-01
4.40000000e+00,1.50973653e-01,1.85997847e-01,1.86798489e-01,2.31930625e-01,2.02747430e-01,2.53561340e-01,2.13065829e-01,2.67148691e-01,2.19285614e-01,2.76881016e-01
4.42000000e+00,1.48038871e-01,1.83001018e-01,1.83182221e-01,2.28259701e-01,1.98828493e-01,2.49583959e-01,2.08951257e-01,2.62984399e-01,2.15053174e-01,2.72586200e-01
4.44000000e+00,1.45160233e-01,1.80055251e-01,1.79634729e-01,2.24650676e-01,1.94983933e-01,2.45673344e-01,2.04914681e-01,2.58889796e-01,2.10900913e-01,2.68363084e-01
4.46000000e+00,1.42336680e-01,1.77159617e-01,1.76154725e-01,2.21102428e-01,1.91212361e-01,2.41828283e-01,2.00954647e-01,2.54863617e-01,2.06827334e-01,2.64210366e-01
4.48000000e+00,1.39567174e-01,1.74313205e-01,1.72740945e-01,2.17613854e-01,1.87512414e-01,2.38047587e-01,1.97069728e-01,2.50904622e-01,2.02830972e-01,2.60126771e-01
4.50000000e+00,1.36850696e-01,1.71515121e-01,1.69392151e-01,2.14183874e-01,1.83882753e-01,2.34330093e-01,1.93258521e-01,2.47011595e-01,1.98910387e-01,2.56111048e-01
4.52000000e+00,1.34186245e-01,1.68764488e-01,1.66107126e-01,2.10811431e-01,1.80322067e-01,2.30674659e-01,1.89519651e-01,2.43183346e-01,1.95064164e-01,2.52161972e-01
4.54000000e+00,1.31572840e-01,1.66060449e-01,1.62884674e-01,2.07495486e-01,1.76829066e-01,2.27080165e-01,1.85851769e-01,2.39418708e-01,1.91290918e-01,2.48278341e-01
4.56000000e+00,1.29009518e-01,1.63402161e-01,1.59723625e-01,2.04235021e-01,1.73402485e-01,2.23545516e-01,1.82253548e-01,2.35716534e-01,1.87589286e-01,2.44458979e-01
4.58000000e+00,1.26495333e-01,1.60788799e-01,1.56622826e-01,2.01029041e-01,1.70041082e-01,2.20069636e-01,1.78723689e-01,2.32075704e-01,1.83957934e-01,2.40702732e-01
4.60000000e+00,1.24029358e-01,1.58219552e-01,1.53581150e-01,1.97876566e-01,1.66743638e-01,2.16651470e-01,1.75260914e-01,2.28495116e-01,1.80395548e-01,2.37008467e-01
4.62000000e+00,1.21610681e-01,1.55693628e-01,1.50597487e-01,1.94776637e-01,1.63508958e-01,2.13289986e-01,1.71863971e-01,2.24973694e-01,1.76900842e-01,2.33375075e-01
4.64000000e+00,1.19238411e-01,1.53210247e-01,1.47670750e-01,1.91728315e-01,1.60335868e-01,2.09984169e-01,1.68531630e-01,2.21510378e-01,1.73472552e-01,2.29801470e-01
4.66000000e+00,1.16911669e-01,1.50768647e-01,1.44799872e-01,1.88730678e-01,1.57223214e-01,2.06733026e-01,1.65262683e-01,2.18104134e-01,1.70109438e-01,2.26286585e-01
4.68000000e+00,1.14629595e-01,1.48368078e-01,1.41983803e-01,1.85782820e-01,1.54169865e-01,2.03535583e-01,1.62055946e-01,2.14753943e-01,1.66810282e-01,2.22829374e-01
4.70000000e+00,1.12391345e-01,1.46007807e-01,1.39221516e-01,1.82883856e-01,1.51174712e-01,2.00390884e-01,1.58910255e-01,2.11458811e-01,1.63573890e-01,2.19428812e-01
4.72000000e+00,1.10196090e-01,1.43687114e-01,1.36512000e-01,1.80032917e-01,1.48236664e-01,1.97297993e-01,1.55824469e-01,2.08217758e-01,1.60399088e-01,2.16083896e-01
4.74000000e+00,1.08043017e-01,1.41405292e-01,1.33854266e-01,1.77229148e-01,1.45354653e-01,1.94255990e-01,1.52797466e-01,2.05029826e-01,1.57284726e-01,2.12793638e-01
4.76000000e+00,1.05931327e-01,1.39161649e-01,1.31247339e-01,1.74471715e-01,1.42527626e-01,1.91263974e-01,1.49828148e-01,2.01894077e-01,1.54229673e-01,2.09557072e-01
4.78000000e+00,1.03860237e-01,1.36955506e-01,1.28690266e-01,1.71759796e-01,1.39754555e-01,1.88321062e-01,1.46915434e-01,1.98809587e-01,1.51232819e-01,2.06373251e-01
4.80000000e+00,1.01828979e-01,1.34786196e-01,1.26182109e-01,1.69092587e-01,1.37034427e-01,1.85426387e-01,1.44058264e-01,1.95775453e-01,1.48293077e-01,2.03241245e-01
4.82000000e+00,9.98367968e-02,1.32653065e-01,1.23721949e-01,1.66469300e-01,1.34366250e-01,1.82579098e-01,1.41255599e-01,1.92790789e-01,1.45409376e-01,2.00160142e-01
4.84000000e+00,9.78829514e-02,1.30555473e-01,1.21308882e-01,1.63889159e-01,1.31749048e-01,1.79778362e-01,1.38506416e-01,1.89854723e-01,1.42580668e-01,1.97129048e-01
4.86000000e+00,9.59667157e-02,1.28492790e-01,1.18942023e-01,1.61351406e-01,1.29181865e-01,1.77023361e-01,1.35809714e-01,1.86966405e-01,1.39805923e-01,1.94147087e-01
4.88000000e+00,9.40873768e-02,1.26464400e-01,1.16620502e-01,1.58855295e-01,1.26663762e-01,1.74313293e-01,1.33164509e-01,1.84124996e-01,1.37084131e-01,1.91213397e-01
4.90000000e+00,9.22442348e-02,1.24469697e-01,1.14343466e-01,1.56400096e-01,1.24193817e-01,1.71647370e-01,1.30569834e-01,1.81329676e-01,1.34414298e-01,1.88327135e-01
4.92000000e+00,9.04366029e-02,1.22508088e-01,1.12110075e-01,1.53985092e-01,1.21771126e-01,1.69024820e-01,1.28024742e-01,1.78579640e-01,1.31795450e-01,1.85487474e-01
4.94000000e+00,8.86638073e-02,1.20578989e-01,1.09919509e-01,1.51609580e-01,1.19394799e-01,1.66444886e-01,1.25528302e-01,1.75874098e-01,1.29226632e-01,1.82693601e-01
4.96000000e+00,8.69251864e-02,1.18681829e-01,1.07770959e-01,1.49272869e-01,1.17063965e-01,1.63906825e-01,1.23079601e-01,1.73212276e-01,1.26706905e-01,1.79944720e-01
4.98000000e+00,8.52200913e-02,1.16816047e-01,1.05663633e-01,1.46974282e-01,1.14777769e-01,1.61409907e-01,1.20677742e-01,1.70593412e-01,1.24235348e-01,1.77240049e-01
5.00000000e+00,8.35478850e-02,1.14981094e-01,1.03596754e-01,1.44713156e-01,1.12535371e-01,1.58953418e-01,1.18321845e-01,1.68016761e-01,1.21811056e-01,1.74578822e-01
5.02000000e+00,8.19079424e-02,1.13176428e-01,1.01569559e-01,1.42488838e-01,1.10335946e-01,1.56536655e-01,1.16011046e-01,1.65481591e-01,1.19433141e-01,1.71960286e-01
5.04000000e+00,8.02996501e-02,1.11401521e-01,9.95812982e-02,1.40300689e-01,1.08178685e-01,1.54158930e-01,1.13744497e-01,1.62987185e-01,1.17100733e-01,1.69383703e-01
5.06000000e+00,7.87224061e-02,1.09655852e-01,9.76312363e-02,1.38148081e-01,1.06062794e-01,1.51819566e-01,1.11521366e-01,1.60532838e-01,1.14812976e-01,1.66848349e-01
5.08000000e+00,7.71756198e-02,1.07938910e-01,9.57186517e-02,1.36030398e-01,1.03987493e-01,1.49517902e-01,1.09340836e-01,1.58117857e-01,1.12569031e-01,1.64353514e-01
5.10000000e+00,7.56587113e-02,1.06250197e-01,9.38428361e-02,1.33947036e-01,1.01952017e-01,1.47253285e-01,1.07202104e-01,1.55741566e-01,1.10368072e-01,1.61898499e-01
5.12000000e+00,7.41711119e-02,1.04589219e-01,9.20030942e-02,1.31897402e-01,9.99556150e-02,1.45025078e-01,1.05104384e-01,1.53403298e-01,1.08209293e-01,1.59482622e-01
5.14000000e+00,7.27122633e-02,1.02955495e-01,9.01987438e-02,1.29880914e-01,9.79975492e-02,1.42832654e-01,1.03046903e-01,1.51102400e-01,1.06091897e-01,1.57105209e-01
5.16000000e+00,7.12816177e-02,1.01348552e-01,8.84291151e-02,1.27897000e-01,9.60770964e-02,1.40675398e-01,1.01028902e-01,1.48838231e-01,1.04015107e-01,1.54765604e-01
5.18000000e+00,6.98786376e-02,9.97679246e-02,8.66935508e-02,1.25945100e-01,9.41935462e-02,1.38552706e-01,9.90496367e-02,1.46610162e-01,1.01978157e-01,1.52463157e-01
5.20000000e+00,6.85027954e-02,9.82131578e-02,8.49914059e-02,1.24024664e-01,9.23462016e-02,1.36463986e-01,9.71083771e-02,1.44417574e-01,9.99802962e-02,1.50197236e-01
5.22000000e+00,6.71535734e-02,9.66838038e-02,8.33220471e-02,1.22135150e-01,9.05343783e-02,1.34408656e-01,9.52044055e-02,1.42259863e-01,9.80207874e-02,1.47967217e-01
5.24000000e+00,6.58304638e-02,9.51794235e-02,8.16848531e-02,1.20276030e-01,8.87574047e-02,1.32386146e-01,9.33370180e-02,1.40136432e-01,9.60989072e-02,1.45772488e-01
5.26000000e+00,6.45329682e-02,9.36995858e-02,8.00792139e-02,1.18446783e-01,8.70146217e-02,1.30395895e-01,9.15055237e-02,1.38046699e-01,9.42139455e-02,1.43612449e-01
5.28000000e+00,6.32605973e-02,9.22438676e-02,7.85045311e-02,1.16646898e-01,8.53053822e-02,1.28437354e-01,8.97092444e-02,1.35990090e-01,9.23652053e-02,1.41486512e-01
5.30000000e+00,6.20128713e-02,9.08118536e-02,7.69602171e-02,1.14875873e-01,8.36290513e-02,1.26509982e-01,8.79475143e-02,1.33966042e-01,9.05520026e-02,1.39394098e-01
5.32000000e+00,6.07893193e-02,8.94031361e-02,7.54456955e-02,1.13133216e-01,8.19850059e-02,1.24613250e-01,8.62196801e-02,1.31974003e-01,8.87736658e-02,1.37334639e-01
5.34000000e+00,5.95894790e-02,8.80173147e-02,7.39604004e-02,1.11418445e-01,8.03726341e-02,1.22746639e-01,8.45251006e-02,1.30013430e-01,8.70295357e-02,1.35307578e-01
5.36000000e+00,5.84128972e-02,8.66539966e-02,7.25037766e-02,1.09731084e-01,7.87913356e-02,1.20909636e-01,8.28631463e-02,1.28083793e-01,8.53189656e-02,1.33312369e-01
5.38000000e+00,5.72591288e-02,8.53127961e-02,7.10752791e-02,1.08070667e-01,7.72405214e-02,1.19101741e-01,8.12331995e-02,1.26184567e-01,8.36413205e-02,1.31348473e-01
5.40000000e+00,5.61277372e-02,8.39933344e-02,6.96743729e-02,1.06436739e-01,7.57196129e-02,1.17322461e-01,7.96346539e-02,1.24315240e-01,8.19959771e-02,1.29415365e-01
5.42000000e+00,5.50182942e-02,8.26952397e-02,6.83005334e-02,1.04828849e-01,7.42280428e-02,1.15571314e-01,7.80669143e-02,1.22475309e-01,8.03823238e-02,1.27512525e-01
5.44000000e+00,5.39303793e-02,8.14181471e-02,6.69532454e-02,1.03246557e-01,7.27652540e-02,1.13847825e-01,7.65293967e-02,1.20664278e-01,7.87997603e-02,1.25639447e-01
5.46000000e+00,5.28635802e-02,8.01616982e-02,6.56320033e-02,1.01689430e-01,7.13306999e-02,1.12151528e-01,7.50215280e-02,1.18881663e-01,7.72476974e-02,1.23795631e-01
5.48000000e+00,5.18174922e-02,7.89255411e-02,6.43363111e-02,1.00157043e-01,6.99238438e-02,1.10481965e-01,7.35427454e-02,1.17126987e-01,7.57255567e-02,1.21980587e-01
5.50000000e+00,5.07917181e-02,7.77093302e-02,6.30656820e-02,9.86489791e-02,6.85441594e-02,1.08838688e-01,7.20924969e-02,1.15399780e-01,7.42327707e-02,1.20193834e-01
5.52000000e+00,4.97858685e-02,7.65127264e-02,6.18196382e-02,9.71648282e-02,6.71911298e-02,1.07221255e-01,7.06702404e-02,1.13699585e-01,7.27687823e-02,1.18434900e-01
5.54000000e+00,4.87995611e-02,7.53353965e-02,6.05977109e-02,9.57041881e-02,6.58642479e-02,1.05629234e-01,6.92754443e-02,1.12025949e-01,7.13330449e-02,1.16703321e-01
5.56000000e+00,4.78324209e-02,7.41770134e-02,5.93994401e-02,9.42666636e-02,6.45630160e-02,1.04062199e-01,6.79075865e-02,1.10378429e-01,6.99250218e-02,1.14998641e-01
5.58000000e+00,4.68840798e-02,7.30372560e-02,5.82243742e-02,9.28518667e-02,6.32869458e-02,1.02519732e-01,6.65661548e-02,1.08756590e-01,6.85441864e-02,1.13320412e-01
5.60000000e+00,4.59541768e-02,7.19158088e-02,5.70720702e-02,9.14594165e-02,6.20355579e-02,1.01001424e-01,6.52506464e-02,1.07160005e-01,6.71900220e-02,1.11668197e-01
5.62000000e+00,4.50423577e-02,7.08123620e-02,5.59420934e-02,9.00889387e-02,6.08083819e-02,9.95068713e-02,6.39605680e-02,1.05588253e-01,6.58620213e-02,1.10041562e-01
5.64000000e+00,4.41482750e-02,6.97266116e-02,5.48340171e-02,8.87400658e-02,5.96049562e-02,9.80356786e-02,6.26954354e-02,1.04040922e-01,6.45596866e-02,1.08440085e-01
5.66000000e+00,4.32715877e-02,6.86582588e-02,5.37474228e-02,8.74124369e-02,5.84248278e-02,9.65874574e-02,6.14547735e-02,1.02517608e-01,6.32825293e-02,1.06863349e-01
5.68000000e+00,4.24119612e-02,6.76070101e-02,5.26818995e-02,8.61056974e-02,5.72675522e-02,9.51618261e-02,6.02381159e-02,1.01017912e-01,6.20300701e-02,1.05310946e-01
5.70000000e+00,4.15690673e-02,6.65725776e-02,5.16370443e-02,8.48194993e-02,5.61326932e-02,9.37584099e-02,5.90450049e-02,9.95414441e-02,6.08018384e-02,1.03782474e-01
5.72000000e+00,4.07425841e-02,6.55546782e-02,5.06124616e-02,8.35535004e-02,5.50198227e-02,9.23768407e-02,5.78749916e-02,9.80878208e-02,5.95973726e-02,1.02277539e-01
5.74000000e+00,3.99321955e-02,6.45530340e-02,4.96077633e-02,8.23073650e-02,5.39285205e-02,9.10167569e-02,5.67276353e-02,9.66566649e-02,5.84162195e-02,1.00795753e-01
5.76000000e+00,3.91375916e-02,6.35673720e-02,4.86225684e-02,8.10807630e-02,5.28583746e-02,8.96778034e-02,5.56025034e-02,9.52476062e-02,5.72579344e-02,9.93367357e-02
5.78000000e+00,3.83584684e-02,6.25974241e-02,4.76565035e-02,7.98733704e-02,5.18089803e-02,8.83596312e-02,5.44991716e-02,9.38602812e-02,5.61220811e-02,9.79001140e-02
5.80000000e+00,3.75945276e-02,6.16429269e-02,4.67092017e-02,7.86848689e-02,5.07799408e-02,8.70618977e-02,5.34172235e-02,9.24943326e-02,5.50082313e-02,9.64855205e-02
5.82000000e+00,3.68454765e-02,6.07036219e-02,4.57803034e-02,7.75149457e-02,4.97708666e-02,8.57842663e-02,5.23562503e-02,9.11494094e-02,5.39159648e-02,9.50925944e-02
5.84000000e+00,3.61110279e-02,5.97792548e-02,4.48694554e-02,7.63632935e-02,4.87813755e-02,8.45264061e-02,5.13158511e-02,8.98251671e-02,5.28448693e-02,9.37209815e-02
5.86000000e+00,3.53909002e-02,5.88695762e-02,4.39763115e-02,7.52296106e-02,4.78110925e-02,8.32879923e-02,5.02956324e-02,8.85212669e-02,5.17945401e-02,9.23703337e-02
5.88000000e+00,3.46848170e-02,5.79743409e-02,4.31005318e-02,7.41136006e-02,4.68596495e-02,8.20687057e-02,4.92952080e-02,8.72373760e-02,5.07645802e-02,9.10403091e-02
5.90000000e+00,3.39925074e-02,5.70933079e-02,4.22417828e-02,7.30149721e-02,4.59266857e-02,8.08682328e-02,4.83141990e-02,8.59731677e-02,4.97545999e-02,8.97305716e-02
5.92000000e+00,3.33137053e-02,5.62262408e-02,4.13997374e-02,7.19334391e-02,4.50118465e-02,7.96862654e-02,4.73522336e-02,8.47283208e-02,4.87642169e-02,8.84407913e-02
5.94000000e+00,3.26481499e-02,5.53729071e-02,4.05740745e-02,7.08687203e-02,4.41147845e-02,7.85225008e-02,4.64089470e-02,8.35025198e-02,4.77930561e-02,8.71706438e-02
5.96000000e+00,3.19955852e-02,5.45330785e-02,3.97644793e-02,6.98205396e-02,4.32351585e-02,7.73766418e-02,4.54839813e-02,8.22954546e-02,4.68407493e-02,8.59198104e-02
5.98000000e+00,3.13557603e-02,5.37065307e-02,3.89706428e-02,6.87886255e-02,4.23726339e-02,7.62483960e-02,4.45769852e-02,8.11068207e-02,4.59069353e-02,8.46879781e-02
6.00000000e+00,3.07284287e-02,5.28930432e-02,3.81922616e-02,6.77727115e-02,4.15268822e-02,7.51374764e-02,4.36876141e-02,7.99363187e-02,4.49912596e-02,8.34748392e-02
6.02000000e+00,3.01133490e-02,5.20923997e-02,3.74290386e-02,6.67725355e-02,4.06975814e-02,7.40436008e-02,4.28155298e-02,7.87836545e-02,4.40933745e-02,8.22800915e-02
6.04000000e+00,2.95102842e-02,5.13043873e-02,3.66806817e-02,6.57878402e-02,3.98844152e-02,7.29664921e-02,4.19604005e-02,7.76485392e-02,4.32129388e-02,8.11034379e-02
6.06000000e+00,2.89190016e-02,5.05287971e-02,3.59469047e-02,6.48183725e-02,3.90870736e-02,7.19058778e-02,4.11219006e-02,7.65306888e-02,4.23496176e-02,7.99445864e-02
6.08000000e+00,2.83392735e-02,4.97654238e-02,3.52274267e-02,6.38638840e-02,3.83052522e-02,7.08614904e-02,4.02997107e-02,7.54298243e-02,4.15030824e-02,7.88032503e-02
6.10000000e+00,2.77708759e-02,4.90140655e-02,3.45219722e-02,6.29241303e-02,3.75386524e-02,6.98330667e-02,3.94935175e-02,7.43456713e-02,4.06730108e-02,7.76791477e-02
6.12000000e+00,2.72135895e-02,4.82745242e-02,3.38302708e-02,6.19988715e-02,3.67869814e-02,6.88203483e-02,3.87030134e-02,7.32779605e-02,3.98590865e-02,7.65720014e-02
6.14000000e+00,2.66671991e-02,4.75466048e-02,3.31520573e-02,6.10878718e-02,3.60499518e-02,6.78230813e-02,3.79278966e-02,7.22264270e-02,3.90609994e-02,7.54815393e-02
6.16000000e+00,2.61314935e-02,4.68301162e-02,3.24870714e-02,6.01908992e-02,3.53272815e-02,6.68410159e-02,3.71678714e-02,7.11908105e-02,3.82784448e-02,7.44074939e-02
6.18000000e+00,2.56062656e-02,4.61248702e-02,3.18350579e-02,5.93077262e-02,3.46186941e-02,6.58739068e-02,3.64226471e-02,7.01708552e-02,3.75111241e-02,7.33496020e-02
6.20000000e+00,2.50913123e-02,4.54306820e-02,3.11957664e-02,5.84381289e-02,3.39239180e-02,6.49215130e-02,3.56919388e-02,6.91663097e-02,3.67587442e-02,7.23076054e-02
6.22000000e+00,2.45864343e-02,4.47473701e-02,3.05689513e-02,5.75818871e-02,3.32426870e-02,6.39835974e-02,3.49754671e-02,6.81769269e-02,3.60210175e-02,7.12812499e-02
6.24000000e+00,2.40914362e-02,4.40747559e-02,2.99543714e-02,5.67387849e-02,3.25747400e-02,6.30599272e-02,3.42729577e-02,6.72024640e-02,3.52976620e-02,7.02702858e-02
6.26000000e+00,2.36061262e-02,4.34126641e-02,2.93517904e-02,5.59086095e-02,3.19198206e-02,6.21502734e-02,3.35841415e-02,6.62426823e-02,3.45884008e-02,6.92744678e-02
6.28000000e+00,2.31303163e-02,4.27609223e-02,2.87609764e-02,5.50911523e-02,3.12776775e-02,6.12544111e-02,3.29087545e-02,6.52973470e-02,3.38929624e-02,6.82935547e-02
6.30000000e+00,2.26638221e-02,4.21193613e-02,2.81817018e-02,5.42862080e-02,3.06480640e-02,6.03721192e-02,3.22465378e-02,6.43662278e-02,3.32110804e-02,6.73273093e-02
6.32000000e+00,2.22064627e-02,4.14878145e-02,2.76137435e-02,5.34935748e-02,3.00307382e-02,5.95031802e-02,3.15972373e-02,6.34490977e-02,3.25424935e-02,6.63754985e-02
6.34000000e+00,2.17580606e-02,4.08661185e-02,2.70568824e-02,5.27130544e-02,2.94254628e-02,5.86473805e-02,3.09606037e-02,6.25457341e-02,3.18869452e-02,6.54378933e-02
6.36000000e+00,2.13184418e-02,4.02541124e-02,2.65109039e-02,5.19444519e-02,2.88320048e-02,5.78045101e-02,3.03363925e-02,6.16559179e-02,3.12441839e-02,6.45142684e-02
6.38000000e+00,2.08874355e-02,3.96516382e-02,2.59755973e-02,5.11875757e-02,2.82501359e-02,5.69743625e-02,2.97243638e-02,6.07794337e-02,3.06139629e-02,6.36044024e-02
6.40000000e+00,2.04648744e-02,3.90585407e-02,2.54507558e-02,5.04422375e-02,2.76796321e-02,5.61567349e-02,2.91242824e-02,5.99160699e-02,2.99960402e-02,6.27080776e-02
6.42000000e+00,2.00505943e-02,3.84746672e-02,2.49361769e-02,4.97082522e-02,2.71202733e-02,5.53514277e-02,2.85359173e-02,5.90656184e-02,2.93901781e-02,6.18250802e-02
6.44000000e+00,1.96444340e-02,3.78998678e-02,2.44316615e-02,4.89854377e-02,2.65718442e-02,5.45582447e-02,2.79590421e-02,5.82278746e-02,2.87961436e-02,6.09551996e-02
6.46000000e+00,1.92462357e-02,3.73339950e-02,2.39370148e-02,4.82736154e-02,2.60341330e-02,5.37769933e-02,2.73934347e-02,5.74026375e-02,2.82137083e-02,6.00982292e-02
6.48000000e+00,1.88558444e-02,3.67769040e-02,2.34520453e-02,4.75726092e-02,2.55069324e-02,5.30074838e-02,2.68388770e-02,5.65897093e-02,2.76426479e-02,5.92539655e-02
6.50000000e+00,1.84731080e-02,3.62284521e-02,2.29765653e-02,4.68822463e-02,2.49900388e-02,5.22495299e-02,2.62951553e-02,5.57888956e-02,2.70827424e-02,5.84222087e-02
6.52000000e+00,1.80978777e-02,3.56884996e-02,2.25103908e-02,4.62023568e-02,2.44832526e-02,5.15029485e-02,2.57620600e-02,5.50000054e-02,2.65337761e-02,5.76027622e-02
6.54000000e+00,1.77300073e-02,3.51569086e-02,2.20533413e-02,4.55327736e-02,2.39863778e-02,5.07675594e-02,2.52393852e-02,5.42228506e-02,2.59955372e-02,5.67954327e-02
6.56000000e+00,1.73693533e-02,3.46335440e-02,2.16052395e-02,4.48733324e-02,2.34992225e-02,5.00431856e-02,2.47269291e-02,5.34572467e-02,2.54678182e-02,5.60000303e-02
6.58000000e+00,1.70157752e-02,3.41182728e-02,2.11659119e-02,4.42238718e-02,2.30215981e-02,4.93296529e-02,2.42244939e-02,5.27030119e-02,2.49504154e-02,5.52163681e-02
6.60000000e+00,1.66691352e-02,3.36109643e-02,2.07351879e-02,4.35842330e-02,2.25533198e-02,4.86267902e-02,2.37318853e-02,5.19599676e-02,2.44431289e-02,5.44442624e-02
6.62000000e+00,1.63292979e-02,3.31114899e-02,2.03129005e-02,4.29542600e-02,2.20942063e-02,4.79344291e-02,2.32489129e-02,5.12279382e-02,2.39457628e-02,5.36835325e-02
6.64000000e+00,1.59961308e-02,3.26197233e-02,1.98988857e-02,4.23337992e-02,2.16440797e-02,4.72524043e-02,2.27753899e-02,5.05067510e-02,2.34581249e-02,5.29340009e-02
6.66000000e+00,1.56695038e-02,3.21355404e-02,1.94929827e-02,4.17226998e-02,2.12027658e-02,4.65805529e-02,2.23111330e-02,4.97962362e-02,2.29800265e-02,5.21954928e-02
6.68000000e+00,1.53492894e-02,3.16588191e-02,1.90950339e-02,4.11208134e-02,2.07700932e-02,4.59187149e-02,2.18559623e-02,4.90962268e-02,2.25112827e-02,5.14678364e-02
6.70000000e+00,1.50353624e-02,3.11894393e-02,1.87048846e-02,4.05279942e-02,2.03458943e-02,4.52667330e-02,2.14097017e-02,4.84065587e-02,2.20517121e-02,5.07508630e-02
6.72000000e+00,1.47276002e-02,3.07272831e-02,1.83223831e-02,3.99440986e-02,1.99300043e-02,4.46244526e-02,2.09721782e-02,4.77270704e-02,2.16011367e-02,5.00444062e-02
6.74000000e+00,1.44258825e-02,3.02722345e-02,1.79473805e-02,3.93689858e-02,1.95222619e-02,4.39917214e-02,2.05432221e-02,4.70576031e-02,2.11593818e-02,4.93483028e-02
6.76000000e+00,1.41300912e-02,2.98241795e-02,1.75797309e-02,3.88025169e-02,1.91225088e-02,4.33683899e-02,2.01226670e-02,4.63980005e-02,2.07262764e-02,4.86623922e-02
6.78000000e+00,1.38401108e-02,2.93830058e-02,1.72192913e-02,3.82445556e-02,1.87305895e-02,4.27543109e-02,1.97103498e-02,4.57481093e-02,2.03016523e-02,4.79865162e-02
6.80000000e+00,1.35558276e-02,2.89486033e-02,1.68659212e-02,3.76949679e-02,1.83463517e-02,4.21493398e-02,1.93061103e-02,4.51077783e-02,1.98853450e-02,4.73205196e-02
6.82000000e+00,1.32771304e-02,2.85208637e-02,1.65194830e-02,3.71536219e-02,1.79696461e-02,4.15533342e-02,1.89097916e-02,4.44768590e-02,1.94771928e-02,4.66642495e-02
6.84000000e+00,1.30039101e-02,2.80996803e-02,1.61798416e-02,3.66203878e-02,1.76003260e-02,4.09661544e-02,1.85212397e-02,4.38552054e-02,1.90770372e-02,4.60175555e-02
6.86000000e+00,1.27360597e-02,2.76849483e-02,1.58468646e-02,3.60951383e-02,1.72382478e-02,4.03876625e-02,1.81403035e-02,4.32426737e-02,1.86847229e-02,4.53802899e-02
6.88000000e+00,1.24734743e-02,2.72765648e-02,1.55204222e-02,3.55777478e-02,1.68832705e-02,3.98177234e-02,1.77668348e-02,4.26391227e-02,1.83000973e-02,4.47523072e-02
6.90000000e+00,1.22160508e-02,2.68744285e-02,1.52003869e-02,3.50680930e-02,1.65352558e-02,3.92562038e-02,1.74006885e-02,4.20444135e-02,1.79230108e-02,4.41334644e-02
6.92000000e+00,1.19636885e-02,2.64784397e-02,1.48866338e-02,3.45660528e-02,1.61940681e-02,3.87029730e-02,1.70417220e-02,4.14584092e-02,1.75533170e-02,4.35236208e-02
6.94000000e+00,1.17162882e-02,2.60885006e-02,1.45790405e-02,3.40715077e-02,1.58595745e-02,3.81579020e-02,1.66897955e-02,4.08809754e-02,1.71908718e-02,4.29226381e-02
6.96000000e+00,1.14737531e-02,2.57045147e-02,1.42774867e-02,3.35843405e-02,1.55316445e-02,3.76208644e-02,1.63447720e-02,4.03119800e-02,1.68355342e-02,4.23303801e-02
6.98000000e+00,1.12359879e-02,2.53263875e-02,1.39818547e-02,3.31044359e-02,1.52101501e-02,3.70917354e-02,1.60065169e-02,3.97512927e-02,1.64871659e-02,4.17467129e-02
7.00000000e+00,1.10028992e-02,2.49540258e-02,1.36920289e-02,3.26316803e-02,1.48949660e-02,3.65703927e-02,1.56748986e-02,3.91987858e-02,1.61456311e-02,4.11715048e-02
7.02000000e+00,1.07743957e-02,2.45873381e-02,1.34078959e-02,3.21659621e-02,1.45859692e-02,3.60567157e-02,1.53497876e-02,3.86543333e-02,1.58107967e-02,4.06046263e-02
7.04000000e+00,1.05503875e-02,2.42262343e-02,1.31293447e-02,3.17071716e-02,1.42830388e-02,3.55505858e-02,1.50310571e-02,3.81178113e-02,1.54825323e-02,4.00459500e-02
7.06000000e+00,1.03307866e-02,2.38706259e-02,1.28562662e-02,3.12552009e-02,1.39860567e-02,3.50518865e-02,1.47185827e-02,3.75890982e-02,1.51607097e-02,3.94953503e-02
7.08000000e+00,1.01155068e-02,2.35204257e-02,1.25885535e-02,3.08099437e-02,1.36949067e-02,3.45605031e-02,1.44122425e-02,3.70680740e-02,1.48452034e-02,3.89527041e-02
7.10000000e+00,9.90446339e-03,2.31755483e-02,1.23261018e-02,3.03712956e-02,1.34094751e-02,3.40763227e-02,1.41119169e-02,3.65546211e-02,1.45358903e-02,3.84178900e-02
7.12000000e+00,9.69757348e-03,2.28359092e-02,1.20688084e-02,2.99391539e-02,1.31296502e-02,3.35992344e-02,1.38174884e-02,3.60486233e-02,1.42326496e-02,3.78907885e-02
7.14000000e+00,9.49475568e-03,2.25014259e-02,1.18165725e-02,2.95134175e-02,1.28553226e-02,3.31291290e-02,1.35288421e-02,3.55499666e-02,1.39353629e-02,3.73712822e-02
7.16000000e+00,9.29593021e-03,2.21720167e-02,1.15692951e-02,2.90939870e-02,1.25863848e-02,3.26658991e-02,1.32458651e-02,3.50585389e-02,1.36439140e-02,3.68592557e-02
7.18000000e+00,9.10101885e-03,2.18476016e-02,1.13268793e-02,2.86807647e-02,1.23227318e-02,3.22094391e-02,1.29684467e-02,3.45742297e-02,1.33581890e-02,3.63545951e-02
7.20000000e+00,8.90994488e-03,2.15281018e-02,1.10892302e-02,2.82736543e-02,1.20642601e-02,3.17596449e-02,1.26964785e-02,3.40969304e-02,1.30780762e-02,3.58571888e-02
7.22000000e+00,8.72263310e-03,2.12134399e-02,1.08562544e-02,2.78725613e-02,1.18108686e-02,3.13164145e-02,1.24298539e-02,3.36265342e-02,1.28034661e-02,3.53669266e-02
7.24000000e+00,8.53900975e-03,2.09035396e-02,1.06278605e-02,2.74773925e-02,1.15624580e-02,3.08796471e-02,1.21684686e-02,3.31629360e-02,1.25342511e-02,3.48837002e-02
7.26000000e+00,8.35900251e-03,2.05983260e-02,1.04039590e-02,2.70880565e-02,1.13189310e-02,3.04492439e-02,1.19122203e-02,3.27060322e-02,1.22703260e-02,3.44074032e-02
7.28000000e+00,8.18254047e-03,2.02977254e-02,1.01844618e-02,2.67044632e-02,1.10801920e-02,3.00251074e-02,1.16610086e-02,3.22557212e-02,1.20115874e-02,3.39379307e-02
7.30000000e+00,8.00955411e-03,2.00016653e-02,9.96928292e-03,2.63265239e-02,1.08461474e-02,2.96071418e-02,1.14147350e-02,3.18119028e-02,1.17579339e-02,3.34751796e-02
7.32000000e+00,7.83997525e-03,1.97100744e-02,9.75833767e-03,2.59541515e-02,1.06167055e-02,2.91952529e-02,1.11733031e-02,3.13744785e-02,1.15092663e-02,3.30190484e-02
7.34000000e+00,7.67373704e-03,1.94228825e-02,9.55154321e-03,2.55872603e-02,1.03917761e-02,2.87893481e-02,1.09366182e-02,3.09433513e-02,1.12654870e-02,3.25694373e-02
7.36000000e+00,7.51077393e-03,1.91400206e-02,9.34881827e-03,2.52257658e-02,1.01712711e-02,2.83893359e-02,1.07045874e-02,3.05184259e-02,1.10265006e-02,3.21262479e-02
7.38000000e+00,7.35102166e-03,1.88614210e-02,9.15008315e-03,2.48695851e-02,9.95510374e-03,2.79951268e-02,1.04771197e-02,3.00996085e-02,1.07922132e-02,3.16893836e-02
7.40000000e+00,7.19441720e-03,1.85870168e-02,8.95525969e-03,2.45186366e-02,9.74318923e-03,2.76066323e-02,1.02541258e-02,2.96868065e-02,1.05625330e-02,3.12587493e-02
7.42000000e+00,7.04089878e-03,1.83167425e-02,8.76427126e-03,2.41728398e-02,9.53544430e-03,2.72237655e-02,1.00355183e-02,2.92799293e-02,1.03373699e-02,3.08342512e-02
7.44000000e+00,6.89040581e-03,1.80505333e-02,8.57704272e-03,2.38321158e-02,9.33178732e-03,2.68464410e-02,9.82121127e-03,2.88788873e-02,1.01166356e-02,3.04157973e-02
7.46000000e+00,6.74287888e-03,1.77883258e-02,8.39350039e-03,2.34963868e-02,9.13213822e-03,2.64745746e-02,9.61112056e-03,2.84835926e-02,9.90024324e-03,3.00032970e-02
7.48000000e+00,6.59825975e-03,1.75300576e-02,8.21357200e-03,2.31655763e-02,8.93641852e-03,2.61080835e-02,9.40516362e-03,2.80939585e-02,9.68810800e-03,2.95966608e-02
7.50000000e+00,6.45649133e-03,1.72756670e-02,8.03718673e-03,2.28396089e-02,8.74455125e-03,2.57468862e-02,9.20325953e-03,2.77098999e-02,9.48014652e-03,2.91958011e-02
7.52000000e+00,6.31751760e-03,1.70250938e-02,7.86427509e-03,2.25184106e-02,8.55646093e-03,2.53909025e-02,9.00532891e-03,2.73313329e-02,9.27627707e-03,2.88006315e-02
7.54000000e+00,6.18128369e-03,1.67782783e-02,7.69476898e-03,2.22019086e-02,8.37207354e-03,2.50400537e-02,8.81129394e-03,2.69581749e-02,9.07641955e-03,2.84110668e-02
7.56000000e+00,6.04773575e-03,1.65351621e-02,7.52860160e-03,2.18900310e-02,8.19131653e-03,2.46942619e-02,8.62107832e-03,2.65903448e-02,8.88049539e-03,2.80270233e-02
7.58000000e+00,5.91682101e-03,1.62956876e-02,7.36570747e-03,2.15827074e-02,8.01411873e-03,2.43534509e-02,8.43460720e-03,2.62277626e-02,8.68842753e-03,2.76484187e-02
7.60000000e+00,5.78848774e-03,1.60597981e-02,7.20602237e-03,2.12798684e-02,7.84041036e-03,2.40175455e-02,8.25180722e-03,2.58703496e-02,8.50014043e-03,2.72751719e-02
7.62000000e+00,5.66268518e-03,1.58274380e-02,7.04948334e-03,2.09814455e-02,7.67012301e-03,2.36864716e-02,8.07260643e-03,2.55180285e-02,8.31556001e-03,2.69072030e-02
7.64000000e+00,5.53936361e-03,1.55985524e-02,6.89602863e-03,2.06873716e-02,7.50318959e-03,2.33601566e-02,7.89693427e-03,2.51707230e-02,8.13461365e-03,2.65444335e-02
7.66000000e+00,5.41847424e-03,1.53730875e-02,6.74559772e-03,2.03975804e-02,7.33954433e-03,2.30385286e-02,7.72472157e-03,2.48283582e-02,7.95723010e-03,2.61867862e-02
7.68000000e+00,5.29996927e-03,1.51509901e-02,6.59813126e-03,2.01120070e-02,7.17912271e-03,2.27215172e-02,7.55590050e-03,2.44908602e-02,7.78333953e-03,2.58341849e-02
7.70000000e+00,5.18380180e-03,1.49322081e-02,6.45357104e-03,1.98305872e-02,7.02186151e-03,2.24090530e-02,7.39040454e-03,2.41581565e-02,7.61287345e-03,2.54865546e-02
7.72000000e+00,5.06992588e-03,1.47166901e-02,6.31186001e-03,1.95532580e-02,6.86769870e-03,2.21010677e-02,7.22816848e-03,2.38301754e-02,7.44576472e-03,2.51438218e-02
7.74000000e+00,4.95829643e-03,1.45043857e-02,6.17294221e-03,1.92799574e-02,6.71657348e-03,2.17974940e-02,7.06912837e-03,2.35068467e-02,7.28194748e-03,2.48059137e-02
7.76000000e+00,4.84886927e-03,1.42952450e-02,6.03676279e-03,1.90106242e-02,6.56842623e-03,2.14982659e-02,6.91322151e-03,2.31881010e-02,7.12135719e-03,2.44727591e-02
7.78000000e+00,4.74160109e-03,1.40892193e-02,5.90326797e-03,1.87451985e-02,6.42319850e-03,2.12033182e-02,6.76038641e-03,2.28738702e-02,6.96393054e-03,2.41442875e-02
7.80000000e+00,4.63644939e-03,1.38862603e-02,5.77240500e-03,1.84836211e-02,6.28083297e-03,2.09125867e-02,6.61056280e-03,2.25640873e-02,6.80960544e-03,2.38204297e-02
7.82000000e+00,4.53337256e-03,1.36863208e-02,5.64412217e-03,1.82258337e-02,6.14127344e-03,2.06260085e-02,6.46369157e-03,2.22586860e-02,6.65832105e-03,2.35011177e-02
7.84000000e+00,4.43232975e-03,1.34893542e-02,5.51836880e-03,1.79717792e-02,6.00446481e-03,2.03435214e-02,6.31971475e-03,2.19576014e-02,6.51001768e-03,2.31862843e-02
7.86000000e+00,4.33328095e-03,1.32953146e-02,5.39509518e-03,1.77214012e-02,5.87035305e-03,2.00650643e-02,6.17857553e-03,2.16607696e-02,6.36463682e-03,2.28758635e-02
7.88000000e+00,4.23618690e-03,1.31041569e-02,5.27425255e-03,1.74746442e-02,5.73888519e-03,1.97905771e-02,6.04021819e-03,2.13681274e-02,6.22212111e-03,2.25697903e-02
7.90000000e+00,4.14100914e-03,1.29158368e-02,5.15579316e-03,1.72314535e-02,5.61000928e-03,1.95200005e-02,5.90458810e-03,2.10796129e-02,6.08241428e-03,2.22680008e-02
7.92000000e+00,4.04770994e-03,1.27303107e-02,5.03967013e-03,1.69917756e-02,5.48367441e-03,1.92532763e-02,5.77163169e-03,2.07951650e-02,5.94546117e-03,2.19704319e-02
7.94000000e+00,3.95625232e-03,1.25475354e-02,4.92583755e-03,1.67555574e-02,5.35983064e-03,1.89903471e-02,5.64129644e-03,2.05147236e-02,5.81120772e-03,2.16770216e-02
7.96000000e+00,3.86660002e-03,1.23674689e-02,4.81425037e-03,1.65227470e-02,5.23842902e-03,1.87311564e-02,5.51353087e-03,2.02382295e-02,5.67960089e-03,2.13877089e-02
7.98000000e+00,3.77871750e-03,1.21900694e-02,4.70486443e-03,1.62932931e-02,5.11942154e-03,1.84756487e-02,5.38828447e-03,1.99656246e-02,5.55058869e-03,2.11024336e-02
8.00000000e+00,3.69256991e-03,1.20152961e-02,4.59763645e-03,1.60671453e-02,5.00276116e-03,1.82237693e-02,5.26550776e-03,1.96968514e-02,5.42412015e-03,2.08211367e-02
8.02000000e+00,3.60812309e-03,1.18431087e-02,4.49252398e-03,1.58442539e-02,4.88840171e-03,1.79754641e-02,5.14515219e-03,1.94318536e-02,5.30014529e-03,2.05437597e-02
8.04000000e+00,3.52534352e-03,1.16734675e-02,4.38948540e-03,1.56245702e-02,4.77629797e-03,1.77306804e-02,5.02717017e-03,1.91705754e-02,5.17861510e-03,2.02702454e-02
8.06000000e+00,3.44419838e-03,1.15063336e-02,4.28847992e-03,1.54080459e-02,4.66640559e-03,1.74893657e-02,4.91151505e-03,1.89129623e-02,5.05948154e-03,2.00005374e-02
8.08000000e+00,3.36465547e-03,1.13416685e-02,4.18946753e-03,1.51946339e-02,4.55868106e-03,1.72514689e-02,4.79814108e-03,1.86589604e-02,4.94269750e-03,1.97345799e-02
8.10000000e+00,3.28668323e-03,1.11794345e-02,4.09240902e-03,1.49842875e-02,4.45308177e-03,1.70169392e-02,4.68700342e-03,1.84085166e-02,4.82821679e-03,1.94723182e-02
8.12000000e+00,3.21025070e-03,1.10195944e-02,3.99726593e-03,1.47769608e-02,4.34956589e-03,1.67857268e-02,4.57805808e-03,1.81615787e-02,4.71599413e-03,1.92136985e-02
8.14000000e+00,3.13532756e-03,1.08621116e-02,3.90400056e-03,1.45726087e-02,4.24809246e-03,1.65577828e-02,4.47126196e-03,1.79180953e-02,4.60598512e-03,1.89586676e-02
8.16000000e+00,3.06188406e-03,1.07069502e-02,3.81257597e-03,1.43711868e-02,4.14862128e-03,1.63330589e-02,4.36657277e-03,1.76780158e-02,4.49814623e-03,1.87071733e-02
8.18000000e+00,2.98989105e-03,1.05540747e-02,3.72295590e-03,1.41726514e-02,4.05111296e-03,1.61115076e-02,4.26394908e-03,1.74412904e-02,4.39243477e-03,1.84591642e-02
8.20000000e+00,2.91931993e-03,1.04034503e-02,3.63510484e-03,1.39769593e-02,3.95552887e-03,1.58930820e-02,4.16335026e-03,1.72078699e-02,4.28880891e-03,1.82145895e-02
8.22000000e+00,2.85014268e-03,1.02550426e-02,3.54898795e-03,1.37840682e-02,3.86183115e-03,1.56777362e-02,4.06473646e-03,1.69777062e-02,4.18722762e-03,1.79733994e-02
8.24000000e+00,2.78233184e-03,1.01088179e-02,3.46457110e-03,1.35939364e-02,3.76998267e-03,1.54654247e-02,3.96806863e-03,1.67507516e-02,4.08765068e-03,1.77355448e-02
8.26000000e+00,2.71586045e-03,9.96474295e-03,3.38182080e-03,1.34065228e-02,3.67994703e-03,1.52561029e-02,3.87330848e-03,1.65269592e-02,3.99003864e-03,1.75009772e-02
8.28000000e+00,2.65070213e-03,9.82278503e-03,3.30070422e-03,1.32217869e-02,3.59168854e-03,1.50497269e-02,3.78041845e-03,1.63062830e-02,3.89435284e-03,1.72696491e-02
8.30000000e+00,2.58683097e-03,9.68291197e-03,3.22118921e-03,1.30396890e-02,3.50517221e-03,1.48462534e-02,3.68936175e-03,1.60886776e-02,3.80055539e-03,1.70415135e-02
8.32000000e+00,2.52422161e-03,9.54509208e-03,3.14324420e-03,1.28601898e-02,3.42036375e-03,1.46456398e-02,3.60010228e-03,1.58740982e-02,3.70860911e-03,1.68165242e-02
8.34000000e+00,2.46284916e-03,9.40929417e-03,3.06683827e-03,1.26832509e-02,3.33722952e-03,1.44478441e-02,3.51260467e-03,1.56625009e-02,3.61847757e-03,1.65946358e-02
8.36000000e+00,2.40268923e-03,9.27548758e-03,2.99194110e-03,1.25088341e-02,3.25573655e-03,1.42528250e-02,3.42683422e-03,1.54538421e-02,3.53012504e-03,1.63758034e-02
8.38000000e+00,2.34371792e-03,9.14364208e-03,2.91852297e-03,1.23369021e-02,3.17585252e-03,1.40605418e-02,3.34275694e-03,1.52480794e-02,3.44351650e-03,1.61599830e-02
8.40000000e+00,2.28591177e-03,9.01372795e-03,2.84655472e-03,1.21674181e-02,3.09754574e-03,1.38709546e-02,3.26033947e-03,1.50451705e-02,3.35861761e-03,1.59471310e-02
8.42000000e+00,2.22924781e-03,8.88571594e-03,2.77600780e-03,1.20003459e-02,3.02078514e-03,1.36840237e-02,3.17954914e-03,1.48450742e-02,3.27539472e-03,1.57372047e-02
8.44000000e+00,2.17370351e-03,8.75957723e-03,2.70685419e-03,1.18356497e-02,2.94554026e-03,1.34997105e-02,3.10035389e-03,1.46477496e-02,3.19381481e-03,1.55301619e-02
8.46000000e+00,2.11925678e-03,8.63528348e-03,2.63906643e-03,1.16732944e-02,2.87178125e-03,1.33179766e-02,3.02272231e-03,1.44531566e-02,3.11384553e-03,1.53259613e-02
8.48000000e+00,2.06588598e-03,8.51280680e-03,2.57261759e-03,1.15132455e-02,2.79947881e-03,1.31387845e-02,2.94662360e-03,1.42612556e-02,3.03545517e-03,1.51245618e-02
8.50000000e+00,2.01356987e-03,8.39211972e-03,2.50748130e-03,1.13554688e-02,2.72860426e-03,1.29620970e-02,2.87202756e-03,1.40720078e-02,2.95861260e-03,1.49259232e-02
8.52000000e+00,1.96228764e-03,8.27319519e-03,2.44363167e-03,1.11999310e-02,2.65912946e-03,1.27878776e-02,2.79890458e-03,1.38853747e-02,2.88328736e-03,1.47300059e-02
8.54000000e+00,1.91201891e-03,8.15600662e-03,2.38104334e-03,1.10465988e-02,2.59102682e-03,1.26160905e-02,2.72722564e-03,1.37013186e-02,2.80944954e-03,1.45367709e-02
8.56000000e+00,1.86274367e-03,8.04052782e-03,2.31969144e-03,1.08954399e-02,2.52426929e-03,1.24467001e-02,2.65696229e-03,1.35198024e-02,2.73706984e-03,1.43461797e-02
8.58000000e+00,1.81444232e-03,7.92673299e-03,2.25955159e-03,1.07464221e-02,2.45883036e-03,1.22796716e-02,2.58808663e-03,1.33407893e-02,2.66611953e-03,1.41581943e-02
8.60000000e+00,1.76709563e-03,7.81459677e-03,2.20059990e-03,1.05995141e-02,2.39468405e-03,1.21149706e-02,2.52057131e-03,1.31642433e-02,2.59657044e-03,1.39727776e-02
8.62000000e+00,1.72068477e-03,7.70409416e-03,2.14281292e-03,1.04546848e-02,2.33180487e-03,1.19525635e-02,2.45438952e-03,1.29901290e-02,2.52839496e-03,1.37898928e-02
8.64000000e+00,1.67519127e-03,7.59520059e-03,2.08616770e-03,1.03119035e-02,2.27016783e-03,1.17924168e-02,2.38951498e-03,1.28184111e-02,2.46156602e-03,1.36095036e-02
8.66000000e+00,1.63059703e-03,7.48789183e-03,2.03064172e-03,1.01711403e-02,2.20974846e-03,1.16344978e-02,2.32592191e-03,1.26490555e-02,2.39605708e-03,1.34315745e-02
8.68000000e+00,1.58688428e-03,7.38214406e-03,1.97621289e-03,1.00323655e-02,2.15052273e-03,1.14787742e-02,2.26358506e-03,1.24820280e-02,2.33184211e-03,1.32560702e-02
8.70000000e+00,1.54403565e-03,7.27793383e-03,1.92285958e-03,9.89554998e-03,2.09246711e-03,1.13252142e-02,2.20247966e-03,1.23172952e-02,2.26889561e-03,1.30829563e-02
8.72000000e+00,1.50203405e-03,7.17523804e-03,1.87056058e-03,9.76066492e-03,2.03555853e-03,1.11737864e-02,2.14258142e-03,1.21548243e-02,2.20719258e-03,1.29121987e-02
8.74000000e+00,1.46086278e-03,7.07403395e-03,1.81929507e-03,9.62768207e-03,1.97977436e-03,1.10244601e-02,2.08386655e-03,1.19945828e-02,2.14670849e-03,1.27437638e-02
8.76000000e+00,1.42050545e-03,6.97429919e-03,1.76904269e-03,9.49657360e-03,1.92509243e-03,1.08772047e-02,2.02631170e-03,1.18365387e-02,2.08741931e-03,1.25776185e-02
8.78000000e+00,1.38094597e-03,6.87601173e-03,1.71978342e-03,9.36731206e-03,1.87149100e-03,1.07319905e-02,1.96989402e-03,1.16806605e-02,2.02930149e-03,1.24137304e-02
8.80000000e+00,1.34216861e-03,6.77914987e-03,1.67149769e-03,9.23987044e-03,1.81894876e-03,1.05887880e-02,1.91459105e-03,1.15269174e-02,1.97233192e-03,1.22520672e-02
8.82000000e+00,1.30415791e-03,6.68369227e-03,1.62416628e-03,9.11422215e-03,1.76744480e-03,1.04475681e-02,1.86038083e-03,1.13752787e-02,1.91648795e-03,1.20925975e-02
8.84000000e+00,1.26689874e-03,6.58961791e-03,1.57777035e-03,8.99034098e-03,1.71695865e-03,1.03083022e-02,1.80724180e-03,1.12257144e-02,1.86174740e-03,1.19352900e-02
8.86000000e+00,1.23037626e-03,6.49690609e-03,1.53229146e-03,8.86820116e-03,1.66747023e-03,1.01709621e-02,1.75515282e-03,1.10781949e-02,1.80808848e-03,1.17801143e-02
8.88000000e+00,1.19457591e-03,6.40553644e-03,1.48771149e-03,8.74777727e-03,1.61895985e-03,1.00355203e-02,1.70409318e-03,1.09326910e-02,1.75548988e-03,1.16270399e-02
8.90000000e+00,1.15948345e-03,6.31548891e-03,1.44401271e-03,8.62904429e-03,1.57140821e-03,9.90194924e-03,1.65404258e-03,1.07891739e-02,1.70393067e-03,1.14760373e-02
8.92000000e+00,1.12508489e-03,6.22674373e-03,1.40117772e-03,8.51197760e-03,1.52479639e-03,9.77022215e-03,1.60498111e-03,1.06476154e-02,1.65339035e-03,1.13270770e-02
8.94000000e+00,1.09136652e-03,6.13928148e-03,1.35918948e-03,8.39655292e-03,1.47910586e-03,9.64031250e-03,1.55688925e-03,1.05079875e-02,1.60384881e-03,1.11801302e-02
8.96000000e+00,1.05831491e-03,6.05308301e-03,1.31803128e-03,8.28274637e-03,1.43431842e-03,9.51219418e-03,1.50974787e-03,1.03702628e-02,1.55528636e-03,1.10351684e-02
8.98000000e+00,1.02591688e-03,5.96812948e-03,1.27768671e-03,8.17053440e-03,1.39041625e-03,9.38584150e-03,1.46353821e-03,1.02344142e-02,1.50768367e-03,1.08921637e-02
9.00000000e+00,9.94159542e-04,5.88440233e-03,1.23813973e-03,8.05989385e-03,1.34738189e-03,9.26122912e-03,1.41824189e-03,1.01004151e-02,1.46102180e-03,1.07510884e-02
9.02000000e+00,9.63030224e-04,5.80188330e-03,1.19937458e-03,7.95080188e-03,1.30519820e-03,9.13833211e-03,1.37384088e-03,9.96823918e-03,1.41528220e-03,1.06119152e-02
9.04000000e+00,9.32516523e-04,5.72055439e-03,1.16137584e-03,7.84323603e-03,1.26384839e-03,9.01712589e-03,1.33031752e-03,9.83786058e-03,1.37044665e-03,1.04746175e-02
9.06000000e+00,9.02606278e-04,5.64039791e-03,1.12412836e-03,7.73717414e-03,1.22331600e-03,8.89758626e-03,1.28765447e-03,9.70925381e-03,1.32649732e-03,1.03391688e-02
9.08000000e+00,8.73287567e-04,5.56139641e-03,1.08761731e-03,7.63259441e-03,1.18358489e-03,8.77968938e-03,1.24583477e-03,9.58239377e-03,1.28341671e-03,1.02055431e-02
9.10000000e+00,8.44548703e-04,5.48353273e-03,1.05182816e-03,7.52947536e-03,1.14463924e-03,8.66341178e-03,1.20484176e-03,9.45725572e-03,1.24118768e-03,1.00737148e-02
9.12000000e+00,8.16378230e-04,5.40678997e-03,1.01674664e-03,7.42779585e-03,1.10646356e-03,8.54873030e-03,1.16465912e-03,9.33381528e-03,1.19979343e-03,9.94365851e-03
9.14000000e+00,7.88764918e-04,5.33115148e-03,9.82358785e-04,7.32753503e-03,1.06904263e-03,8.43562217e-03,1.12527085e-03,9.21204846e-03,1.15921746e-03,9.81534949e-03
9.16000000e+00,7.61697758e-04,5.25660087e-03,9.48650891e-04,7.22867239e-03,1.03236155e-03,8.32406494e-03,1.08666128e-03,9.09193159e-03,1.11944364e-03,9.68876317e-03
9.18000000e+00,7.35165958e-04,5.18312201e-03,9.15609529e-04,7.13118772e-03,9.96405712e-04,8.21403649e-03,1.04881503e-03,8.97344138e-03,1.08045611e-03,9.56387542e-03
9.20000000e+00,7.09158940e-04,5.11069901e-03,8.83221536e-04,7.03506110e-03,9.61160798e-04,8.10551504e-03,1.01171702e-03,8.85655485e-03,1.04223937e-03,9.44066243e-03
9.22000000e+00,6.83666332e-04,5.03931623e-03,8.51474007e-04,6.94027293e-03,9.26612766e-04,7.99847912e-03,9.75352485e-04,8.74124940e-03,1.00477818e-03,9.31910075e-03
9.24000000e+00,6.58677970e-04,4.96895826e-03,8.20354290e-04,6.84680389e-03,8.92747855e-04,7.89290760e-03,9.39706941e-04,8.62750274e-03,9.68057643e-04,9.19916727e-03
9.26000000e+00,6.34183888e-04,4.89960993e-03,7.89849984e-04,6.75463497e-03,8.59552574e-04,7.78877964e-03,9.04766188e-04,8.51529290e-03,9.32063120e-04,9.08083924e-03
9.28000000e+00,6.10174319e-04,4.83125632e-03,7.59948933e-04,6.66374741e-03,8.27013695e-04,7.68607473e-03,8.70516309e-04,8.40459825e-03,8.96780279e-04,8.96409422e-03
9.30000000e+00,5.86639686e-04,4.76388270e-03,7.30639218e-04,6.57412277e-03,7.95118256e-04,7.58477264e-03,8.36943660e-04,8.29539748e-03,8.62195065e-04,8.84891010e-03
9.32000000e+00,5.63570602e-04,4.69747459e-03,7.01909158e-04,6.48574287e-03,7.63853547e-04,7.48485348e-03,8.04034866e-04,8.18766959e-03,8.28293702e-04,8.73526511e-03
9.34000000e+00,5.40957867e-04,4.63201774e-03,6.73747302e-04,6.39858979e-03,7.33207109e-04,7.38629761e-03,7.71776814e-04,8.08139387e-03,7.95062685e-04,8.62313777e-03
9.36000000e+00,5.18792460e-04,4.56749811e-03,6.46142422e-04,6.31264589e-03,7.03166728e-04,7.28908571e-03,7.40156652e-04,7.97654995e-03,7.62488773e-04,8.51250696e-03
9.38000000e+00,4.97065540e-04,4.50390186e-03,6.19083514e-04,6.22789379e-03,6.73720433e-04,7.19319873e-03,7.09161780e-04,7.87311773e-03,7.30558989e-04,8.40335181e-03
9.40000000e+00,4.75768438e-04,4.44121537e-03,5.92559791e-04,6.14431639e-03,6.44856488e-04,7.09861792e-03,6.78779848e-04,7.77107741e-03,6.99260610e-04,8.29565181e-03
9.42000000e+00,4.54892659e-04,4.37942524e-03,5.66560678e-04,6.06189681e-03,6.16563387e-04,7.00532477e-03,6.48998746e-04,7.67040949e-03,6.68581164e-04,8.18938670e-03
9.44000000e+00,4.34429874e-04,4.31851825e-03,5.41075807e-04,5.98061844e-03,5.88829852e-04,6.91330109e-03,6.19806605e-04,7.57109475e-03,6.38508425e-04,8.08453655e-03
9.46000000e+00,4.14371919e-04,4.25848141e-03,5.16095019e-04,5.90046492e-03,5.61644828e-04,6.82252893e-03,5.91191792e-04,7.47311425e-03,6.09030408e-04,7.98108171e-03
9.48000000e+00,3.94710791e-04,4.19930191e-03,4.91608350e-04,5.82142014e-03,5.34997478e-04,6.73299060e-03,5.63142898e-04,7.37644933e-03,5.80135364e-04,7.87900281e-03
9.50000000e+00,3.75438644e-04,4.14096713e-03,4.67606037e-04,5.74346821e-03,5.08877176e-04,6.64466870e-03,5.35648745e-04,7.28108161e-03,5.51811776e-04,7.77828077e-03
9.52000000e+00,3.56547789e-04,4.08346465e-03,4.44078507e-04,5.66659349e-03,4.83273510e-04,6.55754605e-03,5.08698372e-04,7.18699295e-03,5.24048355e-04,7.67889677e-03
9.54000000e+00,3.38030688e-04,4.02678225e-03,4.21016376e-04,5.59078057e-03,4.58176270e-04,6.47160574e-03,4.82281033e-04,7.09416551e-03,4.96834032e-04,7.58083229e-03
9.56000000e+00,3.19879950e-04,3.97090788e-03,3.98410447e-04,5.51601427e-03,4.33575449e-04,6.38683112e-03,4.56386198e-04,7.00258169e-03,4.70157959e-04,7.48406906e-03
9.58000000e+00,3.02088333e-04,3.91582966e-03,3.76251704e-04,5.44227963e-03,4.09461236e-04,6.30320577e-03,4.31003540e-04,6.91222414e-03,4.44009500e-04,7.38858907e-03
9.60000000e+00,2.84648735e-04,3.86153593e-03,3.54531306e-04,5.36956192e-03,3.85824015e-04,6.22071351e-03,4.06122941e-04,6.82307580e-03,4.18378231e-04,7.29437459e-03
9.62000000e+00,2.67554197e-04,3.80801518e-03,3.33240590e-04,5.29784663e-03,3.62654359e-04,6.13933840e-03,3.81734477e-04,6.73511981e-03,3.93253931e-04,7.20140812e-03
9.64000000e+00,2.50797895e-04,3.75525606e-03,3.12371063e-04,5.22711945e-03,3.39943028e-04,6.05906473e-03,3.57828424e-04,6.64833958e-03,3.68626583e-04,7.10967245e-03
9.66000000e+00,2.34373142e-04,3.70324743e-03,2.91914399e-04,5.15736629e-03,3.17680963e-04,5.97987703e-03,3.34395248e-04,6.56271876e-03,3.44486366e-04,7.01915058e-03
9.68000000e+00,2.18273381e-04,3.65197829e-03,2.71862437e-04,5.08857328e-03,2.95859284e-04,5.90176006e-03,3.11425604e-04,6.47824124e-03,3.20823652e-04,6.92982578e-03
9.70000000e+00,2.02492186e-04,3.60143782e-03,2.52207176e-04,5.02072674e-03,2.74469287e-04,5.82469878e-03,2.88910330e-04,6.39489114e-03,2.97629006e-04,6.84168155e-03
9.72000000e+00,1.87023258e-04,3.55161536e-03,2.32940774e-04,4.95381320e-03,2.53502439e-04,5.74867839e-03,2.66840445e-04,6.31265280e-03,2.74893176e-04,6.75470164e-03
9.74000000e+00,1.71860420e-04,3.50250040e-03,2.14055544e-04,4.88781939e-03,2.32950376e-04,5.67368430e-03,2.45207148e-04,6.23151081e-03,2.52607095e-04,6.66887002e-03
9.76000000e+00,1.56997621e-04,3.45408260e-03,1.95543950e-04,4.82273223e-03,2.12804898e-04,5.59970213e-03,2.24001807e-04,6.15144996e-03,2.30761874e-04,6.58417089e-03
9.78000000e+00,1.42428926e-04,3.40635179e-03,1.77398605e-04,4.75853883e-03,1.93057969e-04,5.52671772e-03,2.03215965e-04,6.07245527e-03,2.09348798e-04,6.50058869e-03
9.80000000e+00,1.28148519e-04,3.35929792e-03,1.59612268e-04,4.69522650e-03,1.73701709e-04,5.45471709e-03,1.82841329e-04,5.99451197e-03,1.88359325e-04,6.41810808e-03
9.82000000e+00,1.14150698e-04,3.31291112e-03,1.42177841e-04,4.63278274e-03,1.54728396e-04,5.38368651e-03,1.62869770e-04,5.91760553e-03,1.67785084e-04,6.33671393e-03
9.84000000e+00,1.00429875e-04,3.26718165e-03,1.25088366e-04,4.57119521e-03,1.36130459e-04,5.31361240e-03,1.43293320e-04,5.84172159e-03,1.47617865e-04,6.25639134e-03
9.86000000e+00,8.69805717e-05,3.22209993e-03,1.08337022e-04,4.51045179e-03,1.17900476e-04,5.24448141e-03,1.24104170e-04,5.76684603e-03,1.27849623e-04,6.17712561e-03
9.88000000e+00,7.37974171e-05,3.17765652e-03,9.19171243e-05,4.45054051e-03,1.00031174e-04,5.17628038e-03,1.05294661e-04,5.69296491e-03,1.08472470e-04,6.09890227e-03
9.90000000e+00,6.08751475e-05,3.13384212e-03,7.58221180e-05,4.39144957e-03,8.25154199e-05,5.10899632e-03,8.68572888e-05,5.62006451e-03,8.94786764e-05,6.02170704e-03
9.92000000e+00,4.82086029e-05,3.09064758e-03,6.00455792e-05,4.33316737e-03,6.53462247e-05,5.04261646e-03,6.87846962e-05,5.54813130e-03,7.08606620e-05,5.94552585e-03
9.94000000e+00,3.57927252e-05,3.04806386e-03,4.45812104e-05,4.27568247e-03,4.85167360e-05,4.97712819e-03,5.10696710e-05,5.47715193e-03,5.26109979e-05,5.87034483e-03
9.96000000e+00,2.36225562e-05,3.00608208e-03,2.94228384e-05,4.21898359e-03,3.20202368e-05,4.91251909e-03,3.37051438e-05,5.40711326e-03,3.47224019e-05,5.79615032e-03
9.98000000e+00,1.16932359e-05,2.96469350e-03,1.45644122e-05,4.16305961e-03,1.58501428e-05,4.84877693e-03,1.66841845e-05,5.33800235e-03,1.71877352e-05,5.72292883e-03
1.00000000e+01,0.00000000e+00,2.92388948e-03,0.00000000e+00,4.10789959e-03,0.00000000e+00,4.78588964e-03,0.00000000e+00,5.26980641e-03,0.00000000e+00,5.65066708e-03
